Record_ID,State,District,Crop,Season,Year,Area_Hectares,Rainfall_mm,Temperature_C,Humidity_Percent,Soil_N,Soil_P,Soil_K,Soil_pH,Irrigation,Fertilizer_kg,Pesticide_Liters,Yield_Tons_Per_Hectare,Production_Tons,Market_Price_Per_Ton,Revenue
1,Punjab,Bathinda,Potato,Kharif,2022,97.02,387.13,21.12,48.58,123.94,64.1,109.13,5.07,Rainfed,235.87,2.06,5.86,568.54,1781.91,1013087.11
2,Andhra Pradesh,Kurnool,Tomato,Kharif,2020,2.58,975.75,35.2,77.42,21.59,94.8,88.86,6.35,Sprinkler,177.37,36.33,6.31,16.28,2231.78,36333.38
3,Haryana,Rohtak,Rice,Rabi,2025,40.12,611.91,33.11,63.38,88.12,12.82,127.92,6.57,Rainfed,157.52,73.91,3.78,151.65,2366.49,358878.21
4,Karnataka,Hassan,Potato,Rabi,2018,20.67,511.39,23.62,69.85,116.26,16.71,148.16,7.7,Canal,65.73,57.48,5.92,122.37,2027.81,248143.11
5,Kerala,Thrissur,Tomato,Rabi,2018,59.54,974.18,36.3,86.75,31.45,43.37,103.64,7.33,Canal,149.09,31.87,5.82,346.52,2349.06,813996.27
6,Uttar Pradesh,Kanpur,Millet,Kharif,2020,75.8,771.53,18.63,75.0,81.03,91.68,44.9,6.44,Rainfed,236.86,48.71,2.38,180.4,3279.52,591625.41
7,Karnataka,Mandya,Onion,Kharif,2023,90.78,924.76,27.13,52.01,125.99,39.19,27.09,6.25,Drip,72.43,35.31,5.45,494.75,1875.35,927829.41
8,Haryana,Rohtak,Onion,Rabi,2022,7.42,666.19,31.85,54.82,40.19,29.69,88.13,6.41,Sprinkler,241.36,21.64,5.77,42.81,2252.88,96445.79
9,Tamil Nadu,Salem,Rice,Kharif,2020,49.46,377.22,30.19,67.65,53.44,91.74,43.54,5.51,Rainfed,38.6,30.83,3.45,170.64,2435.05,415516.93
10,Karnataka,Bangalore,Rice,Kharif,2021,35.52,1587.54,28.16,78.27,59.12,29.82,109.56,7.83,Rainfed,236.32,33.01,4.41,156.64,2474.91,387669.9
11,Haryana,Karnal,Onion,Kharif,2019,24.94,686.91,36.49,88.25,99.2,83.55,87.73,6.85,Rainfed,148.41,70.85,4.24,105.75,2409.28,254781.36
12,Andhra Pradesh,Kurnool,Potato,Rabi,2025,94.07,1703.45,35.76,86.8,114.24,70.21,91.3,6.3,Drip,21.16,14.54,6.78,637.79,1875.7,1196302.7
13,Maharashtra,Nagpur,Onion,Kharif,2021,10.27,1419.74,22.74,57.9,97.96,86.43,102.07,6.99,Canal,166.36,21.54,5.99,61.52,2244.79,138099.48
14,Haryana,Rohtak,Wheat,Kharif,2023,5.32,1596.25,30.9,76.79,47.62,54.93,90.08,7.69,Rainfed,236.31,76.41,4.12,21.92,2574.45,56431.94
15,Andhra Pradesh,Kurnool,Onion,Kharif,2025,27.58,1158.44,24.62,70.4,137.64,16.78,52.8,5.67,Canal,58.98,45.43,5.15,142.04,2308.95,327963.26
16,Haryana,Hisar,Groundnut,Zaid,2019,30.35,783.83,23.08,56.24,121.84,22.3,109.25,6.93,Sprinkler,206.33,69.63,2.98,90.44,6783.88,613534.11
17,West Bengal,Kolkata,Cotton,Kharif,2021,58.25,1493.69,31.0,78.61,126.8,40.42,62.58,5.33,Canal,127.09,44.33,3.48,202.71,5594.39,1134038.8
18,Telangana,Warangal,Groundnut,Zaid,2023,20.24,1541.8,28.74,57.97,52.59,96.87,74.02,7.95,Canal,166.61,58.64,2.56,51.81,6910.98,358057.87
19,West Bengal,Nadia,Rice,Zaid,2020,18.16,338.03,26.78,44.32,135.52,85.24,107.44,6.43,Drip,121.74,20.7,4.82,87.53,2474.02,216550.97
20,Kerala,Kannur,Tomato,Zaid,2021,97.97,480.25,29.32,48.73,61.03,18.26,23.18,6.09,Borewell,129.06,9.63,5.59,547.65,2555.16,1399333.37
21,Punjab,Bathinda,Rice,Rabi,2023,50.6,1723.72,31.0,42.64,126.4,33.48,12.14,8.27,Borewell,177.31,50.04,5.2,263.12,2712.8,713791.94
22,Karnataka,Bangalore,Rice,Kharif,2022,10.98,879.15,28.91,91.78,135.34,91.48,37.41,5.24,Sprinkler,28.96,50.22,4.59,50.4,2322.71,117064.58
23,West Bengal,Burdwan,Millet,Rabi,2019,42.38,1044.06,24.81,54.34,103.15,41.35,141.13,5.14,Borewell,84.87,15.84,2.53,107.22,3590.03,384923.02
24,Telangana,Warangal,Rice,Zaid,2025,90.35,1587.62,24.82,91.19,71.48,77.58,115.64,5.36,Rainfed,210.09,26.96,4.69,423.74,2792.24,1183183.78
25,Tamil Nadu,Trichy,Onion,Zaid,2021,60.64,1315.15,25.1,92.62,77.9,54.37,21.66,5.32,Rainfed,174.68,60.69,4.94,299.56,1940.23,581215.3
26,West Bengal,Hooghly,Tomato,Rabi,2024,86.82,1118.87,19.12,80.54,104.7,97.18,106.32,7.93,Borewell,71.19,32.94,5.96,517.45,2905.41,1503404.4
27,Karnataka,Hassan,Sugarcane,Rabi,2020,71.11,1620.54,29.63,87.47,48.4,91.69,92.86,6.23,Canal,198.74,45.56,9.8,696.88,3111.22,2168146.99
28,Andhra Pradesh,Chittoor,Wheat,Rabi,2019,48.29,1534.19,32.82,82.2,109.31,71.29,43.25,6.4,Drip,219.78,19.44,5.15,248.69,2611.68,649498.7
29,Kerala,Kannur,Sugarcane,Zaid,2020,90.21,1244.1,37.39,68.77,103.49,50.91,97.86,7.05,Drip,230.51,76.78,9.93,895.79,3105.78,2782126.67
30,Kerala,Thrissur,Cotton,Rabi,2025,31.64,416.6,25.07,72.1,136.93,98.76,107.74,6.88,Rainfed,158.64,23.13,2.46,77.83,5828.0,453593.24
31,Andhra Pradesh,Chittoor,Groundnut,Rabi,2020,38.27,927.36,32.51,73.74,131.93,87.95,16.33,5.09,Drip,130.49,78.85,3.2,122.46,5727.77,701422.71
32,Tamil Nadu,Salem,Rice,Rabi,2018,55.99,384.56,26.3,55.04,123.77,83.16,149.96,8.49,Borewell,187.01,61.05,4.52,253.07,2357.39,596584.69
33,Kerala,Kochi,Rice,Zaid,2022,52.51,1307.55,30.12,52.58,94.18,42.23,25.9,7.35,Canal,139.64,68.47,5.37,281.98,2776.39,782886.45
34,Uttar Pradesh,Lucknow,Tomato,Zaid,2022,39.83,619.45,30.41,78.72,36.36,11.31,59.08,7.06,Canal,40.93,58.66,5.58,222.25,2604.02,578743.44
35,Tamil Nadu,Trichy,Tomato,Rabi,2020,62.46,989.02,31.95,83.81,121.05,79.2,19.27,5.16,Sprinkler,95.61,51.41,6.03,376.63,2237.77,842811.32
36,Punjab,Patiala,Groundnut,Kharif,2020,35.41,1759.67,35.49,68.34,92.23,30.15,125.05,6.21,Borewell,146.2,43.69,2.84,100.56,5652.66,568431.49
37,Karnataka,Mysore,Millet,Kharif,2020,28.41,1241.85,18.79,83.97,29.81,88.62,138.92,5.21,Drip,39.44,48.59,2.45,69.6,3520.24,245008.7
38,West Bengal,Murshidabad,Tomato,Rabi,2025,4.02,521.61,32.41,43.43,35.97,71.84,128.22,7.62,Sprinkler,122.9,43.54,5.92,23.8,2337.16,55624.41
39,Uttar Pradesh,Meerut,Millet,Zaid,2018,65.23,1103.0,34.81,44.91,47.99,40.86,76.36,6.24,Sprinkler,39.99,43.89,2.63,171.55,3003.24,515205.82
40,Andhra Pradesh,Krishna,Onion,Kharif,2023,23.31,666.53,35.99,73.42,79.79,39.73,140.72,5.03,Rainfed,215.69,8.86,4.77,111.19,2490.52,276920.92
41,Haryana,Karnal,Tomato,Zaid,2020,97.53,1795.88,18.36,78.33,127.59,61.84,138.44,5.02,Canal,208.8,58.04,6.84,667.11,2858.76,1907107.38
42,Kerala,Thrissur,Groundnut,Zaid,2021,48.63,472.26,28.15,53.33,93.27,35.98,91.37,5.54,Canal,156.59,30.8,3.26,158.53,5852.16,927742.92
43,Kerala,Thrissur,Wheat,Kharif,2025,35.54,1322.25,34.2,54.01,111.23,63.61,76.02,6.44,Drip,215.67,60.19,5.24,186.23,2633.02,490347.31
44,Karnataka,Belgaum,Maize,Zaid,2018,17.26,1562.74,32.82,71.6,36.77,81.57,38.23,5.57,Borewell,74.21,51.43,4.8,82.85,2218.73,183821.78
45,Uttar Pradesh,Meerut,Millet,Kharif,2019,23.99,865.42,34.33,64.15,75.52,37.12,114.67,6.76,Drip,110.04,43.48,1.93,46.3,2899.46,134245.0
46,Andhra Pradesh,Krishna,Cotton,Zaid,2024,74.65,1640.84,30.4,69.34,114.63,23.65,53.64,5.87,Rainfed,151.07,61.47,3.2,238.88,7519.64,1796291.6
47,Tamil Nadu,Salem,Cotton,Kharif,2025,60.25,1109.79,30.08,67.63,78.36,46.81,118.06,5.04,Rainfed,144.83,21.64,2.43,146.41,7591.73,1111505.19
48,Maharashtra,Nashik,Millet,Kharif,2025,92.33,327.17,28.12,73.63,124.65,93.89,89.12,7.44,Sprinkler,197.39,31.21,2.43,224.36,2622.37,588354.93
49,Andhra Pradesh,Chittoor,Potato,Kharif,2023,31.83,653.86,36.21,46.75,39.86,26.77,127.25,6.16,Canal,155.99,33.12,6.38,203.08,2035.8,413430.26
50,Kerala,Thrissur,Onion,Zaid,2024,4.25,1684.44,26.29,87.49,75.88,53.28,138.58,7.05,Canal,52.4,15.76,5.37,22.82,2253.74,51430.35
51,Maharashtra,Satara,Potato,Kharif,2018,56.17,630.15,33.61,55.27,45.52,56.37,146.58,6.61,Rainfed,143.07,16.39,5.12,287.59,1780.31,511999.35
52,Andhra Pradesh,Nellore,Potato,Zaid,2023,45.88,354.82,22.1,50.49,76.65,60.84,19.2,7.71,Sprinkler,142.92,39.52,6.01,275.74,1843.12,508221.91
53,Andhra Pradesh,Kurnool,Rice,Kharif,2024,71.88,706.12,36.92,60.53,97.28,46.79,13.55,5.55,Borewell,113.84,45.03,4.01,288.24,2464.63,710404.95
54,Haryana,Karnal,Sugarcane,Zaid,2020,40.32,449.16,31.05,53.1,49.18,75.0,129.8,7.91,Borewell,52.45,33.7,6.9,278.21,3371.89,938093.52
55,Karnataka,Mandya,Tomato,Kharif,2024,34.25,1614.67,34.96,46.75,97.15,73.36,137.49,7.19,Sprinkler,103.5,4.67,6.5,222.62,2802.11,623805.73
56,Uttar Pradesh,Kanpur,Sugarcane,Zaid,2021,48.99,471.36,37.49,82.89,87.89,98.68,75.95,5.64,Drip,81.8,44.25,8.18,400.74,3751.01,1503179.75
57,Punjab,Amritsar,Groundnut,Rabi,2020,81.69,1650.86,26.43,47.28,102.95,71.49,125.16,6.85,Drip,83.03,45.23,3.28,267.94,5349.04,1433221.78
58,West Bengal,Burdwan,Onion,Zaid,2023,77.32,1249.65,32.64,53.79,79.31,61.6,127.33,6.42,Sprinkler,58.25,59.57,5.39,416.75,1933.75,805890.31
59,Telangana,Nalgonda,Millet,Kharif,2022,95.45,1673.27,34.74,64.05,106.58,64.94,142.9,6.39,Borewell,131.26,23.05,2.3,219.53,3433.61,753780.4
60,Tamil Nadu,Coimbatore,Wheat,Kharif,2019,8.52,827.31,27.48,58.94,69.54,73.44,93.76,6.61,Sprinkler,203.87,56.19,4.64,39.53,2079.55,82204.61
61,Karnataka,Belgaum,Maize,Kharif,2021,76.08,1485.02,34.15,92.92,102.87,56.92,22.14,8.35,Borewell,194.58,58.48,5.41,411.59,2215.74,911976.43
62,West Bengal,Kolkata,Millet,Zaid,2025,30.44,570.86,32.11,90.89,88.15,92.39,14.75,7.44,Sprinkler,117.01,64.04,2.34,71.23,3332.32,237361.15
63,Telangana,Nalgonda,Wheat,Zaid,2019,44.66,847.05,30.89,75.76,87.28,53.3,133.9,6.86,Rainfed,151.66,64.71,4.1,183.11,2438.15,446449.65
64,Tamil Nadu,Salem,Millet,Rabi,2019,99.8,331.9,18.49,87.86,124.96,57.6,141.47,7.8,Rainfed,32.12,8.91,1.85,184.63,2589.48,478095.69
65,Uttar Pradesh,Varanasi,Onion,Rabi,2023,30.33,1406.37,26.36,63.17,48.65,19.94,59.65,6.01,Borewell,29.68,3.39,4.84,146.8,2165.93,317958.52
66,Haryana,Panipat,Millet,Kharif,2022,74.59,1773.5,23.18,72.37,126.1,64.07,136.52,8.46,Rainfed,73.28,75.53,2.24,167.08,3232.13,540024.28
67,Kerala,Palakkad,Millet,Zaid,2019,52.31,1735.91,25.68,42.02,119.14,82.07,98.17,5.76,Rainfed,248.83,15.56,2.87,150.13,3280.82,492549.51
68,Haryana,Rohtak,Maize,Rabi,2022,13.82,1189.41,22.48,69.53,89.61,18.23,132.84,5.93,Drip,30.21,68.47,4.81,66.47,1638.56,108915.08
69,Haryana,Karnal,Sugarcane,Zaid,2020,11.84,307.62,23.63,53.9,103.49,14.39,84.56,8.37,Rainfed,37.51,68.39,4.89,57.9,3700.7,214270.53
70,West Bengal,Nadia,Potato,Rabi,2025,71.13,1617.94,29.31,54.69,115.69,69.26,129.08,8.04,Canal,74.9,74.55,6.8,483.68,1596.68,772282.18
71,Maharashtra,Kolhapur,Tomato,Kharif,2020,1.11,1618.61,37.23,65.6,20.62,83.8,42.01,8.18,Sprinkler,211.39,41.58,7.02,7.79,2677.84,20860.37
72,Karnataka,Belgaum,Potato,Kharif,2020,75.62,327.64,20.57,55.58,71.87,85.61,64.9,5.63,Rainfed,59.96,62.13,4.76,359.95,2126.8,765541.66
73,Tamil Nadu,Trichy,Groundnut,Kharif,2019,65.11,412.04,27.47,43.19,122.29,99.11,104.65,6.56,Rainfed,194.4,3.92,2.7,175.8,6317.09,1110544.42
74,West Bengal,Hooghly,Wheat,Kharif,2021,68.37,545.44,26.52,64.83,115.38,72.43,40.91,5.29,Canal,82.85,76.17,3.88,265.28,1986.31,526928.32
75,Kerala,Kannur,Cotton,Rabi,2020,65.52,914.0,23.48,94.12,127.29,30.7,39.83,5.11,Rainfed,149.43,38.78,2.32,152.01,5988.42,910299.72
76,Kerala,Palakkad,Wheat,Zaid,2020,60.23,1667.75,33.94,56.18,136.1,26.69,74.69,5.0,Rainfed,76.93,45.56,3.66,220.44,2043.67,450506.61
77,Maharashtra,Satara,Sugarcane,Rabi,2025,72.47,524.37,26.66,94.14,75.75,71.24,65.38,8.41,Canal,179.85,69.09,8.14,589.91,3271.51,1929896.46
78,Uttar Pradesh,Varanasi,Cotton,Kharif,2019,36.42,408.62,33.52,91.77,84.11,89.43,21.55,7.89,Sprinkler,244.82,17.67,3.28,119.46,7102.02,848407.31
79,Karnataka,Mandya,Tomato,Kharif,2025,87.23,347.38,30.73,78.86,132.35,14.68,85.78,7.48,Sprinkler,163.82,63.11,5.93,517.27,2703.22,1398294.61
80,Telangana,Warangal,Groundnut,Rabi,2024,87.31,1397.38,30.87,68.95,29.8,15.43,44.59,5.56,Sprinkler,95.67,38.67,3.26,284.63,6440.89,1833270.52
81,Punjab,Jalandhar,Tomato,Zaid,2021,68.34,642.68,29.11,79.56,139.56,97.73,101.05,5.7,Borewell,116.23,17.88,5.8,396.37,2965.68,1175506.58
82,West Bengal,Burdwan,Potato,Kharif,2021,40.16,1057.27,32.71,82.22,85.2,56.26,92.33,5.1,Rainfed,220.89,72.25,6.19,248.59,1795.68,446388.09
83,West Bengal,Nadia,Maize,Rabi,2023,60.58,998.72,25.18,61.11,120.32,31.22,118.64,6.42,Sprinkler,74.63,77.77,5.01,303.51,1942.36,589525.68
84,Maharashtra,Kolhapur,Potato,Zaid,2018,59.25,1278.18,31.25,45.24,57.46,45.91,130.12,5.03,Rainfed,50.1,77.65,5.25,311.06,1815.89,564850.74
85,West Bengal,Nadia,Groundnut,Rabi,2025,17.54,1543.33,28.4,58.54,71.71,,96.4,7.47,Rainfed,107.25,49.23,2.45,42.97,6517.03,280036.78
86,Haryana,Panipat,Potato,Zaid,2024,64.36,351.28,29.16,69.69,138.4,21.07,42.36,5.18,Canal,124.01,74.84,5.64,362.99,1729.18,627675.05
87,Tamil Nadu,Coimbatore,Millet,Kharif,2019,49.4,1727.72,37.3,40.27,96.69,88.11,73.66,6.8,Rainfed,142.42,11.81,2.25,111.15,2720.5,302383.58
88,Kerala,Kochi,Tomato,Kharif,2025,25.17,682.96,22.69,92.98,99.4,98.08,62.4,5.06,Sprinkler,219.85,46.51,6.69,168.39,2151.59,362306.24
89,Haryana,Karnal,Cotton,Kharif,2018,5.77,890.8,22.31,76.24,98.15,19.59,102.1,8.5,Drip,219.28,79.48,3.48,20.08,6181.76,124129.74
90,Telangana,Warangal,Groundnut,Rabi,2021,54.9,1443.43,31.35,84.43,115.74,49.2,124.5,5.42,Drip,95.53,51.16,3.0,164.7,6167.96,1015863.01
91,Kerala,Palakkad,Onion,Kharif,2018,50.54,322.0,28.91,64.44,90.45,25.16,99.96,7.66,Borewell,218.57,42.49,5.14,259.78,2132.76,554048.39
92,Kerala,Thrissur,Sugarcane,Zaid,2021,43.66,1124.12,27.53,61.69,109.63,74.39,82.97,7.88,Borewell,226.55,20.99,9.21,402.11,4110.62,1652921.41
93,Telangana,Khammam,Groundnut,Zaid,2019,9.87,1084.63,21.33,73.95,100.41,93.66,84.52,7.03,Sprinkler,111.98,78.18,2.77,27.34,5180.14,141625.03
94,West Bengal,Burdwan,Tomato,Zaid,2025,53.12,1676.63,33.87,50.19,70.94,17.83,124.2,6.31,Canal,20.59,51.76,6.21,329.88,2575.78,849698.31
95,Uttar Pradesh,Kanpur,Onion,Zaid,2019,73.46,1658.84,21.5,59.84,112.39,60.1,45.79,6.06,Rainfed,117.46,54.07,4.81,353.34,2217.86,783658.65
96,Karnataka,Hassan,Rice,Zaid,2021,23.96,443.57,35.26,51.92,22.84,67.78,94.99,6.91,Borewell,156.73,40.75,4.08,97.76,2869.74,280545.78
97,Andhra Pradesh,Chittoor,Wheat,Zaid,2019,58.26,1338.65,26.56,79.47,138.95,21.56,24.58,7.54,Borewell,38.27,8.68,3.66,213.23,2143.35,457026.52
98,Telangana,Khammam,Rice,Rabi,2021,33.97,1110.02,34.01,52.85,125.61,68.58,84.61,6.14,Sprinkler,248.65,53.62,5.26,178.68,2508.54,448225.93
99,Karnataka,Belgaum,Potato,Rabi,2021,82.36,1252.44,19.78,92.89,110.58,25.34,67.33,6.48,Rainfed,99.94,53.86,5.38,443.1,1626.02,720489.46
100,Kerala,Kollam,Potato,Kharif,2018,16.77,685.57,31.43,45.11,114.55,87.82,95.19,6.77,Borewell,28.32,25.64,5.43,91.06,1695.76,154415.91
101,Karnataka,Mysore,Sugarcane,Rabi,2020,78.84,1537.93,22.78,68.03,53.56,94.81,132.27,5.57,Rainfed,215.83,18.26,7.98,629.14,4050.52,2548344.15
102,Maharashtra,Nagpur,Tomato,Rabi,2018,57.94,530.69,24.45,41.26,46.83,96.16,90.23,8.26,Borewell,218.26,73.98,6.49,376.03,2551.18,959320.22
103,Maharashtra,Satara,Cotton,Zaid,2020,55.4,851.3,25.97,48.05,28.18,12.32,28.92,8.37,Rainfed,91.72,41.48,2.14,118.56,6982.88,827890.25
104,Karnataka,Belgaum,Tomato,Zaid,2024,98.38,989.7,19.23,82.94,26.98,99.54,18.09,7.43,Canal,59.25,7.82,5.51,542.07,2809.86,1523140.81
105,Andhra Pradesh,Kurnool,Rice,Zaid,2025,88.77,759.38,34.28,73.84,94.87,57.43,69.65,5.46,Borewell,101.47,42.99,3.95,350.64,2365.15,829316.2
106,Kerala,Thrissur,Sugarcane,Rabi,2023,97.61,505.66,23.2,81.82,84.24,29.37,11.7,5.84,Sprinkler,34.86,5.33,7.04,687.17,3429.98,2356979.36
107,Tamil Nadu,Trichy,Sugarcane,Zaid,2022,46.49,787.01,27.76,48.25,108.48,52.84,62.62,6.38,Borewell,239.93,12.39,8.97,417.02,4129.97,1722280.09
108,Karnataka,Belgaum,Rice,Rabi,2019,61.78,992.22,18.77,89.6,96.46,69.34,135.32,7.23,Rainfed,123.64,70.83,3.73,230.44,2128.78,490556.06
109,Tamil Nadu,Salem,Potato,Kharif,2025,35.97,408.13,19.7,79.4,28.55,11.09,143.91,7.58,Rainfed,100.43,62.42,4.63,166.54,1639.69,273073.97
110,Kerala,Kannur,Groundnut,Rabi,2023,2.03,1648.35,19.65,68.31,113.9,30.51,146.64,7.34,Rainfed,161.45,62.42,2.62,5.32,6237.13,33181.53
111,West Bengal,Hooghly,Millet,Kharif,2021,13.68,1202.82,23.86,93.9,89.89,77.33,123.65,7.3,Drip,233.46,19.52,2.73,37.35,3011.38,112475.04
112,Uttar Pradesh,Kanpur,Groundnut,Rabi,2021,84.8,1630.39,20.43,50.86,97.5,35.73,124.23,8.01,Drip,145.12,51.61,2.61,221.33,5378.76,1190480.95
113,Haryana,Panipat,Groundnut,Rabi,2020,49.35,1391.92,23.39,69.68,32.95,71.68,22.86,8.38,Rainfed,188.54,44.29,2.47,121.89,5534.02,674541.7
114,Andhra Pradesh,Chittoor,Tomato,Zaid,2018,10.82,992.34,33.22,48.8,21.12,32.2,111.7,8.47,Sprinkler,171.24,26.25,6.98,75.52,2774.55,209534.02
115,Punjab,Patiala,Wheat,Kharif,2025,95.85,307.84,33.68,70.48,111.32,13.18,114.4,5.71,Drip,176.03,60.99,4.31,413.11,2256.58,932215.76
116,West Bengal,Murshidabad,Cotton,Rabi,2025,18.95,1294.56,22.34,47.58,20.23,26.05,14.07,5.58,Borewell,41.39,47.88,3.05,57.8,6619.21,382590.34
117,Andhra Pradesh,Chittoor,Millet,Zaid,2021,8.63,1314.7,29.21,73.19,116.6,34.28,125.51,6.74,Borewell,191.56,78.59,2.8,24.16,3096.31,74806.85
118,Telangana,Hyderabad,Tomato,Kharif,2019,64.12,1502.05,25.43,43.44,111.99,76.03,51.92,5.61,Rainfed,200.7,11.23,5.72,366.77,2483.67,910935.65
119,Punjab,Amritsar,Millet,Kharif,2018,93.03,547.94,29.31,93.88,104.03,62.72,92.11,7.44,Canal,236.36,22.23,2.88,267.93,3434.03,920079.66
120,Kerala,Kollam,Rice,Kharif,2019,1.7,1246.76,36.75,78.83,25.98,91.35,137.31,7.73,Drip,56.55,49.6,4.68,7.96,2153.7,17143.45
121,Telangana,Hyderabad,Cotton,Kharif,2023,37.75,354.43,23.65,42.45,53.09,34.81,120.2,8.41,Sprinkler,214.3,22.91,3.23,121.93,5630.79,686562.22
122,Karnataka,Mandya,Onion,Kharif,2021,88.33,429.64,24.3,82.45,48.41,75.92,86.76,5.45,Borewell,32.02,34.67,4.33,382.47,2070.32,791835.29
123,Uttar Pradesh,Meerut,Millet,Kharif,2019,19.12,586.79,20.9,79.88,60.59,37.78,142.59,8.39,Drip,54.79,19.57,2.44,46.65,3139.28,146447.41
124,Tamil Nadu,Salem,Wheat,Rabi,2020,94.62,1115.31,19.35,78.93,29.81,51.25,77.86,5.58,Drip,173.88,38.06,4.53,428.63,2187.06,937439.53
125,Punjab,Bathinda,Potato,Zaid,2025,54.94,1767.09,20.24,59.58,115.28,54.75,57.57,8.05,Rainfed,194.05,42.51,6.49,356.56,2084.14,743120.96
126,Uttar Pradesh,Kanpur,Millet,Kharif,2024,45.72,815.49,29.05,45.18,53.89,45.17,121.77,6.3,Canal,107.5,62.5,2.29,104.7,3562.7,373014.69
127,Haryana,Panipat,Millet,Kharif,2021,56.22,1264.01,23.53,57.18,43.5,90.73,82.83,6.57,Sprinkler,92.86,68.86,2.42,136.05,3582.7,487426.34
128,Tamil Nadu,Trichy,Rice,Zaid,2025,12.65,1530.57,25.27,80.29,57.58,81.87,145.49,8.0,Canal,136.2,77.44,5.22,66.03,2390.92,157872.45
129,Punjab,Jalandhar,Sugarcane,Rabi,2022,3.91,1769.67,24.46,94.84,98.74,21.68,106.16,5.33,Rainfed,224.76,8.19,8.06,31.51,4026.27,126867.77
130,Telangana,Warangal,Groundnut,Zaid,2021,34.19,1532.46,24.29,65.91,75.11,42.2,79.19,7.9,Sprinkler,76.2,10.81,2.89,98.81,5106.97,504619.71
131,Tamil Nadu,Salem,Maize,Rabi,2018,84.53,1220.67,32.79,50.52,72.26,61.95,113.33,7.82,Canal,165.85,11.85,5.04,426.03,2071.41,882482.8
132,Punjab,Amritsar,Cotton,Kharif,2025,76.55,810.57,19.45,44.24,123.97,29.4,60.45,5.24,Borewell,170.23,75.19,3.36,257.21,7506.99,1930872.9
133,Punjab,Amritsar,Maize,Kharif,2024,86.59,1306.1,23.21,89.9,87.25,19.99,72.59,6.61,Canal,114.94,64.58,4.98,431.22,1895.26,817274.02
134,West Bengal,Kolkata,Maize,Rabi,2020,53.73,1559.19,34.52,78.46,137.82,65.92,88.29,7.2,Canal,220.73,10.78,5.85,314.32,2082.95,654712.84
135,Telangana,Hyderabad,Onion,Kharif,2025,87.85,411.36,23.68,85.35,47.16,75.72,93.83,5.23,Sprinkler,173.6,48.27,5.29,464.73,2481.83,1153380.86
136,Andhra Pradesh,Nellore,Wheat,Kharif,2024,86.99,630.34,31.18,53.88,78.6,76.38,83.53,5.11,Sprinkler,222.17,46.6,4.5,391.45,2268.43,887976.92
137,Haryana,Panipat,Groundnut,Rabi,2024,64.32,547.24,20.75,58.74,40.47,95.33,72.33,7.76,Rainfed,43.97,31.99,2.45,157.58,6859.58,1080932.62
138,Karnataka,Bangalore,Tomato,Kharif,2018,24.65,1637.22,23.38,62.38,20.35,13.58,94.57,8.18,Sprinkler,243.45,27.85,7.17,176.74,2546.79,450119.66
139,Haryana,Rohtak,Cotton,Kharif,2022,44.42,374.25,28.74,86.98,120.0,85.95,49.89,6.62,Sprinkler,87.5,74.68,2.69,119.49,6928.83,827925.9
140,Haryana,Ambala,Maize,Zaid,2024,39.6,1313.13,29.5,41.63,25.38,50.55,140.12,5.58,Canal,114.53,72.79,5.06,200.38,2089.83,418760.14
141,Tamil Nadu,Salem,Millet,Zaid,2021,68.97,1254.6,34.42,40.09,26.14,33.18,18.33,7.11,Sprinkler,173.02,64.43,2.39,164.84,3176.14,523554.92
142,Haryana,Panipat,Rice,Kharif,2021,2.0,1712.59,19.6,59.51,100.23,71.08,60.67,7.08,Sprinkler,51.94,11.03,4.86,9.72,2169.63,21088.8
143,Andhra Pradesh,Kurnool,Groundnut,Zaid,2022,49.11,1100.95,36.05,43.65,37.06,11.05,69.08,6.03,Borewell,111.85,72.99,2.33,114.43,5877.21,672529.14
144,Haryana,Karnal,Groundnut,Kharif,2023,39.04,416.42,35.04,62.21,85.1,87.56,92.64,5.79,Canal,217.24,73.5,2.89,112.83,5804.9,654966.87
145,Haryana,Rohtak,Millet,Zaid,2018,76.43,1088.72,18.55,61.61,81.4,24.91,100.4,5.16,Rainfed,98.15,42.34,2.29,175.02,3175.79,555826.77
146,Tamil Nadu,Salem,Potato,Rabi,2025,51.04,981.0,22.36,94.34,102.59,22.65,77.98,5.1,Canal,51.23,9.75,6.0,306.24,1661.58,508842.26
147,West Bengal,Nadia,Wheat,Rabi,2020,44.97,495.07,20.94,66.83,120.26,43.34,62.47,6.66,Sprinkler,210.14,78.75,4.01,180.33,2132.1,384481.59
148,Telangana,Khammam,Sugarcane,Kharif,2018,18.54,670.36,28.65,49.26,120.63,42.06,125.75,7.48,Borewell,98.76,23.08,7.4,137.2,4158.86,570595.59
149,Punjab,Bathinda,Maize,Kharif,2021,30.75,525.78,29.66,94.98,118.01,28.66,119.53,7.57,Drip,202.28,37.99,5.33,163.9,2181.95,357621.6
150,Kerala,Kollam,Groundnut,Zaid,2024,13.36,1383.21,37.28,90.02,84.01,88.3,28.29,7.77,Drip,176.57,38.41,3.17,42.35,4999.96,211748.31
151,Maharashtra,Pune,Maize,Zaid,2019,76.42,1595.32,37.62,66.59,90.65,43.78,50.01,5.71,Canal,137.59,40.4,5.55,424.13,2267.19,961583.29
152,Karnataka,Belgaum,Maize,Zaid,2024,30.55,1014.73,29.83,84.36,139.53,15.35,10.44,7.24,Canal,91.74,21.97,4.87,148.78,1635.48,243326.71
153,Punjab,Ludhiana,Groundnut,Kharif,2023,21.86,501.65,32.45,78.09,55.93,42.28,122.62,5.98,Drip,202.48,79.26,2.83,61.86,6214.8,384447.53
154,Kerala,Kannur,Potato,Kharif,2021,41.35,1568.88,31.17,82.14,93.63,17.97,78.27,5.27,Canal,100.23,10.66,6.79,280.77,2039.19,572543.38
155,Karnataka,Hassan,Maize,Zaid,2023,40.88,1050.94,23.99,44.23,115.34,73.64,17.03,5.26,Rainfed,218.58,33.3,4.39,179.46,1792.0,321592.32
156,Maharashtra,Satara,Tomato,Kharif,2024,88.98,1768.47,22.52,75.23,,42.2,100.69,5.43,Sprinkler,154.75,50.73,6.85,609.51,2187.8,1333485.98
157,Karnataka,Mandya,Cotton,Kharif,2025,88.32,479.93,23.8,70.98,130.02,74.86,66.2,5.56,Sprinkler,186.0,23.18,3.01,265.84,5955.06,1583093.15
158,West Bengal,Hooghly,Groundnut,Rabi,2018,36.66,305.73,19.25,86.16,49.62,76.68,54.28,5.36,Canal,149.95,69.59,2.41,88.35,6090.77,538119.53
159,Karnataka,Bangalore,Maize,Kharif,2023,70.68,433.93,25.55,93.02,102.44,54.44,64.27,7.21,Sprinkler,52.0,21.83,4.4,310.99,1800.16,559831.76
160,Tamil Nadu,Trichy,Onion,Rabi,2018,43.84,1266.22,20.11,83.0,25.78,42.4,143.95,6.75,Sprinkler,165.92,62.12,5.77,252.96,1872.22,473596.77
161,Punjab,Amritsar,Wheat,Kharif,2022,75.65,856.74,26.32,79.58,124.37,75.74,100.68,7.79,Borewell,87.92,12.65,4.34,328.32,2113.03,693750.01
162,Kerala,Kollam,Potato,Rabi,2023,10.89,364.51,29.58,44.69,100.02,84.1,119.48,6.9,Sprinkler,23.38,31.57,6.0,65.34,1742.53,113856.91
163,Maharashtra,Pune,Cotton,Rabi,2019,5.12,795.36,18.63,80.49,128.73,34.0,111.48,8.07,Sprinkler,175.83,26.33,3.44,17.61,6710.95,118179.83
164,West Bengal,Murshidabad,Groundnut,Kharif,2019,52.28,480.31,33.4,84.39,51.87,11.58,51.06,7.71,Rainfed,167.63,46.51,2.28,119.2,6083.23,725121.02
165,Kerala,Kollam,Tomato,Zaid,2020,7.5,1474.8,18.47,89.42,113.65,,65.72,6.06,Drip,235.6,49.06,7.35,55.12,2712.69,149523.47
166,Telangana,Warangal,Potato,Kharif,2024,20.39,1116.72,33.7,94.52,135.53,16.8,61.2,5.79,Sprinkler,226.1,68.08,7.49,152.72,1728.54,263982.63
167,Andhra Pradesh,Nellore,Sugarcane,Zaid,2024,71.06,817.79,31.48,54.29,130.1,36.15,75.8,8.12,Sprinkler,178.72,74.59,8.41,597.61,3029.59,1810513.28
168,Tamil Nadu,Madurai,Groundnut,Zaid,2019,55.11,1319.43,22.84,67.53,29.15,34.72,122.98,6.61,Borewell,125.48,45.75,2.65,146.04,6683.84,976107.99
169,Haryana,Panipat,Rice,Kharif,2025,41.26,887.79,37.9,69.0,99.09,19.8,99.12,6.74,Canal,245.66,46.42,4.95,204.24,2538.59,518481.62
170,Punjab,Ludhiana,Millet,Rabi,2021,39.89,832.56,34.59,80.27,103.8,45.57,143.41,8.38,Sprinkler,129.69,58.03,2.07,82.57,2809.71,231997.75
171,Tamil Nadu,Coimbatore,Tomato,Kharif,2020,55.65,1582.81,37.2,82.0,92.37,85.19,119.82,6.32,Canal,30.59,65.03,6.01,334.46,2832.24,947270.99
172,Maharashtra,Satara,Onion,Kharif,2020,51.76,1652.07,35.89,40.02,38.46,99.11,143.68,6.73,Drip,166.15,9.08,6.01,311.08,1895.12,589533.93
173,Andhra Pradesh,Guntur,Tomato,Zaid,2019,19.97,676.5,25.14,83.32,87.69,42.27,101.93,5.84,Borewell,244.11,4.15,6.57,131.2,2325.11,305054.43
174,Tamil Nadu,Thanjavur,Groundnut,Rabi,2025,28.97,1172.43,23.65,92.28,72.39,62.21,82.34,7.66,Rainfed,118.92,72.49,2.42,70.11,6647.07,466026.08
175,Kerala,Kannur,Cotton,Zaid,2019,63.97,606.69,35.78,69.95,50.64,36.61,93.13,5.11,Canal,35.87,75.38,1.96,125.38,7369.75,924019.26
176,Haryana,Ambala,Cotton,Rabi,2022,4.72,527.39,33.42,76.01,125.11,58.52,49.55,6.49,Borewell,196.08,2.0,3.12,14.73,6472.69,95342.72
177,Maharashtra,Satara,Onion,Rabi,2025,23.21,755.91,22.52,56.73,47.65,10.13,112.11,8.38,Rainfed,190.64,68.18,4.08,94.7,2120.48,200809.46
178,Uttar Pradesh,Agra,Maize,Rabi,2018,66.44,1510.04,25.42,89.61,138.18,77.88,65.05,7.07,Canal,115.33,60.8,5.22,346.82,1628.75,564883.07
179,Karnataka,Mysore,Rice,Zaid,2025,51.87,1202.33,18.85,54.59,55.59,74.3,116.26,5.36,Drip,59.58,77.85,4.44,230.3,2191.36,504670.21
180,Punjab,Patiala,Groundnut,Kharif,2024,34.23,1592.54,31.89,80.09,52.89,82.64,37.33,6.21,Rainfed,56.19,11.27,2.15,73.59,6482.38,477038.34
181,Punjab,Amritsar,Rice,Zaid,2019,70.67,1401.67,21.26,83.24,66.12,12.27,127.46,5.04,Sprinkler,120.66,20.33,5.11,361.12,2499.0,902438.88
182,Tamil Nadu,Coimbatore,Sugarcane,Kharif,2022,86.66,568.88,32.37,87.45,116.0,59.74,65.52,5.46,Rainfed,175.75,50.75,7.12,617.02,3362.77,2074896.35
183,Maharashtra,Nagpur,Onion,Kharif,2025,6.13,1157.62,23.01,74.37,119.94,91.55,11.7,7.36,Drip,24.55,32.47,5.19,31.81,2589.95,82386.31
184,Kerala,Kochi,Sugarcane,Rabi,2025,94.5,949.15,33.68,55.72,102.25,39.92,17.92,6.31,Borewell,200.52,59.21,8.17,772.06,3117.33,2406765.8
185,Punjab,Patiala,Groundnut,Kharif,2025,11.21,1711.91,37.81,57.89,129.77,11.03,73.02,8.42,Sprinkler,46.06,33.48,2.9,32.51,5788.14,188172.43
186,Tamil Nadu,Trichy,Tomato,Zaid,2020,8.62,702.8,22.11,66.57,54.5,69.11,145.6,7.11,Borewell,232.87,7.33,6.66,57.41,2501.58,143615.71
187,Telangana,Karimnagar,Maize,Zaid,2024,58.77,1355.69,29.07,75.29,,60.73,73.1,7.35,Canal,82.35,48.62,4.94,290.32,2005.74,582306.44
188,Karnataka,Mysore,Rice,Kharif,2022,67.57,975.38,29.66,53.92,134.91,45.91,127.57,5.66,Drip,134.55,59.94,5.2,351.36,2314.72,813300.02
189,Telangana,Nalgonda,Sugarcane,Zaid,2018,64.13,951.6,26.68,54.23,106.81,10.81,92.52,7.15,Sprinkler,181.2,17.91,9.21,590.64,3036.27,1793342.51
190,Telangana,Hyderabad,Onion,Rabi,2022,37.85,832.29,19.54,90.11,70.97,29.38,93.59,7.08,Sprinkler,223.54,31.9,5.87,222.18,2250.0,499905.0
191,Haryana,Rohtak,Millet,Rabi,2018,34.03,737.24,23.07,94.32,112.49,48.47,38.87,7.8,Rainfed,104.74,71.84,2.21,75.21,3027.06,227665.18
192,West Bengal,Nadia,Groundnut,Rabi,2025,3.17,1704.42,26.85,75.71,27.68,84.23,50.93,6.55,Rainfed,155.75,33.8,2.62,8.31,5883.14,48888.89
193,Haryana,Panipat,Rice,Zaid,2020,66.76,690.35,26.19,76.03,39.14,24.44,19.87,5.65,Canal,207.25,55.44,4.65,310.43,2300.24,714063.5
194,Haryana,Hisar,Tomato,Kharif,2022,63.59,1608.95,32.85,44.21,119.37,29.45,123.31,7.75,Drip,136.3,75.41,6.94,441.31,2891.78,1276171.43
195,Kerala,Kannur,Onion,Rabi,2020,42.04,1082.4,34.58,59.19,115.34,89.59,58.27,6.62,Drip,56.88,54.54,5.54,232.9,2046.79,476697.39
196,Punjab,Jalandhar,Rice,Zaid,2025,73.51,1484.15,35.26,69.25,55.61,58.72,58.33,6.45,Canal,75.55,29.63,4.36,320.5,2128.49,682181.04
197,Telangana,Warangal,Onion,Rabi,2021,98.64,665.59,24.22,49.18,52.11,40.21,114.91,7.0,Drip,115.63,35.46,5.85,577.04,2410.65,1391041.48
198,Tamil Nadu,Salem,Wheat,Rabi,2020,44.47,333.21,28.93,71.65,133.41,72.7,79.4,8.27,Sprinkler,137.83,10.91,4.23,188.11,2458.9,462543.68
199,Andhra Pradesh,Krishna,Rice,Zaid,2022,71.75,1585.96,33.53,73.62,100.79,46.73,133.99,5.78,Drip,188.2,56.39,5.6,401.8,2774.3,1114713.74
200,Uttar Pradesh,Agra,Maize,Rabi,2018,65.13,1530.9,28.63,68.08,68.55,53.59,11.87,6.43,Sprinkler,227.41,17.87,6.25,407.06,1659.54,675532.35
201,Maharashtra,Kolhapur,Onion,Zaid,2021,5.24,975.72,28.91,93.99,81.6,99.03,42.42,8.3,Canal,70.63,29.34,4.94,25.89,2154.57,55781.82
202,Telangana,Nalgonda,Millet,Zaid,2020,11.26,1547.05,36.59,60.86,121.08,43.59,98.48,5.33,Drip,153.63,35.23,2.79,31.42,3125.43,98201.01
203,Punjab,Ludhiana,Cotton,Kharif,2020,90.91,1413.38,31.42,74.13,40.39,27.55,134.66,7.62,Canal,119.63,62.4,3.24,294.55,7250.06,2135505.17
204,West Bengal,Burdwan,Groundnut,Zaid,2018,69.92,937.28,22.83,51.82,128.94,55.64,36.31,5.27,Rainfed,122.09,37.16,2.5,174.8,6875.75,1201881.1
205,Tamil Nadu,Thanjavur,Maize,Rabi,2020,27.2,704.27,30.73,57.85,42.91,72.52,40.62,7.08,Borewell,207.44,62.69,4.83,131.38,1673.78,219901.22
206,Kerala,Kollam,Rice,Kharif,2022,32.98,1618.78,23.19,41.85,49.21,60.16,15.46,7.33,Canal,138.27,59.43,5.1,168.2,2406.59,404788.44
207,Maharashtra,Nashik,Wheat,Zaid,2018,85.94,442.38,29.53,43.7,139.87,39.4,114.75,7.82,Borewell,127.14,46.55,3.68,316.26,2610.09,825467.06
208,Kerala,Palakkad,Groundnut,Zaid,2023,4.85,648.03,24.26,75.99,21.73,78.79,97.32,7.67,Canal,21.23,75.2,1.98,9.6,5772.07,55411.87
209,West Bengal,Nadia,Onion,Kharif,2022,92.98,1361.1,33.13,64.33,66.71,30.6,93.56,8.25,Rainfed,141.37,18.51,4.91,456.53,2420.63,1105090.21
210,Uttar Pradesh,Agra,Wheat,Zaid,2024,7.91,1687.57,35.27,46.05,95.8,14.9,100.2,8.41,Canal,191.99,65.2,4.9,38.76,2188.65,84832.07
211,Haryana,Panipat,Groundnut,Rabi,2019,83.98,554.59,31.36,86.06,22.3,80.12,95.36,7.45,Rainfed,241.01,43.8,1.7,142.77,5241.99,748398.91
212,Kerala,Kochi,Groundnut,Rabi,2021,91.65,442.36,19.57,80.73,91.29,73.24,19.31,5.81,Rainfed,222.62,70.87,2.18,199.8,6267.86,1252318.43
213,Punjab,Jalandhar,Potato,Zaid,2022,62.28,487.83,34.0,88.65,44.07,29.46,106.77,7.11,Borewell,34.35,28.15,5.46,340.05,2120.92,721218.85
214,Andhra Pradesh,Nellore,Wheat,Rabi,2024,97.33,1003.66,22.22,52.62,52.23,19.09,33.45,5.52,Drip,242.59,36.3,4.93,479.84,2084.34,1000149.71
215,Haryana,Rohtak,Potato,Kharif,2023,89.93,848.39,18.41,85.46,62.44,37.22,146.55,5.6,Sprinkler,98.81,69.44,5.95,535.08,1884.95,1008599.05
216,Kerala,Thrissur,Potato,Rabi,2025,6.64,1031.75,30.48,55.05,29.87,51.36,52.9,7.88,Sprinkler,125.44,58.55,6.62,43.96,1891.8,83163.53
217,Andhra Pradesh,Kurnool,Potato,Kharif,2024,52.75,489.53,21.98,42.47,87.51,78.86,141.66,5.06,Borewell,190.58,40.42,6.94,366.09,1757.68,643469.07
218,Andhra Pradesh,Krishna,Tomato,Zaid,2021,51.78,1654.95,26.32,68.26,126.79,83.61,81.42,7.58,Rainfed,243.15,74.72,6.21,321.55,2773.9,891947.55
219,Maharashtra,Kolhapur,Sugarcane,Rabi,2020,15.16,1538.57,22.37,50.06,54.28,93.44,145.79,7.0,Canal,235.95,71.73,10.19,154.48,3677.2,568053.86
220,Kerala,Kollam,Onion,Zaid,2018,6.3,1082.93,23.05,68.6,90.67,77.65,97.29,7.1,Rainfed,192.56,13.86,4.62,29.11,2222.91,64708.91
221,Tamil Nadu,Madurai,Potato,Rabi,2020,76.3,611.31,18.8,56.03,48.58,91.76,75.53,6.63,Sprinkler,194.9,42.01,6.95,530.28,1766.76,936877.49
222,Karnataka,Hassan,Sugarcane,Rabi,2022,63.01,640.11,18.91,75.56,100.4,52.15,118.3,5.43,Drip,216.19,74.41,9.34,588.51,4195.59,2469146.67
223,Andhra Pradesh,Nellore,Wheat,Kharif,2025,80.34,467.39,18.99,79.85,93.0,35.29,34.29,6.33,Canal,192.68,11.79,3.95,317.34,2391.59,758947.17
224,Kerala,Thrissur,Groundnut,Kharif,2022,67.12,1462.87,34.54,68.86,48.13,41.06,14.21,8.37,Canal,166.53,48.59,3.0,201.36,6256.37,1259782.66
225,Haryana,Panipat,Wheat,Rabi,2024,54.76,825.62,29.99,67.85,129.55,40.58,73.79,7.37,Rainfed,163.22,79.23,3.34,182.9,1930.78,353139.66
226,Tamil Nadu,Madurai,Wheat,Kharif,2024,28.02,979.22,37.7,91.64,43.82,24.84,43.6,7.49,Borewell,122.74,41.12,3.57,100.03,2059.93,206054.8
227,Maharashtra,Nashik,Onion,Rabi,2021,22.03,1656.54,33.08,71.78,118.09,78.13,17.78,5.02,Borewell,77.38,57.94,5.24,115.44,2453.25,283203.18
228,Telangana,Hyderabad,Groundnut,Kharif,2019,29.51,944.94,21.69,58.82,119.71,20.79,112.89,6.86,Sprinkler,88.99,48.49,2.85,84.1,5810.7,488679.87
229,Kerala,Kochi,Millet,Kharif,2023,66.05,1399.5,36.05,58.92,99.04,93.84,124.94,6.98,Canal,114.5,45.73,2.77,182.96,2653.67,485515.46
230,Kerala,Kannur,Potato,Zaid,2022,23.08,1643.55,29.7,52.45,114.02,72.97,96.37,8.02,Sprinkler,201.58,60.36,7.78,179.56,1883.59,338217.42
231,Maharashtra,Kolhapur,Millet,Rabi,2018,22.61,660.11,18.64,83.01,37.32,20.41,13.82,6.83,Borewell,161.21,21.72,1.78,40.25,3414.73,137442.88
232,Tamil Nadu,Coimbatore,Potato,Rabi,2024,19.08,534.05,19.04,70.65,120.15,42.25,137.8,6.98,Borewell,152.59,61.43,6.62,126.31,2022.35,255443.03
233,Kerala,Palakkad,Groundnut,Kharif,2023,62.3,1202.52,19.53,63.14,132.45,38.06,44.97,7.29,Rainfed,149.3,57.75,2.28,142.04,5166.21,733808.47
234,Andhra Pradesh,Nellore,Maize,Kharif,2020,26.28,904.81,25.09,70.29,120.04,83.32,95.66,6.31,Drip,122.15,60.5,5.23,137.44,1968.55,270557.51
235,Kerala,Kollam,Potato,Zaid,2025,50.74,928.77,34.55,42.31,40.18,89.14,87.99,5.81,Canal,80.34,26.42,5.68,288.2,1729.45,498427.49
236,Andhra Pradesh,Krishna,Groundnut,Rabi,2019,84.62,1397.24,31.55,63.57,118.94,23.18,126.61,6.89,Rainfed,107.18,73.37,2.14,181.09,5439.87,985106.06
237,Karnataka,Mandya,Onion,Kharif,2019,40.12,358.9,29.46,57.89,52.64,10.57,146.97,8.38,Drip,68.5,68.86,4.85,194.58,1971.95,383702.03
238,Maharashtra,Nagpur,Millet,Zaid,2018,23.04,1332.07,30.07,76.27,34.45,94.47,35.37,7.18,Rainfed,145.69,34.54,2.46,56.68,2718.24,154069.84
239,Haryana,Karnal,Millet,Rabi,2019,24.15,450.37,19.68,61.62,21.99,69.55,94.34,5.57,Canal,210.93,75.96,2.17,52.41,2843.89,149048.27
240,Karnataka,Belgaum,Onion,Rabi,2019,78.95,1160.92,19.01,42.17,67.15,12.58,91.66,5.04,Sprinkler,155.32,33.02,5.32,420.01,2619.83,1100354.8
241,Karnataka,Mandya,Potato,Zaid,2024,23.38,375.86,25.49,70.24,71.13,84.91,122.79,5.79,Borewell,40.15,9.01,5.25,122.74,1706.24,209423.9
242,West Bengal,Burdwan,Cotton,Kharif,2022,91.17,1340.71,32.55,66.64,86.33,29.46,39.2,6.04,Borewell,54.33,22.92,3.09,281.72,6346.45,1787921.89
243,Maharashtra,Nashik,Sugarcane,Rabi,2021,31.88,1504.28,29.7,58.56,49.58,97.84,58.27,6.18,Drip,72.9,34.08,9.15,291.7,3986.93,1162987.48
244,Uttar Pradesh,Varanasi,Wheat,Rabi,2022,16.46,840.71,21.13,80.59,100.55,34.36,21.37,8.47,Rainfed,244.77,63.92,3.51,57.77,2377.76,137363.2
245,Uttar Pradesh,Meerut,Maize,Zaid,2022,3.33,969.66,33.36,63.89,94.25,69.88,80.1,7.26,Canal,84.16,12.08,4.85,16.15,1963.19,31705.52
246,Tamil Nadu,Thanjavur,Rice,Zaid,2021,96.42,1203.7,33.62,83.53,81.4,15.49,50.3,5.33,Canal,94.6,54.77,4.3,414.61,2539.16,1052761.13
247,Karnataka,Mysore,Wheat,Rabi,2023,65.57,327.58,25.56,47.89,75.69,94.88,55.33,7.31,Borewell,169.6,18.56,4.1,268.84,1957.35,526213.97
248,Karnataka,Mandya,Onion,Rabi,2021,43.21,320.52,24.64,65.59,29.79,33.27,13.9,7.21,Rainfed,186.58,40.42,4.03,174.14,2357.73,410575.1
249,Uttar Pradesh,Kanpur,Sugarcane,Kharif,2024,15.18,434.82,28.01,43.82,92.11,40.69,138.42,6.42,Rainfed,248.03,58.69,7.04,106.87,4000.98,427584.73
250,Telangana,Warangal,Groundnut,Zaid,2024,73.15,626.84,18.02,54.96,99.42,67.03,93.08,5.06,Drip,172.96,45.41,3.06,223.84,5625.74,1259265.64
251,Tamil Nadu,Thanjavur,Groundnut,Zaid,2021,71.5,903.04,31.0,45.69,107.47,80.18,26.55,5.0,Drip,147.5,13.56,2.91,208.06,6578.88,1368801.77
252,Maharashtra,Nashik,Sugarcane,Zaid,2018,9.68,507.02,25.8,66.4,29.72,84.68,146.75,6.42,Canal,225.0,38.18,9.01,87.22,3367.03,293672.36
253,Kerala,Kochi,Rice,Rabi,2022,57.69,1341.98,35.19,72.58,63.76,76.47,103.33,5.42,Rainfed,193.3,70.08,4.72,272.3,2560.11,697117.95
254,Uttar Pradesh,Varanasi,Cotton,Zaid,2022,28.51,639.05,33.93,52.79,86.13,57.12,49.52,6.04,Drip,39.79,6.45,2.86,81.54,5764.97,470075.65
255,Punjab,Patiala,Millet,Rabi,2020,97.73,707.68,36.65,68.78,67.9,63.87,101.41,5.54,Canal,51.21,71.7,1.98,193.51,3538.66,684766.1
256,Kerala,Kannur,Potato,Kharif,2022,41.82,797.03,33.33,78.62,101.08,45.63,115.88,6.59,Drip,77.7,11.39,6.92,289.39,1898.26,549337.46
257,Uttar Pradesh,Kanpur,Onion,Rabi,2022,40.67,542.88,24.79,67.83,98.97,99.8,73.24,6.24,Drip,115.41,32.21,5.27,214.33,2369.14,507777.78
258,Maharashtra,Pune,Millet,Zaid,2023,30.44,570.78,20.71,50.87,51.5,57.27,25.57,8.04,Rainfed,110.1,14.69,2.34,71.23,3321.08,236560.53
259,Maharashtra,Nashik,Cotton,Kharif,2024,57.02,1165.47,29.9,87.96,61.46,82.27,85.64,5.28,Drip,111.15,25.11,3.33,189.88,6509.56,1236035.25
260,Telangana,Khammam,Rice,Zaid,2025,36.62,1053.74,24.38,65.85,44.09,38.35,120.8,8.21,Sprinkler,83.73,75.39,4.54,166.25,2144.45,356514.81
261,West Bengal,Hooghly,Tomato,Rabi,2022,89.61,1502.53,25.88,73.18,76.34,48.04,149.39,5.04,Sprinkler,206.23,76.14,7.02,629.06,2509.87,1578858.82
262,Telangana,Khammam,Groundnut,Rabi,2020,20.74,1428.19,21.79,65.26,128.66,85.18,37.56,6.54,Rainfed,101.21,64.38,2.21,45.84,6056.01,277607.5
263,Maharashtra,Nashik,Onion,Zaid,2018,3.08,1599.44,18.29,53.61,39.76,47.36,12.01,6.67,Borewell,159.0,61.57,5.1,15.71,2383.22,37440.39
264,Punjab,Jalandhar,Maize,Zaid,2019,84.08,376.73,22.05,61.27,67.74,56.05,77.66,6.34,Rainfed,129.12,2.57,3.88,326.23,1632.16,532459.56
265,Haryana,Ambala,Maize,Kharif,2021,45.67,1676.31,23.16,46.24,113.34,84.01,136.39,6.84,Sprinkler,237.57,67.69,6.1,278.59,1727.97,481395.16
266,Tamil Nadu,Trichy,Millet,Rabi,2025,10.02,388.66,31.61,49.13,102.89,75.59,16.58,8.25,Rainfed,37.65,2.33,1.66,16.63,3253.96,54113.35
267,Andhra Pradesh,Nellore,Onion,Kharif,2021,24.46,1735.08,21.54,45.41,91.92,75.58,54.15,6.38,Drip,31.72,50.17,5.75,140.65,1956.52,275184.54
268,Karnataka,Mysore,Tomato,Zaid,2020,97.84,1611.46,37.85,53.24,119.67,30.22,65.91,6.43,Canal,96.86,59.01,5.94,581.17,2492.51,1448572.04
269,Tamil Nadu,Coimbatore,Cotton,Kharif,2023,99.66,509.98,19.19,78.06,69.9,59.37,66.38,6.82,Rainfed,175.35,32.89,2.38,237.19,7047.47,1671589.41
270,Punjab,Jalandhar,Wheat,Zaid,2024,36.13,1130.21,21.23,65.95,88.43,28.91,113.92,5.09,Sprinkler,29.96,56.55,3.66,132.24,2124.53,280947.85
271,Kerala,Kannur,Onion,Zaid,2022,51.86,1032.27,32.7,73.56,35.98,33.52,68.67,7.1,Drip,93.38,34.41,5.31,275.38,1940.31,534322.57
272,Karnataka,Bangalore,Tomato,Kharif,2020,28.28,1371.62,19.22,41.7,63.4,21.28,45.51,7.25,Drip,218.18,47.02,7.23,204.46,2904.33,593819.31
273,Karnataka,Hassan,Maize,Zaid,2020,39.09,683.62,30.23,56.27,59.29,24.82,35.36,7.77,Drip,147.68,47.86,5.59,218.51,1669.25,364747.82
274,Punjab,Ludhiana,Millet,Rabi,2018,80.07,900.47,22.28,55.58,117.42,11.25,100.91,7.34,Rainfed,81.18,27.96,1.62,129.71,3135.28,406677.17
275,Kerala,Kannur,Cotton,Zaid,2019,32.65,328.42,35.72,84.88,108.31,28.76,28.61,7.23,Drip,51.65,2.07,2.64,86.2,6336.2,546180.44
276,Haryana,Karnal,Cotton,Zaid,2019,88.74,1230.56,31.61,91.24,116.45,17.54,64.03,6.31,Drip,54.93,27.63,2.81,249.36,5648.91,1408612.2
277,Karnataka,Mysore,Millet,Zaid,2021,41.13,768.28,22.14,67.75,71.3,68.07,114.33,5.81,Canal,140.38,73.88,2.54,104.47,3384.81,353611.1
278,Punjab,Patiala,Tomato,Rabi,2018,9.16,338.35,31.15,75.29,114.56,91.29,47.44,7.84,Rainfed,131.7,44.58,4.91,44.98,2935.43,132035.64
279,Punjab,Patiala,Millet,Rabi,2021,51.55,1717.54,20.93,77.97,101.9,39.85,80.08,7.26,Canal,90.39,6.97,2.35,121.14,3266.79,395738.94
280,Punjab,Patiala,Potato,Zaid,2021,62.87,1504.87,23.79,83.08,138.39,63.81,21.48,7.26,Canal,58.84,6.18,6.67,419.34,1982.0,831131.88
281,Maharashtra,Kolhapur,Tomato,Kharif,2020,83.04,583.79,34.73,70.19,106.45,56.0,94.6,6.61,Canal,183.16,10.22,6.28,521.49,2734.9,1426223.0
282,Tamil Nadu,Trichy,Potato,Zaid,2019,25.63,370.8,26.16,88.75,135.37,71.12,98.39,5.95,Borewell,88.6,62.49,6.23,159.67,1777.67,283840.57
283,Telangana,Hyderabad,Rice,Rabi,2023,42.17,557.39,23.11,69.02,40.1,51.63,14.66,5.43,Canal,77.49,7.72,4.32,182.17,2388.72,435153.12
284,Kerala,Kannur,Sugarcane,Rabi,2020,66.42,1310.32,35.9,86.93,36.48,34.92,16.45,8.26,Drip,249.02,35.95,10.26,681.47,4102.85,2795969.19
285,Andhra Pradesh,Guntur,Sugarcane,Kharif,2022,73.55,1130.74,35.24,45.8,81.56,35.33,125.11,7.63,Drip,186.53,74.45,9.21,677.4,3602.68,2440455.43
286,Karnataka,Bangalore,Rice,Rabi,2018,9.04,462.04,32.99,90.48,47.92,77.52,48.43,7.19,Borewell,189.99,55.55,4.42,39.96,2724.66,108877.41
287,Tamil Nadu,Madurai,Tomato,Rabi,2020,78.47,356.55,18.63,69.42,116.97,38.87,88.74,5.98,Rainfed,248.19,68.89,5.37,421.38,2427.38,1022849.38
288,West Bengal,Nadia,Potato,Zaid,2023,19.53,300.9,24.75,85.51,56.94,31.7,42.7,5.24,Drip,87.01,34.56,5.97,116.59,1767.43,206064.66
289,Maharashtra,Nagpur,Cotton,Rabi,2022,67.73,1560.0,32.75,69.54,60.72,73.8,149.13,6.1,Canal,166.03,11.66,3.59,243.15,6764.04,1644676.33
290,Kerala,Kochi,Maize,Kharif,2020,50.74,960.11,32.76,47.65,77.94,29.11,26.18,7.93,Drip,208.51,71.28,5.47,277.55,1747.48,485013.07
291,Punjab,Bathinda,Wheat,Rabi,2022,79.85,539.82,25.87,69.95,102.95,25.08,53.44,6.76,Drip,168.47,14.15,4.22,336.97,2160.57,728047.27
292,Tamil Nadu,Madurai,Tomato,Zaid,2021,83.09,1349.39,37.39,80.41,122.35,20.42,108.83,6.76,Borewell,98.8,50.96,6.0,498.54,2293.01,1143157.21
293,Karnataka,Mysore,Onion,Kharif,2024,92.7,1344.84,32.91,85.43,130.89,83.83,88.66,7.35,Sprinkler,54.16,48.52,5.28,489.46,1971.85,965141.7
294,West Bengal,Nadia,Millet,Zaid,2025,47.78,1089.12,36.66,72.26,111.12,74.14,37.04,6.65,Rainfed,138.98,34.22,2.36,112.76,2759.31,311139.8
295,Maharashtra,Nashik,Rice,Zaid,2019,23.93,430.61,32.51,59.82,44.26,59.09,38.99,6.9,Drip,21.39,39.74,3.92,93.81,2817.89,264346.26
296,Kerala,Thrissur,Potato,Rabi,2020,60.34,723.55,22.8,64.41,29.71,88.9,112.04,6.06,Drip,105.58,61.27,6.55,395.23,1743.46,689067.7
297,Karnataka,Bangalore,Cotton,Zaid,2020,69.45,1048.8,19.09,57.27,45.99,88.54,22.2,6.71,Rainfed,163.58,66.69,2.19,152.1,6505.2,989440.92
298,Haryana,Rohtak,Rice,Zaid,2019,40.11,1711.49,25.27,,94.79,76.75,122.71,7.96,Drip,24.61,6.88,5.14,206.17,2365.47,487688.95
299,Haryana,Ambala,Tomato,Rabi,2025,38.67,628.69,27.61,76.39,33.54,63.68,77.86,5.09,Canal,242.47,57.78,6.49,250.97,2540.71,637641.99
300,West Bengal,Murshidabad,Rice,Kharif,2023,24.99,485.17,23.04,64.57,44.72,10.08,15.5,8.42,Drip,212.99,44.95,5.03,125.7,2168.64,272598.05
301,Andhra Pradesh,Kurnool,Potato,Rabi,2025,33.46,812.46,37.51,71.55,97.82,16.16,135.64,5.42,Canal,161.25,27.41,6.73,225.19,1897.87,427381.35
302,Telangana,Nalgonda,Sugarcane,Zaid,2022,63.9,572.73,33.54,86.62,71.64,24.89,,6.87,Borewell,85.89,42.41,6.94,443.47,3891.32,1725683.68
303,Uttar Pradesh,Agra,Groundnut,Rabi,2025,82.34,697.62,32.77,56.84,103.54,27.36,22.98,6.86,Drip,47.9,25.62,3.09,254.43,6149.18,1564535.87
304,Karnataka,Mandya,Sugarcane,Rabi,2018,62.71,1683.91,37.4,80.02,111.47,63.25,36.88,7.33,Rainfed,132.65,43.24,7.76,486.63,3384.69,1647091.69
305,Kerala,Kollam,Millet,Kharif,2021,14.55,878.33,23.15,82.59,80.8,87.04,114.99,7.82,Rainfed,232.21,41.19,2.55,37.1,2588.55,96035.21
306,Maharashtra,Kolhapur,Millet,Zaid,2023,61.8,1411.0,18.24,70.4,78.2,17.69,146.14,6.81,Drip,118.7,7.84,2.46,152.03,2661.47,404623.28
307,West Bengal,Nadia,Millet,Rabi,2018,12.68,1165.21,33.37,43.41,34.31,13.28,17.38,7.92,Drip,214.12,22.47,2.62,33.22,3021.53,100375.23
308,Karnataka,Hassan,Groundnut,Rabi,2023,56.9,1627.21,25.0,73.95,47.76,46.38,149.06,8.04,Drip,158.18,56.67,3.13,178.1,5508.97,981147.56
309,Andhra Pradesh,Krishna,Sugarcane,Rabi,2020,55.19,554.64,22.03,54.59,31.48,47.72,25.86,5.6,Sprinkler,145.67,21.48,8.16,450.35,3660.04,1648299.01
310,West Bengal,Murshidabad,Wheat,Zaid,2021,13.49,1204.82,37.27,60.73,29.57,71.48,140.56,7.01,Rainfed,204.47,14.53,3.71,50.05,2283.75,114301.69
311,West Bengal,Murshidabad,Onion,Kharif,2023,75.89,1663.24,24.19,51.1,111.25,70.88,52.14,5.64,Drip,68.08,56.27,5.46,414.36,2210.98,916141.67
312,Punjab,Jalandhar,Tomato,Zaid,2025,30.88,1557.91,24.84,94.22,117.03,38.61,11.23,6.34,Drip,39.94,43.99,6.28,193.93,2924.08,567066.83
313,Maharashtra,Kolhapur,Potato,Zaid,2022,63.22,967.91,37.54,50.28,78.57,83.18,23.89,6.5,Drip,196.02,74.49,7.55,477.31,1995.28,952367.1
314,Kerala,Kannur,Maize,Rabi,2020,63.26,1677.78,22.07,92.5,25.64,40.49,66.72,5.84,Drip,219.99,16.09,5.93,375.13,2245.21,842245.63
315,Uttar Pradesh,Kanpur,Onion,Rabi,2021,37.57,663.82,27.78,47.33,55.0,93.19,42.25,6.01,Sprinkler,47.19,76.41,4.88,183.34,2389.01,438001.09
316,West Bengal,Kolkata,Groundnut,Zaid,2023,51.29,1177.95,19.55,55.53,50.77,94.06,28.35,7.79,Canal,138.33,68.83,2.97,152.33,5877.76,895359.18
317,West Bengal,Kolkata,Cotton,Rabi,2021,4.01,1333.68,27.51,81.63,123.64,99.71,69.76,5.39,Rainfed,221.88,17.91,3.08,12.35,5649.24,69768.11
318,Kerala,Kannur,Rice,Rabi,2022,23.52,589.01,35.16,56.77,35.49,36.81,119.21,6.65,Rainfed,37.32,31.32,3.59,84.44,2729.26,230458.71
319,Punjab,Ludhiana,Millet,Kharif,2022,96.18,682.12,19.05,64.76,62.23,73.51,83.02,5.44,Borewell,196.15,8.18,2.34,225.06,3532.62,795051.46
320,Andhra Pradesh,Kurnool,Wheat,Kharif,2022,89.5,949.26,33.24,89.13,84.27,52.93,64.49,8.11,Sprinkler,132.1,75.74,3.94,352.63,1914.07,674958.5
321,Punjab,Bathinda,Cotton,Rabi,2023,59.18,1008.37,35.81,54.45,58.92,95.69,125.31,7.48,Sprinkler,153.06,8.44,3.21,189.97,6686.3,1270196.41
322,Punjab,Bathinda,Cotton,Kharif,2019,81.26,1717.06,24.06,93.16,60.19,61.38,137.34,5.02,Canal,176.33,46.47,3.26,264.91,6913.2,1831375.81
323,Telangana,Hyderabad,Rice,Zaid,2024,88.38,1423.05,28.68,77.86,45.58,88.05,143.82,5.83,Borewell,32.81,12.08,4.42,390.64,2127.16,830953.78
324,Kerala,Thrissur,Millet,Kharif,2020,78.4,1458.23,30.23,60.4,40.46,44.61,58.57,6.51,Rainfed,202.62,46.97,2.22,174.05,2909.17,506341.04
325,Telangana,Hyderabad,Sugarcane,Kharif,2022,57.55,313.63,28.09,54.35,97.8,56.0,72.37,8.38,Sprinkler,170.5,70.06,8.19,471.33,4109.14,1936760.96
326,Karnataka,Belgaum,Wheat,Rabi,2020,89.66,665.99,25.89,87.69,136.01,96.23,44.67,6.22,Rainfed,94.29,71.34,2.98,267.19,1993.69,532694.03
327,Maharashtra,Kolhapur,Groundnut,Zaid,2021,76.62,1420.95,34.44,47.64,25.75,95.37,109.56,5.02,Sprinkler,199.25,42.75,3.32,254.38,5752.37,1463287.88
328,Uttar Pradesh,Agra,Tomato,Zaid,2024,42.32,1779.73,18.16,67.07,53.39,45.59,106.21,7.85,Canal,235.7,54.82,7.35,311.05,2229.14,693374.0
329,Tamil Nadu,Salem,Potato,Rabi,2021,14.79,706.71,19.79,79.35,111.24,75.02,11.03,6.78,Rainfed,220.46,34.63,5.38,79.57,1981.46,157664.77
330,Andhra Pradesh,Kurnool,Onion,Kharif,2021,77.99,1266.73,32.93,40.69,41.94,30.92,98.99,8.48,Sprinkler,95.76,56.08,5.19,404.77,2460.01,995738.25
331,Punjab,Patiala,Maize,Rabi,2021,16.48,1781.05,32.54,78.11,47.02,69.61,95.36,8.2,Borewell,20.48,22.34,5.22,86.03,1730.81,148901.58
332,West Bengal,Hooghly,Cotton,Rabi,2020,26.55,1038.0,19.02,52.81,57.23,26.36,80.58,6.13,Drip,147.42,25.24,3.34,88.68,6560.3,581767.4
333,Maharashtra,Satara,Tomato,Zaid,2023,64.99,1451.65,33.52,84.44,33.68,67.95,126.81,7.02,Sprinkler,141.6,4.68,6.43,417.89,2505.64,1047081.9
334,West Bengal,Hooghly,Wheat,Zaid,2018,44.13,1032.81,20.06,72.18,82.9,70.02,47.4,8.19,Borewell,190.73,52.16,4.4,194.17,2113.12,410304.51
335,West Bengal,Hooghly,Sugarcane,Zaid,2023,85.96,1754.24,25.73,85.16,74.47,55.63,90.1,8.26,Sprinkler,98.42,79.82,8.84,759.89,4115.07,3127000.54
336,Tamil Nadu,Madurai,Rice,Kharif,2024,65.37,397.92,37.49,93.66,118.62,68.17,100.63,5.45,Drip,229.72,36.25,4.9,320.31,2073.56,664182.0
337,Andhra Pradesh,Krishna,Wheat,Rabi,2021,40.4,1587.5,29.85,85.38,75.63,80.58,142.56,5.96,Borewell,35.19,77.86,4.03,162.81,2143.57,348994.63
338,Kerala,Kannur,Millet,Rabi,2024,89.19,487.88,23.36,57.36,98.66,13.58,93.68,8.04,Canal,37.7,54.32,1.52,135.57,3412.32,462608.22
339,West Bengal,Nadia,Groundnut,Rabi,2018,76.24,1125.86,35.54,53.37,43.1,19.17,137.56,7.87,Rainfed,138.23,49.25,2.34,178.4,6112.54,1090477.14
340,West Bengal,Hooghly,Groundnut,Kharif,2023,99.83,894.89,26.02,92.13,34.98,57.29,25.33,5.71,Drip,100.41,48.52,3.24,323.45,5486.65,1774656.94
341,West Bengal,Burdwan,Maize,Kharif,2020,31.28,1330.41,34.77,79.36,127.17,72.05,49.73,7.43,Drip,217.48,77.09,5.74,179.55,1685.26,302588.43
342,Andhra Pradesh,Chittoor,Millet,Rabi,2022,64.4,1551.69,33.63,78.68,26.75,77.28,129.12,6.0,Drip,119.36,4.57,2.85,183.54,3551.63,651866.17
343,Uttar Pradesh,Agra,Tomato,Zaid,2025,91.27,1672.25,22.71,67.19,45.41,22.98,116.26,6.75,Canal,168.56,20.16,6.87,627.02,2644.47,1658135.58
344,West Bengal,Nadia,Cotton,Zaid,2022,91.61,738.37,26.11,94.12,55.38,41.91,89.04,5.88,Drip,226.04,10.07,3.3,302.31,7018.68,2121817.15
345,Uttar Pradesh,Varanasi,Cotton,Rabi,2022,11.36,752.38,36.91,77.23,42.6,37.34,23.02,5.5,Sprinkler,138.05,10.36,2.62,29.76,7194.04,214094.63
346,Kerala,Kannur,Cotton,Kharif,2019,4.86,1105.91,25.08,76.07,101.25,71.44,98.02,5.93,Borewell,119.13,41.82,2.55,12.39,5844.85,72417.69
347,Tamil Nadu,Salem,Wheat,Rabi,2023,91.11,1330.02,37.6,94.21,49.23,81.87,24.98,7.73,Rainfed,165.05,35.55,3.22,293.37,2456.84,720763.15
348,West Bengal,Hooghly,Rice,Kharif,2022,35.6,1011.11,22.79,74.33,125.08,34.43,10.52,5.57,Sprinkler,26.47,31.28,4.11,146.32,2566.47,375525.89
349,Uttar Pradesh,Lucknow,Tomato,Zaid,2023,1.7,560.94,37.6,87.77,25.54,62.16,137.76,5.62,Drip,68.63,22.68,5.73,9.74,2926.34,28502.55
350,Karnataka,Belgaum,Sugarcane,Rabi,2022,38.45,545.59,37.55,93.04,55.93,19.01,48.04,7.86,Drip,98.71,78.55,7.8,299.91,3746.36,1123570.83
351,Uttar Pradesh,Agra,Tomato,Zaid,2024,31.28,515.43,19.09,41.02,98.95,75.47,120.11,5.85,Borewell,122.55,57.27,5.46,170.79,2441.06,416908.64
352,Kerala,Palakkad,Maize,Rabi,2018,63.37,1494.59,34.32,63.76,91.45,89.79,67.53,7.12,Sprinkler,55.52,50.89,5.19,328.89,1634.15,537455.59
353,Maharashtra,Satara,Wheat,Zaid,2024,34.99,1622.96,21.46,74.21,135.09,27.31,110.43,7.33,Canal,21.98,3.56,3.85,134.71,2268.87,305639.48
354,West Bengal,Burdwan,Tomato,Kharif,2018,63.18,649.53,26.85,80.27,117.58,62.96,39.51,5.83,Borewell,152.99,48.62,6.51,411.3,2771.56,1139942.63
355,Tamil Nadu,Coimbatore,Tomato,Kharif,2020,29.81,1667.59,32.02,43.07,104.25,55.67,71.81,5.46,Sprinkler,123.76,58.06,6.66,198.53,2293.28,455284.88
356,Punjab,Jalandhar,Millet,Rabi,2023,10.82,1099.58,24.71,92.37,95.79,58.86,28.11,6.32,Borewell,125.5,16.17,3.06,33.11,2867.52,94943.59
357,Uttar Pradesh,Varanasi,Wheat,Kharif,2022,63.48,487.85,36.67,91.29,65.85,12.54,129.72,6.26,Canal,45.18,77.34,3.66,232.34,2059.0,478388.06
358,Telangana,Khammam,Rice,Zaid,2021,73.53,417.94,30.29,89.09,59.71,32.35,148.32,6.36,Sprinkler,68.78,20.64,3.91,287.5,2276.28,654430.5
359,West Bengal,Kolkata,Millet,Kharif,2025,65.36,703.29,32.05,56.47,139.76,87.23,67.11,8.43,Drip,27.25,11.49,2.52,164.71,3204.93,527884.02
360,Kerala,Kochi,Rice,Kharif,2020,93.71,1457.75,36.94,62.36,78.07,90.78,137.09,5.31,Rainfed,207.15,18.93,4.5,421.69,2495.3,1052243.06
361,Punjab,Jalandhar,Onion,Kharif,2020,54.11,865.51,21.66,71.21,135.79,34.62,65.95,8.44,Canal,52.9,3.09,5.07,274.34,2382.78,653691.87
362,Kerala,Thrissur,Sugarcane,Kharif,2022,15.79,408.32,27.19,67.44,102.13,55.29,117.12,6.7,Drip,143.4,69.08,8.66,136.74,3235.97,442486.54
363,Uttar Pradesh,Lucknow,Maize,Zaid,2021,21.45,699.35,33.25,72.17,23.76,20.75,97.12,8.27,Drip,50.47,44.66,4.36,93.52,1892.96,177029.62
364,West Bengal,Kolkata,Potato,Zaid,2021,64.28,451.75,20.58,79.6,94.78,42.05,120.45,5.82,Drip,195.52,64.58,7.17,460.89,1772.62,816982.83
365,Telangana,Warangal,Sugarcane,Zaid,2025,47.98,979.9,27.03,46.43,122.38,62.32,21.05,5.67,Canal,238.56,43.78,9.6,460.61,3578.9,1648477.13
366,Karnataka,Mysore,Tomato,Rabi,2018,11.58,1159.16,24.67,67.06,48.6,81.46,78.11,6.17,Sprinkler,197.83,10.29,6.7,77.59,2806.12,217726.85
367,Tamil Nadu,Coimbatore,Millet,Rabi,2021,73.37,793.14,23.97,76.98,53.37,26.6,79.65,5.97,Drip,183.14,3.65,3.0,220.11,2905.67,639567.02
368,Tamil Nadu,Salem,Groundnut,Kharif,2019,19.71,1527.45,29.67,65.44,102.0,26.52,124.93,6.5,Borewell,49.13,15.92,2.48,48.88,5930.85,289899.95
369,West Bengal,Burdwan,Groundnut,Zaid,2018,73.14,490.84,24.43,41.91,129.76,54.42,73.5,5.13,Canal,66.48,10.59,2.68,196.02,6686.55,1310697.53
370,Punjab,Bathinda,Tomato,Zaid,2021,64.2,601.07,29.76,76.68,125.62,27.55,53.89,7.17,Sprinkler,45.76,68.26,5.37,344.75,2591.24,893329.99
371,Haryana,Hisar,Potato,Kharif,2020,54.48,1068.39,33.66,49.25,78.48,66.26,142.47,7.03,Borewell,186.7,41.42,6.72,366.11,1999.75,732128.47
372,Andhra Pradesh,Chittoor,Cotton,Rabi,2024,6.23,1033.43,25.45,54.01,68.89,98.79,17.83,5.5,Canal,84.25,30.81,3.16,19.69,5887.95,115933.74
373,Maharashtra,Nagpur,Cotton,Kharif,2019,79.02,615.18,24.38,72.64,33.96,97.31,13.08,7.81,Canal,40.66,22.03,2.69,212.56,6122.57,1301413.48
374,Telangana,Khammam,Millet,Zaid,2019,11.38,1322.68,24.31,83.39,126.65,72.33,44.09,8.26,Sprinkler,55.28,30.59,2.69,30.61,2942.02,90055.23
375,Uttar Pradesh,Meerut,Wheat,Zaid,2024,36.14,868.93,26.13,84.52,25.67,25.88,143.83,5.25,Drip,153.07,73.08,4.2,151.79,2161.6,328109.26
376,Telangana,Nalgonda,Potato,Zaid,2024,17.51,442.27,35.88,90.59,85.3,76.65,115.97,7.12,Sprinkler,22.43,9.13,5.74,100.51,1880.81,189040.21
377,Punjab,Patiala,Potato,Rabi,2024,52.45,1676.4,25.77,42.05,100.77,99.17,133.6,6.66,Borewell,244.19,67.72,8.09,424.32,1591.35,675241.63
378,Haryana,Panipat,Wheat,Kharif,2024,20.3,1186.3,19.31,70.22,98.33,33.01,61.04,7.95,Borewell,149.41,61.45,4.22,85.67,2419.48,207276.85
379,Tamil Nadu,Salem,Rice,Rabi,2025,88.24,514.18,37.33,64.87,66.73,95.65,54.76,8.04,Rainfed,174.57,56.77,3.78,333.55,2630.69,877466.65
380,Punjab,Patiala,Maize,Kharif,2023,52.9,864.29,25.65,64.37,64.08,57.34,123.23,6.27,Rainfed,187.54,26.68,4.39,232.23,1842.55,427895.39
381,Tamil Nadu,Salem,Sugarcane,Rabi,2022,67.2,1361.63,19.69,77.68,63.2,16.91,69.68,6.55,Drip,114.0,38.4,8.96,602.11,3598.16,2166488.12
382,West Bengal,Kolkata,Potato,Rabi,2021,86.95,457.83,36.01,76.56,100.64,67.19,122.81,7.89,Borewell,245.4,48.51,7.31,635.6,1977.13,1256663.83
383,Punjab,Bathinda,Tomato,Zaid,2024,85.0,971.25,33.52,64.57,134.6,92.77,53.57,5.73,Rainfed,75.26,38.64,5.48,465.8,2437.17,1135233.79
384,Haryana,Karnal,Cotton,Rabi,2021,94.83,1209.58,30.31,50.6,101.3,57.32,110.53,7.04,Sprinkler,224.66,48.84,3.29,311.99,6730.87,2099964.13
385,Uttar Pradesh,Agra,Maize,Zaid,2024,73.0,1787.75,32.66,67.96,51.93,84.99,69.75,7.27,Drip,179.48,79.27,6.05,441.65,1834.14,810047.93
386,Punjab,Bathinda,Millet,Kharif,2018,41.96,1174.6,28.98,83.8,135.23,69.43,83.18,5.08,Borewell,236.36,5.73,2.3,96.51,2919.84,281793.76
387,Punjab,Amritsar,Onion,Zaid,2019,34.3,1402.88,35.72,82.62,115.68,34.25,134.24,5.48,Drip,56.09,75.91,5.39,184.88,2324.92,429831.21
388,Maharashtra,Nagpur,Millet,Kharif,2021,71.65,1298.79,19.51,73.98,65.44,95.9,132.38,7.48,Canal,171.07,17.46,2.88,206.35,2701.2,557392.62
389,Karnataka,Bangalore,Groundnut,Kharif,2024,7.19,374.39,23.76,73.22,31.36,12.96,79.88,7.1,Borewell,113.31,5.2,1.98,14.24,6322.77,90036.24
390,Tamil Nadu,Coimbatore,Millet,Zaid,2021,45.46,834.91,32.05,86.86,51.37,95.19,111.68,5.77,Canal,145.82,52.7,2.25,102.28,3341.46,341764.53
391,Tamil Nadu,Trichy,Sugarcane,Zaid,2020,43.01,315.07,27.65,74.24,43.38,54.22,143.07,6.34,Drip,83.7,7.13,7.63,328.17,3451.13,1132557.33
392,Kerala,Kannur,Cotton,Zaid,2018,66.18,1744.44,20.9,68.84,92.92,98.5,127.76,5.13,Rainfed,197.44,73.38,3.25,215.09,7469.02,1606511.51
393,West Bengal,Burdwan,Tomato,Kharif,2021,73.98,1582.01,18.61,45.0,95.67,77.25,39.32,6.88,Rainfed,68.71,63.82,5.0,369.9,2861.41,1058435.56
394,Karnataka,Mysore,Potato,Rabi,2022,97.08,1601.95,22.41,90.89,79.96,15.52,110.04,7.18,Drip,242.49,22.95,8.6,834.89,1841.74,1537650.31
395,Uttar Pradesh,Lucknow,Rice,Zaid,2023,71.59,801.16,20.89,64.31,82.62,62.71,11.19,7.66,Canal,147.41,2.12,4.73,338.62,2538.66,859641.05
396,Uttar Pradesh,Kanpur,Tomato,Rabi,2022,45.78,475.03,21.8,85.03,98.72,40.7,114.65,6.92,Rainfed,166.47,78.03,4.92,225.24,2847.4,641348.38
397,Haryana,Panipat,Potato,Zaid,2018,29.41,1610.69,31.24,90.19,80.22,49.39,57.56,7.52,Borewell,201.82,37.41,7.15,210.28,2068.27,434915.82
398,Andhra Pradesh,Kurnool,Rice,Kharif,2022,93.72,1510.66,29.93,60.13,82.79,20.51,28.07,6.88,Canal,64.93,8.77,4.2,393.62,2548.57,1003168.12
399,Kerala,Kochi,Groundnut,Rabi,2023,78.17,934.05,31.26,72.46,44.11,37.51,83.43,7.28,Drip,208.22,15.39,3.14,245.45,6058.42,1487039.19
400,Punjab,Patiala,Cotton,Zaid,2018,68.09,403.96,36.6,92.13,74.77,64.87,45.82,6.42,Canal,158.46,56.4,3.17,215.85,5730.88,1237010.45
401,Telangana,Karimnagar,Millet,Rabi,2024,52.6,597.0,35.84,63.7,72.56,46.79,70.05,7.05,Sprinkler,187.77,45.66,2.75,144.65,2957.46,427796.59
402,Punjab,Jalandhar,Potato,Zaid,2021,14.04,495.48,32.89,48.36,61.48,82.69,44.49,5.22,Borewell,159.72,42.81,6.12,85.92,2080.92,178792.65
403,Karnataka,Mysore,Rice,Zaid,2020,80.1,1094.36,18.35,68.44,68.11,36.77,105.44,5.73,Sprinkler,70.09,54.81,4.54,363.65,2662.34,968159.94
404,Andhra Pradesh,Guntur,Potato,Kharif,2019,80.05,337.29,25.65,56.75,20.47,30.45,66.9,7.98,Rainfed,145.37,53.59,5.44,435.47,2099.06,914077.66
405,Telangana,Hyderabad,Onion,Rabi,2019,77.45,922.66,34.47,87.14,30.72,49.4,42.3,6.02,Borewell,224.44,60.17,5.47,423.65,2475.67,1048817.6
406,Haryana,Ambala,Rice,Rabi,2023,18.61,316.52,27.48,40.23,70.0,23.95,103.02,7.48,Borewell,74.77,75.2,3.83,71.28,2183.71,155654.85
407,Andhra Pradesh,Guntur,Maize,Kharif,2024,56.23,1318.76,27.54,94.7,28.89,99.35,67.11,6.01,Drip,155.09,15.59,5.51,309.83,2012.79,623622.73
408,Maharashtra,Satara,Wheat,Kharif,2023,63.97,648.43,36.12,93.63,125.76,39.54,25.8,8.05,Rainfed,118.86,24.41,3.28,209.82,2437.33,511400.58
409,Karnataka,Mandya,Millet,Zaid,2019,86.33,1198.32,26.52,70.38,52.93,46.0,118.97,8.29,Drip,146.63,66.42,2.52,217.55,2882.76,627144.44
410,Tamil Nadu,Trichy,Tomato,Kharif,2020,81.99,1169.71,20.96,45.43,95.34,42.87,84.96,7.76,Drip,118.05,28.03,6.16,505.06,2401.91,1213108.66
411,Kerala,Kochi,Cotton,Kharif,2019,97.55,1698.76,20.62,52.96,123.14,73.88,77.51,6.82,Sprinkler,206.55,17.38,3.88,378.49,6446.38,2439890.37
412,Karnataka,Hassan,Sugarcane,Rabi,2023,72.2,459.14,25.27,61.47,100.45,36.0,91.98,7.07,Sprinkler,39.64,72.94,7.04,508.29,3212.19,1632724.06
413,West Bengal,Murshidabad,Groundnut,Rabi,2021,28.24,1662.62,22.54,91.23,113.75,11.75,55.78,7.2,Canal,165.79,7.61,2.96,83.59,5545.83,463575.93
414,Uttar Pradesh,Kanpur,Wheat,Kharif,2021,18.88,1399.26,23.28,63.51,60.36,39.57,49.89,6.67,Sprinkler,81.09,61.84,4.03,76.09,2028.53,154350.85
415,Punjab,Bathinda,Maize,Rabi,2019,48.23,459.42,18.1,91.52,121.04,53.46,102.31,6.79,Rainfed,108.22,40.36,3.49,168.32,1747.72,294176.23
416,Haryana,Rohtak,Maize,Zaid,2023,22.32,1577.23,22.62,84.11,77.97,47.45,146.9,5.7,Canal,193.66,54.44,5.61,125.22,1968.25,246464.26
417,Maharashtra,Kolhapur,Sugarcane,Zaid,2022,16.73,722.69,31.12,61.02,106.64,87.57,101.57,6.79,Canal,122.51,5.85,7.74,129.49,3902.56,505342.49
418,West Bengal,Kolkata,Rice,Rabi,2022,79.27,735.55,18.09,43.98,125.87,23.23,109.53,8.41,Drip,128.97,36.85,5.11,405.07,2045.96,828757.02
419,Telangana,Nalgonda,Sugarcane,Kharif,2024,69.44,778.57,25.5,67.99,136.28,93.98,131.89,6.48,Drip,215.6,34.32,10.31,715.93,4016.06,2875217.84
420,Uttar Pradesh,Varanasi,Groundnut,Kharif,2020,47.6,1702.23,21.88,69.51,120.19,85.83,52.45,6.5,Borewell,237.79,20.78,3.37,160.41,5417.1,868957.01
421,Maharashtra,Kolhapur,Wheat,Zaid,2018,69.31,1531.26,27.11,78.82,48.36,69.52,64.88,6.29,Borewell,99.6,67.2,4.33,300.11,2061.52,618682.77
422,Uttar Pradesh,Kanpur,Onion,Zaid,2019,55.52,1598.47,21.83,67.73,48.96,17.07,59.9,7.62,Drip,91.24,68.98,5.54,307.58,2409.35,741067.87
423,Punjab,Jalandhar,Cotton,Kharif,2025,27.23,726.43,21.04,76.67,90.29,62.81,72.4,7.93,Rainfed,55.35,69.31,2.48,67.53,6675.63,450805.29
424,Uttar Pradesh,Kanpur,Onion,Zaid,2021,28.01,503.24,33.7,83.74,73.71,84.65,52.38,6.64,Sprinkler,224.2,37.5,5.22,146.21,2298.05,335997.89
425,West Bengal,Hooghly,Onion,Zaid,2019,92.52,1250.7,23.67,64.01,74.01,40.4,64.33,5.85,Drip,23.08,3.52,5.18,479.25,2068.51,991333.42
426,Telangana,Khammam,Wheat,Zaid,2025,45.78,724.5,29.8,68.83,24.56,99.51,77.48,7.65,Rainfed,91.21,26.97,3.29,150.62,2515.53,378889.13
427,Maharashtra,Pune,Groundnut,Kharif,2023,42.18,692.51,37.18,73.74,28.04,12.54,44.26,8.09,Borewell,231.21,33.83,2.64,111.36,6773.41,754286.94
428,Telangana,Hyderabad,Tomato,Rabi,2022,7.98,483.72,29.44,89.91,84.08,89.15,67.4,6.69,Drip,130.1,15.44,5.88,46.92,2783.29,130591.97
429,Karnataka,Mandya,Potato,Rabi,2023,94.63,1407.81,21.24,66.75,124.02,66.36,103.67,5.44,Drip,128.48,46.59,7.61,720.13,1924.44,1385846.98
430,Maharashtra,Satara,Sugarcane,Kharif,2025,46.72,1743.55,33.4,45.72,126.83,34.33,125.19,6.81,Rainfed,86.18,59.49,7.24,338.25,3060.87,1035339.28
431,Karnataka,Belgaum,Tomato,Zaid,2018,35.28,498.05,30.22,74.33,110.75,34.83,136.69,7.86,Borewell,192.44,9.55,6.14,216.62,2799.13,606347.54
432,Telangana,Warangal,Rice,Kharif,2022,91.54,1017.0,24.3,66.7,76.56,25.82,30.29,5.89,Canal,131.87,41.38,4.61,422.0,2188.19,923416.18
433,Punjab,Patiala,Tomato,Kharif,2022,93.46,1720.96,33.32,91.28,64.28,22.2,82.58,5.39,Borewell,78.14,33.72,6.35,593.47,2524.28,1498084.45
434,Uttar Pradesh,Meerut,Potato,Rabi,2023,44.43,461.12,33.63,45.69,32.14,11.02,86.81,8.41,Rainfed,89.52,71.82,4.69,208.38,2142.39,446431.23
435,Uttar Pradesh,Kanpur,Cotton,Kharif,2023,15.14,409.71,24.86,70.89,111.76,35.62,134.27,6.29,Sprinkler,193.35,77.51,3.62,54.81,7402.92,405754.05
436,Punjab,Ludhiana,Rice,Kharif,2018,72.32,1655.93,36.29,54.59,58.48,59.71,17.07,5.15,Borewell,200.7,27.41,5.27,381.13,2726.28,1039067.1
437,Maharashtra,Satara,Groundnut,Zaid,2023,15.6,971.93,19.59,42.67,73.48,90.61,27.66,5.43,Sprinkler,118.94,70.25,2.51,39.16,6469.52,253346.4
438,Tamil Nadu,Thanjavur,Millet,Kharif,2020,34.76,1537.26,35.62,69.01,122.79,93.49,142.98,6.94,Drip,34.78,52.14,2.54,88.29,3167.07,279620.61
439,Andhra Pradesh,Guntur,Maize,Zaid,2022,26.41,1245.63,37.32,84.09,55.15,43.62,103.8,5.25,Canal,88.44,63.56,4.37,115.41,1856.12,214214.81
440,Maharashtra,Satara,Groundnut,Rabi,2019,20.19,669.0,26.85,92.19,83.85,53.41,108.4,5.24,Sprinkler,172.17,20.43,2.84,57.34,5128.65,294076.79
441,Uttar Pradesh,Agra,Maize,Kharif,2022,40.23,374.67,25.05,52.87,52.22,68.88,84.71,8.3,Drip,137.89,22.89,4.6,185.06,2084.92,385835.3
442,Andhra Pradesh,Nellore,Sugarcane,Rabi,2018,70.89,1777.37,18.27,48.92,29.12,71.09,34.65,7.51,Rainfed,124.38,44.17,6.7,474.96,4015.76,1907325.37
443,Tamil Nadu,Salem,Onion,Kharif,2020,8.79,1311.28,21.78,89.55,95.99,18.95,94.58,5.42,Canal,103.44,21.58,5.66,49.75,2256.42,112256.9
444,Maharashtra,Nashik,Tomato,Rabi,2019,19.13,1642.3,30.38,55.56,22.9,41.37,111.05,5.28,Rainfed,189.95,65.38,6.0,114.78,2237.51,256821.4
445,West Bengal,Nadia,Rice,Kharif,2019,33.94,1003.56,30.52,48.28,80.53,62.66,81.84,6.73,Drip,157.34,35.09,4.74,160.88,2733.11,439702.74
446,Kerala,Kollam,Wheat,Zaid,2021,15.7,474.27,23.98,50.61,93.95,49.95,36.32,7.29,Borewell,104.57,9.85,3.66,57.46,2108.42,121149.81
447,West Bengal,Hooghly,Rice,Zaid,2025,13.61,334.57,21.87,51.57,127.61,28.96,41.85,5.98,Sprinkler,198.33,37.16,4.84,65.87,2678.91,176459.8
448,Telangana,Khammam,Sugarcane,Zaid,2024,41.07,701.81,28.73,64.04,92.48,88.42,149.85,7.13,Borewell,93.71,79.71,7.96,326.92,4010.8,1311210.74
449,Tamil Nadu,Thanjavur,Rice,Kharif,2023,51.76,1221.25,34.73,75.79,60.1,83.61,15.37,8.05,Drip,134.35,54.06,4.53,234.47,2156.13,505547.8
450,Andhra Pradesh,Chittoor,Rice,Rabi,2018,27.9,1625.64,34.26,92.68,132.0,87.29,107.07,5.6,Borewell,36.69,68.32,4.41,123.04,2218.79,272999.92
451,Haryana,Panipat,Cotton,Rabi,2022,93.11,1135.23,20.5,47.14,133.57,47.35,55.77,7.12,Rainfed,71.6,40.52,1.97,183.43,6774.59,1242663.04
452,Tamil Nadu,Madurai,Onion,Zaid,2021,55.21,1140.52,25.39,67.82,107.43,41.94,95.78,7.05,Borewell,118.33,23.23,5.26,290.4,2165.8,628948.32
453,Uttar Pradesh,Agra,Rice,Kharif,2024,75.09,1546.15,21.91,85.47,55.09,88.74,118.05,6.46,Borewell,30.74,62.8,4.62,346.92,2631.31,912854.07
454,Andhra Pradesh,Krishna,Millet,Kharif,2024,63.45,1113.86,23.1,77.16,47.97,61.63,125.01,5.1,Drip,87.31,32.62,2.41,152.91,2909.12,444833.54
455,Haryana,Karnal,Groundnut,Rabi,2019,71.72,522.15,25.34,69.83,109.56,10.75,33.6,7.03,Canal,182.26,54.4,2.66,190.78,6300.51,1202011.3
456,Haryana,Hisar,Rice,Kharif,2021,2.17,1387.37,21.84,86.2,127.37,20.58,148.63,5.73,Drip,189.02,25.76,5.32,11.54,2187.87,25248.02
457,Karnataka,Hassan,Rice,Zaid,2019,88.93,1457.35,34.81,86.62,125.71,82.52,94.35,6.04,Canal,28.99,51.81,4.39,390.4,2652.79,1035649.22
458,Tamil Nadu,Thanjavur,Groundnut,Rabi,2025,98.38,1651.77,35.79,64.22,110.08,53.97,94.45,6.14,Canal,30.08,27.48,2.69,264.64,6195.33,1639532.13
459,Punjab,Patiala,Groundnut,Rabi,2018,48.87,833.66,37.49,42.54,45.55,78.04,99.63,5.42,Rainfed,156.12,7.63,2.35,114.84,6459.23,741777.97
460,Telangana,Khammam,Onion,Zaid,2023,69.59,1466.82,18.77,74.18,80.04,42.18,48.84,7.25,Borewell,98.74,62.04,5.4,375.79,2302.24,865158.77
461,Haryana,Rohtak,Wheat,Rabi,2019,48.76,410.35,32.99,93.06,26.41,94.38,84.18,7.15,Borewell,134.83,23.24,3.92,191.14,2423.62,463250.73
462,West Bengal,Murshidabad,Onion,Zaid,2020,71.42,490.27,35.65,72.03,75.43,86.03,135.66,5.93,Borewell,192.68,52.29,4.98,355.67,2143.57,762403.54
463,Telangana,Karimnagar,Maize,Zaid,2023,8.17,1561.18,33.24,69.56,24.01,43.01,43.19,6.57,Borewell,53.25,56.23,4.75,38.81,1651.37,64089.67
464,Andhra Pradesh,Guntur,Potato,Rabi,2025,14.97,444.19,36.06,47.68,70.95,94.03,85.93,6.85,Drip,206.33,8.83,6.93,103.74,1929.33,200148.69
465,Kerala,Thrissur,Maize,Rabi,2025,74.42,1403.93,30.08,49.02,56.15,51.71,93.92,5.6,Sprinkler,231.93,12.03,6.17,459.17,2206.4,1013112.69
466,Maharashtra,Pune,Millet,Kharif,2023,71.62,1637.73,23.24,88.49,43.57,65.25,22.28,6.37,Drip,245.99,43.17,2.99,214.14,3377.33,723221.45
467,Andhra Pradesh,Guntur,Tomato,Rabi,2023,89.83,786.66,32.18,53.69,60.11,12.32,57.75,7.81,Borewell,234.51,51.33,6.47,581.2,2375.96,1380907.95
468,Punjab,Patiala,Groundnut,Kharif,2022,15.54,695.41,31.58,61.56,134.56,64.32,140.75,5.71,Drip,73.72,22.55,2.34,36.36,5006.77,182046.16
469,Haryana,Ambala,Onion,Rabi,2022,42.11,1786.07,24.37,60.97,49.71,55.58,,5.84,Canal,43.78,35.66,5.44,229.08,2065.19,473093.73
470,Tamil Nadu,Salem,Wheat,Kharif,2019,10.41,977.46,26.24,80.02,122.81,94.97,57.03,6.96,Rainfed,115.1,18.08,3.18,33.1,2544.95,84237.85
471,Tamil Nadu,Coimbatore,Sugarcane,Rabi,2023,84.4,916.72,34.77,65.91,48.39,75.7,28.44,7.38,Canal,219.28,4.6,8.48,715.71,3999.78,2862682.54
472,Andhra Pradesh,Nellore,Sugarcane,Rabi,2019,63.1,504.56,26.21,52.72,43.6,14.98,37.74,5.03,Rainfed,243.82,17.11,7.34,463.15,3398.64,1574080.12
473,Uttar Pradesh,Kanpur,Potato,Zaid,2024,5.43,1103.28,36.8,89.06,85.23,68.84,64.19,7.27,Sprinkler,125.16,44.87,6.65,36.11,1778.27,64213.33
474,Kerala,Kochi,Onion,Zaid,2024,41.39,1024.52,19.5,78.93,127.58,98.44,65.88,6.45,Drip,70.86,22.99,5.63,233.03,2488.41,579874.18
475,Tamil Nadu,Coimbatore,Potato,Kharif,2024,25.24,1620.98,25.9,67.07,69.55,58.37,16.9,5.01,Borewell,122.76,38.88,6.67,168.35,1804.83,303843.13
476,Maharashtra,Kolhapur,Tomato,Zaid,2018,60.08,1595.24,23.21,86.93,112.7,25.2,125.05,7.69,Drip,48.03,41.76,6.61,397.13,2637.1,1047271.52
477,Maharashtra,Nashik,Groundnut,Kharif,2018,95.07,511.3,21.28,60.98,94.99,75.6,140.47,5.98,Sprinkler,158.69,6.46,2.72,258.59,6288.78,1626215.62
478,Punjab,Patiala,Millet,Rabi,2024,60.81,1772.86,29.73,54.37,127.75,21.57,13.66,7.41,Canal,225.87,78.65,3.13,190.34,3218.9,612685.43
479,Andhra Pradesh,Nellore,Millet,Zaid,2024,69.14,1436.2,21.07,90.69,107.8,73.83,38.05,5.74,Rainfed,131.05,27.2,2.03,140.35,3242.75,455119.96
480,Uttar Pradesh,Meerut,Wheat,Rabi,2018,35.19,689.33,37.22,74.51,55.09,73.48,112.96,6.06,Drip,232.19,46.34,4.95,174.19,2150.07,374520.69
481,Telangana,Khammam,Wheat,Zaid,2020,80.52,1564.56,19.13,77.01,67.86,56.99,66.22,6.05,Sprinkler,186.28,18.08,4.57,367.98,2323.65,855056.73
482,Uttar Pradesh,Varanasi,Maize,Rabi,2019,11.82,1086.65,34.52,52.52,116.73,41.81,99.91,5.86,Borewell,42.76,23.17,4.23,50.0,2183.65,109182.5
483,West Bengal,Nadia,Tomato,Kharif,2018,87.15,1357.59,23.37,42.25,74.12,19.07,109.05,5.11,Canal,120.98,10.8,6.42,559.5,2695.92,1508367.24
484,Tamil Nadu,Coimbatore,Groundnut,Kharif,2018,1.97,483.94,24.56,87.3,72.02,45.71,141.33,5.54,Drip,208.66,18.33,2.99,5.89,5418.98,31917.79
485,Karnataka,Mysore,Millet,Rabi,2022,36.79,1132.74,24.62,55.54,107.65,57.96,140.34,8.33,Rainfed,69.17,10.23,2.29,84.25,3548.14,298930.79
486,Maharashtra,Nashik,Cotton,Rabi,2023,75.08,1141.51,25.45,52.67,36.14,38.82,137.88,6.43,Drip,76.94,64.97,3.52,264.28,7260.81,1918886.87
487,Uttar Pradesh,Agra,Cotton,Zaid,2019,66.67,1413.47,21.97,67.22,112.45,54.97,52.73,8.41,Rainfed,84.51,59.03,2.45,163.34,6730.37,1099338.64
488,Karnataka,Hassan,Sugarcane,Zaid,2024,78.06,300.36,31.1,55.58,35.23,94.03,131.43,5.82,Sprinkler,149.06,39.07,7.92,618.24,3943.49,2438023.26
489,Maharashtra,Satara,Cotton,Kharif,2018,71.16,1613.06,31.82,62.23,69.86,46.25,15.07,6.93,Canal,231.85,27.03,3.64,259.02,7399.15,1916527.83
490,Haryana,Rohtak,Potato,Zaid,2021,72.48,489.29,27.99,87.85,101.35,61.48,77.21,6.72,Drip,106.55,30.33,6.24,452.28,1562.93,706881.98
491,Andhra Pradesh,Nellore,Rice,Rabi,2019,10.38,1257.14,27.73,56.41,54.58,31.24,,5.14,Drip,20.42,19.46,4.24,44.01,2321.25,102158.21
492,West Bengal,Murshidabad,Groundnut,Kharif,2019,7.52,,24.7,51.4,58.0,70.96,50.54,7.02,Canal,113.7,75.08,2.61,19.63,5695.82,111808.95
493,Kerala,Thrissur,Rice,Kharif,2024,37.33,1516.24,27.35,88.12,137.72,93.39,135.74,7.56,Sprinkler,149.45,26.44,5.65,210.91,2771.87,584615.1
494,Maharashtra,Nashik,Tomato,Kharif,2020,32.01,1172.48,24.84,49.25,137.05,78.53,69.27,5.02,Drip,94.58,10.66,6.39,204.54,2512.42,513890.39
495,Kerala,Palakkad,Sugarcane,Rabi,2021,36.63,792.1,18.98,40.29,99.25,75.74,73.46,7.4,Borewell,155.9,73.23,7.83,286.81,4028.32,1155362.46
496,Haryana,Karnal,Potato,Zaid,2018,60.07,1046.53,24.55,51.56,77.12,91.14,14.86,6.12,Rainfed,103.97,49.7,5.91,355.01,1968.5,698837.18
497,Maharashtra,Nashik,Tomato,Kharif,2019,23.35,545.32,35.71,75.71,24.04,22.7,95.23,5.63,Canal,95.76,47.85,5.32,124.22,2140.71,265919.0
498,Kerala,Thrissur,Cotton,Rabi,2021,83.02,1456.98,19.42,50.41,120.97,65.59,100.22,5.1,Sprinkler,79.58,57.28,3.52,292.23,6013.79,1757409.85
499,Tamil Nadu,Trichy,Groundnut,Rabi,2020,40.18,1062.81,24.75,63.01,77.21,34.36,14.08,7.12,Canal,219.4,60.25,2.88,115.72,5195.79,601256.82
500,Haryana,Karnal,Sugarcane,Rabi,2022,80.5,1654.65,34.51,46.93,123.71,51.81,114.21,7.17,Borewell,150.25,33.08,9.29,747.84,3323.63,2485543.46
501,Haryana,Rohtak,Rice,Rabi,2022,81.31,1131.73,33.7,85.19,41.58,52.1,145.53,7.64,Rainfed,220.56,9.65,4.41,358.58,2740.68,982753.03
502,West Bengal,Kolkata,Groundnut,Zaid,2020,62.99,1091.71,35.84,65.88,139.96,85.9,60.65,5.04,Rainfed,195.63,36.89,2.41,151.81,6533.43,991840.01
503,Punjab,Patiala,Rice,Kharif,2021,16.9,1107.21,31.78,73.42,76.26,36.44,48.83,6.75,Canal,138.43,15.31,4.93,83.32,2256.67,188025.74
504,Maharashtra,Kolhapur,Onion,Zaid,2023,45.54,1738.85,30.12,44.93,105.88,80.93,108.57,7.06,Borewell,134.78,74.66,5.91,269.14,2319.17,624181.41
505,West Bengal,Burdwan,Cotton,Rabi,2024,76.37,302.38,26.48,43.66,82.8,40.97,149.6,7.7,Sprinkler,31.03,62.48,3.06,233.69,5865.94,1370811.52
506,Kerala,Kollam,Millet,Zaid,2023,59.18,475.32,20.61,57.01,138.3,37.78,28.25,5.7,Drip,218.36,77.0,2.77,163.93,2809.08,460492.48
507,Andhra Pradesh,Kurnool,Cotton,Zaid,2024,86.01,1281.03,23.4,51.38,69.95,26.17,106.48,6.98,Drip,200.7,54.53,3.73,320.82,6529.52,2094800.61
508,Uttar Pradesh,Lucknow,Millet,Zaid,2025,26.01,1743.28,37.14,58.15,128.18,34.33,122.5,8.48,Canal,160.61,77.2,2.57,66.85,2650.35,177175.9
509,Karnataka,Belgaum,Cotton,Kharif,2025,25.55,427.8,35.47,78.77,98.01,68.83,143.87,5.01,Drip,116.49,26.69,3.12,79.72,7666.08,611139.9
510,Tamil Nadu,Trichy,Wheat,Kharif,2018,73.6,936.74,21.4,57.39,57.12,35.26,146.11,5.54,Borewell,46.76,30.09,3.76,276.74,2615.52,723819.0
511,Tamil Nadu,Salem,Maize,Rabi,2020,84.77,778.98,32.25,77.84,50.26,96.03,139.26,6.6,Canal,132.5,63.92,4.78,405.2,1939.24,785780.05
512,Haryana,Karnal,Cotton,Kharif,2024,18.49,442.36,30.44,93.28,66.8,46.59,90.78,5.53,Rainfed,239.85,59.26,2.78,51.4,7030.35,361359.99
513,Telangana,Khammam,Groundnut,Rabi,2025,91.54,1070.45,31.18,61.89,116.37,43.63,64.34,5.33,Borewell,102.22,7.14,2.07,189.49,5515.05,1045046.82
514,Punjab,Jalandhar,Onion,Kharif,2021,45.37,1622.78,35.95,76.09,78.23,58.78,138.67,8.15,Drip,239.11,36.63,6.93,314.41,2004.53,630244.28
515,Karnataka,Bangalore,Wheat,Kharif,2023,22.93,816.76,31.55,49.51,27.39,34.3,117.58,8.1,Drip,205.07,12.76,4.83,110.75,2284.2,252975.15
516,Andhra Pradesh,Nellore,Maize,Rabi,2021,1.13,313.0,30.03,76.05,131.3,15.97,61.35,6.41,Borewell,184.26,69.18,4.91,5.55,1717.87,9534.18
517,Uttar Pradesh,Agra,Onion,Kharif,2019,95.87,1666.52,35.55,63.0,139.18,19.55,42.63,8.33,Canal,137.64,52.23,5.8,556.05,2360.05,1312305.8
518,Karnataka,Hassan,Onion,Rabi,2024,56.01,660.13,26.61,65.7,127.35,58.83,146.98,7.84,Canal,125.12,49.31,5.34,299.09,2335.28,698458.9
519,Haryana,Ambala,Sugarcane,Kharif,2018,41.86,960.18,28.72,64.7,30.94,74.67,39.92,5.69,Rainfed,134.9,10.74,6.64,277.95,4073.82,1132318.27
520,West Bengal,Hooghly,Wheat,Zaid,2020,25.97,1046.96,26.24,41.96,86.5,60.3,108.98,5.62,Canal,237.85,12.6,4.1,106.48,2253.19,239919.67
521,Karnataka,Bangalore,Tomato,Zaid,2025,88.29,522.6,27.99,72.67,67.86,91.4,149.85,8.46,Drip,97.49,47.67,6.02,531.51,2320.08,1233145.72
522,Karnataka,Mysore,Millet,Kharif,2021,46.49,308.89,18.24,56.12,65.14,15.68,137.89,6.45,Drip,210.53,27.19,2.5,116.23,2799.12,325341.72
523,Maharashtra,Kolhapur,Sugarcane,Kharif,2020,74.53,621.96,35.27,77.07,96.52,55.55,110.41,7.92,Canal,214.4,42.98,8.86,660.34,3582.25,2365502.97
524,Tamil Nadu,Salem,Wheat,Zaid,2021,18.43,1386.63,25.77,87.61,68.46,29.33,59.84,5.99,Sprinkler,77.98,37.43,4.34,79.99,2167.11,173347.13
525,Punjab,Bathinda,Wheat,Kharif,2020,50.97,1199.05,19.8,72.49,70.25,48.87,17.55,6.81,Rainfed,194.95,39.5,3.78,192.67,2445.9,471251.55
526,Maharashtra,Pune,Groundnut,Rabi,2020,89.97,614.84,22.61,58.02,79.03,11.76,103.99,6.83,Sprinkler,155.79,7.47,2.74,246.52,4983.38,1228502.84
527,Kerala,Kochi,Rice,Zaid,2022,28.58,355.58,34.93,66.97,84.23,73.43,57.48,5.39,Rainfed,100.79,65.33,3.24,92.6,2406.11,222805.79
528,Haryana,Ambala,Millet,Zaid,2024,40.95,1643.72,19.76,76.75,26.93,22.66,110.33,6.53,Sprinkler,135.08,39.72,2.5,102.38,2715.72,278035.41
529,Andhra Pradesh,Kurnool,Potato,Rabi,2021,66.99,1429.23,20.94,70.37,53.84,29.69,83.07,5.54,Canal,28.4,50.38,6.1,408.64,2008.44,820728.92
530,Punjab,Patiala,Tomato,Kharif,2025,39.75,408.52,37.86,47.0,125.42,37.17,101.04,6.15,Drip,154.19,6.8,6.14,244.06,2698.49,658593.47
531,Maharashtra,Nashik,Tomato,Zaid,2022,2.89,373.74,29.68,90.61,88.82,86.83,43.87,8.07,Sprinkler,62.64,41.94,5.45,15.75,2559.56,40313.07
532,Tamil Nadu,Thanjavur,Potato,Rabi,2023,78.61,1211.94,37.89,63.1,32.57,50.88,43.43,7.92,Rainfed,22.93,56.23,4.72,371.04,1793.34,665400.87
533,Andhra Pradesh,Kurnool,Tomato,Rabi,2020,91.58,447.65,32.33,52.33,130.02,60.42,31.54,7.78,Borewell,208.0,74.79,5.53,506.44,2131.36,1079405.96
534,Maharashtra,Kolhapur,Onion,Zaid,2021,32.89,1547.68,19.99,54.99,137.66,54.45,11.36,5.49,Drip,37.27,75.58,5.69,187.14,2151.11,402558.73
535,Telangana,Karimnagar,Wheat,Zaid,2025,87.37,1243.08,30.54,75.09,86.45,98.78,112.52,7.72,Sprinkler,24.49,66.79,4.47,390.54,1955.07,763533.04
536,Uttar Pradesh,Agra,Sugarcane,Kharif,2025,42.67,308.89,28.05,79.68,91.09,86.27,59.97,5.38,Sprinkler,44.68,18.07,7.44,317.46,3155.75,1001824.39
537,Telangana,Khammam,Potato,Kharif,2019,82.71,471.82,33.12,93.04,57.73,82.91,47.26,5.75,Borewell,76.52,47.0,5.9,487.99,1533.35,748259.47
538,Punjab,Jalandhar,Cotton,Rabi,2019,95.46,811.32,29.24,51.78,114.19,27.28,99.37,7.29,Drip,172.15,48.17,3.28,313.11,7200.04,2254404.52
539,Maharashtra,Nagpur,Tomato,Kharif,2021,64.73,,29.93,55.12,71.55,59.89,56.02,7.52,Rainfed,80.35,61.26,4.44,287.4,2660.42,764604.71
540,Andhra Pradesh,Kurnool,Wheat,Kharif,2018,79.29,1319.72,27.17,75.33,87.05,66.24,23.52,8.33,Borewell,149.45,5.69,4.74,375.83,1901.75,714734.7
541,Tamil Nadu,Thanjavur,Wheat,Rabi,2018,66.29,542.4,28.64,62.13,34.2,78.46,139.85,6.6,Drip,78.3,7.79,4.12,273.11,2079.87,568033.3
542,Andhra Pradesh,Kurnool,Tomato,Zaid,2019,25.18,1511.95,35.45,67.92,64.17,21.26,15.81,5.99,Canal,211.65,37.43,6.65,167.45,2754.61,461259.44
543,Maharashtra,Pune,Groundnut,Kharif,2021,40.33,774.44,22.23,47.99,137.13,33.11,73.86,5.11,Rainfed,239.22,42.31,2.47,99.62,5012.79,499374.14
544,Haryana,Karnal,Sugarcane,Rabi,2025,50.93,601.76,22.57,52.11,130.7,86.74,118.48,6.37,Sprinkler,83.51,74.57,8.35,425.27,3421.68,1455137.85
545,Karnataka,Mysore,Sugarcane,Zaid,2023,74.84,1377.67,31.2,85.98,82.79,14.06,140.68,7.47,Borewell,96.08,60.89,8.01,599.47,3463.82,2076456.18
546,Kerala,Kollam,Maize,Kharif,2025,9.54,1031.81,26.66,43.91,104.26,56.19,132.09,6.01,Rainfed,197.46,42.77,4.49,42.83,1720.13,73673.17
547,Punjab,Ludhiana,Tomato,Rabi,2025,54.46,1516.85,23.83,47.96,46.72,74.57,142.06,6.85,Canal,29.62,50.66,5.46,297.35,2688.41,799398.71
548,Punjab,Bathinda,Wheat,Kharif,2023,93.97,1741.36,26.56,88.41,127.16,74.73,91.9,7.41,Drip,76.26,60.2,5.14,483.01,2271.03,1096930.2
549,Telangana,Warangal,Rice,Zaid,2019,17.86,839.82,27.5,83.63,132.65,58.05,93.43,5.11,Canal,116.57,41.64,4.52,80.73,2572.84,207705.37
550,Telangana,Hyderabad,Cotton,Kharif,2021,77.15,1207.43,20.52,91.3,99.14,46.16,137.26,7.23,Drip,240.8,66.0,3.93,303.2,7467.73,2264215.74
551,Haryana,Karnal,Sugarcane,Zaid,2023,56.75,414.15,35.11,41.75,52.87,27.99,42.46,7.79,Canal,118.74,33.82,7.48,424.49,3835.07,1627948.86
552,Haryana,Rohtak,Sugarcane,Kharif,2022,83.02,1004.7,37.68,85.75,86.55,85.89,77.34,5.72,Rainfed,55.2,41.44,6.24,518.04,3481.17,1803385.31
553,Punjab,Bathinda,Potato,Rabi,2020,79.82,1351.23,26.09,48.91,131.22,43.78,43.82,6.94,Canal,165.22,48.53,7.15,570.71,1685.59,961983.07
554,Maharashtra,Satara,Millet,Zaid,2021,73.94,1649.18,28.64,54.65,131.28,46.24,134.64,6.34,Sprinkler,42.66,61.08,2.08,153.8,2784.7,428286.86
555,Andhra Pradesh,Krishna,Potato,Zaid,2025,70.69,1044.33,18.38,45.53,102.8,40.13,107.37,7.45,Borewell,74.51,36.94,6.01,424.85,1866.66,793050.5
556,Haryana,Panipat,Tomato,Zaid,2024,45.92,790.83,24.08,82.39,49.06,25.22,118.48,5.45,Canal,178.1,51.4,6.01,275.98,2834.38,782232.19
557,Andhra Pradesh,Nellore,Sugarcane,Kharif,2025,97.67,1316.2,24.36,52.08,111.01,30.24,20.73,7.84,Drip,25.45,8.22,8.42,822.38,3858.85,3173441.06
558,Uttar Pradesh,Kanpur,Onion,Kharif,2023,45.04,1239.73,30.19,65.7,115.43,97.21,75.42,7.01,Drip,164.88,3.39,6.17,277.9,2286.69,635471.15
559,Telangana,Hyderabad,Cotton,Kharif,2024,40.33,396.13,23.17,58.74,41.54,78.9,79.09,8.08,Rainfed,80.92,29.29,2.06,83.08,6788.22,563965.32
560,Kerala,Palakkad,Potato,Zaid,2018,8.36,674.81,36.95,59.57,93.95,54.9,148.49,6.62,Canal,67.85,28.34,6.41,53.59,2040.09,109328.42
561,Tamil Nadu,Coimbatore,Onion,Kharif,2022,47.74,1185.35,32.44,49.58,103.43,40.95,107.14,8.09,Canal,33.41,79.88,5.14,245.38,2371.42,581899.04
562,Andhra Pradesh,Nellore,Millet,Zaid,2024,52.49,1482.18,22.03,44.3,120.26,,129.61,7.4,Canal,145.74,57.33,2.75,144.35,2602.54,375676.65
563,Andhra Pradesh,Krishna,Wheat,Rabi,2022,25.42,1471.18,33.83,71.98,43.01,14.51,132.31,5.26,Canal,170.4,73.96,4.74,120.49,1906.22,229680.45
564,Punjab,Patiala,Millet,Rabi,2024,54.42,1379.54,19.41,71.9,31.31,67.04,50.09,7.67,Rainfed,132.32,3.76,2.46,133.87,3271.27,437924.91
565,Andhra Pradesh,Kurnool,Rice,Zaid,2019,6.21,745.64,18.25,45.28,26.51,63.7,22.16,7.46,Drip,45.39,38.49,4.27,26.52,2262.1,59990.89
566,Maharashtra,Satara,Tomato,Kharif,2025,43.81,902.48,28.98,72.06,133.89,79.95,49.96,7.95,Sprinkler,82.87,74.12,5.87,257.16,2434.97,626176.89
567,Uttar Pradesh,Agra,Groundnut,Kharif,2025,24.51,644.74,23.93,79.91,20.11,74.37,33.97,5.37,Rainfed,23.28,48.9,1.59,38.97,5236.36,204060.95
568,Uttar Pradesh,Varanasi,Potato,Rabi,2023,8.51,,26.76,59.52,100.78,84.27,52.68,8.47,Sprinkler,24.53,59.38,5.83,49.61,1836.82,91124.64
569,Telangana,Hyderabad,Onion,Rabi,2020,32.26,1552.96,32.43,55.53,58.02,75.26,26.94,5.59,Canal,207.49,78.35,5.92,190.98,1951.59,372714.66
570,Andhra Pradesh,Kurnool,Millet,Kharif,2022,30.31,423.52,33.06,45.85,20.32,48.93,80.46,7.23,Borewell,58.95,66.9,2.15,65.17,3150.44,205314.17
571,Tamil Nadu,Madurai,Tomato,Rabi,2022,3.52,1725.8,30.31,45.23,137.65,59.09,143.01,5.63,Drip,86.29,14.5,7.47,26.29,2191.39,57611.64
572,Tamil Nadu,Thanjavur,Cotton,Rabi,2022,8.4,893.23,32.41,69.12,58.68,64.94,141.48,7.35,Rainfed,126.84,78.36,3.18,26.71,5917.19,158048.14
573,Uttar Pradesh,Lucknow,Wheat,Zaid,2019,4.35,1567.06,36.67,59.97,70.21,49.68,98.79,7.71,Canal,35.92,18.41,4.3,18.7,1992.73,37264.05
574,Kerala,Thrissur,Millet,Zaid,2024,51.21,764.97,32.08,58.59,131.91,32.36,99.95,5.96,Sprinkler,154.97,66.96,2.34,119.83,2625.89,314660.4
575,Kerala,Palakkad,Millet,Kharif,2019,38.63,1537.08,35.82,67.29,68.26,19.22,18.61,5.18,Sprinkler,185.13,59.94,2.78,107.39,2701.74,290139.86
576,Kerala,Kannur,Wheat,Rabi,2023,72.96,982.52,19.37,68.09,112.06,69.38,72.43,5.79,Borewell,55.26,73.35,3.4,248.06,1919.59,476173.5
577,West Bengal,Nadia,Onion,Zaid,2025,73.99,1280.55,21.42,42.41,112.87,83.24,79.09,5.72,Drip,127.54,33.53,6.07,449.12,2524.71,1133897.76
578,Kerala,Thrissur,Onion,Zaid,2021,87.35,884.49,26.84,43.93,108.99,44.78,56.24,7.08,Canal,248.74,76.61,5.94,518.86,2519.48,1307257.39
579,Karnataka,Mandya,Tomato,Rabi,2020,10.25,1204.51,34.02,90.5,116.37,81.25,37.04,7.34,Sprinkler,174.62,63.03,7.29,74.72,2300.54,171896.35
580,Punjab,Amritsar,Potato,Rabi,2025,56.46,1144.03,22.5,68.57,133.39,27.6,99.83,7.86,Sprinkler,220.19,30.01,7.81,440.95,1908.16,841403.15
581,Tamil Nadu,Madurai,Rice,Rabi,2022,51.81,1328.56,29.55,68.33,97.94,48.18,69.5,5.49,Canal,136.7,27.66,4.8,248.69,2302.94,572718.15
582,Telangana,Karimnagar,Maize,Rabi,2019,84.81,874.65,23.71,56.39,120.27,97.05,71.41,6.38,Borewell,67.59,72.22,4.64,393.52,1962.78,772393.19
583,Andhra Pradesh,Nellore,Rice,Zaid,2018,86.64,1307.84,21.99,67.85,129.39,55.19,145.22,8.3,Borewell,52.41,19.0,4.25,368.22,2163.31,796574.01
584,Karnataka,Hassan,Groundnut,Kharif,2020,14.69,1377.69,23.44,49.33,112.41,51.61,109.97,7.58,Sprinkler,97.47,45.27,3.27,48.04,6097.82,292939.27
585,Telangana,Karimnagar,Maize,Zaid,2021,77.05,942.85,24.27,86.13,107.19,55.91,97.07,6.38,Rainfed,125.22,42.38,4.32,332.86,1847.19,614855.66
586,Uttar Pradesh,Varanasi,Sugarcane,Rabi,2021,64.36,1162.81,24.83,82.88,138.23,,21.15,5.24,Borewell,232.81,13.46,9.37,603.05,4164.3,2511281.11
587,Uttar Pradesh,Kanpur,Potato,Zaid,2025,79.59,570.64,33.22,94.23,111.92,40.49,34.59,6.47,Sprinkler,143.63,79.62,6.9,549.17,1760.1,966594.12
588,Uttar Pradesh,Kanpur,Cotton,Kharif,2018,52.22,433.81,28.85,82.26,45.34,55.19,12.8,5.88,Sprinkler,28.77,40.07,2.24,116.97,7144.87,835735.44
589,Tamil Nadu,Trichy,Onion,Kharif,2024,31.18,1464.26,20.72,53.03,136.58,51.98,52.75,6.5,Sprinkler,156.56,3.23,6.12,190.82,1894.69,361544.75
590,West Bengal,Burdwan,Tomato,Zaid,2021,99.45,712.03,18.44,67.59,97.84,74.94,130.8,6.66,Borewell,202.08,39.1,5.94,590.73,2594.55,1532678.52
591,Tamil Nadu,Madurai,Potato,Zaid,2024,12.72,1674.63,32.38,73.2,26.0,23.97,120.49,6.25,Canal,201.07,33.88,7.66,97.44,2027.68,197577.14
592,Kerala,Kochi,Onion,Zaid,2020,87.07,1655.97,18.14,42.39,83.31,76.23,127.39,8.32,Sprinkler,148.92,27.9,6.23,542.45,1989.31,1079101.21
593,Kerala,Kochi,Rice,Kharif,2023,29.32,307.54,34.12,78.11,71.34,27.77,137.51,5.61,Sprinkler,183.8,47.22,4.46,130.77,2456.9,321288.81
594,West Bengal,Nadia,Rice,Rabi,2023,80.58,848.18,26.46,71.12,132.34,14.94,104.27,8.12,Borewell,66.08,79.26,4.09,329.57,2713.47,894278.31
595,Karnataka,Belgaum,Millet,Kharif,2018,35.01,1414.1,22.4,87.42,69.72,52.62,67.58,8.25,Canal,214.34,2.02,2.91,101.88,2651.8,270165.38
596,Andhra Pradesh,Guntur,Millet,Rabi,2023,61.79,344.31,20.45,51.66,72.07,35.0,131.79,7.12,Sprinkler,73.89,47.16,2.09,129.14,3229.53,417061.5
597,Tamil Nadu,Thanjavur,Cotton,Kharif,2018,82.57,1729.0,37.63,89.4,66.34,80.82,96.79,5.29,Drip,65.75,8.22,3.33,274.96,5831.67,1603475.98
598,Karnataka,Belgaum,Wheat,Rabi,2018,75.91,880.7,28.25,77.0,50.16,24.96,58.93,7.6,Borewell,202.09,78.26,4.07,308.95,2475.73,764876.78
599,Maharashtra,Nashik,Wheat,Rabi,2021,95.74,464.44,29.31,79.35,109.96,22.23,19.33,8.42,Drip,121.95,16.53,4.47,427.96,2601.97,1113539.08
600,Punjab,Patiala,Cotton,Zaid,2021,8.88,1212.32,26.78,92.42,46.4,53.13,104.56,6.13,Canal,94.78,38.75,3.09,27.44,7387.63,202716.57
601,Tamil Nadu,Thanjavur,Potato,Kharif,2019,93.4,1330.41,26.71,53.76,109.12,26.19,138.02,7.63,Drip,236.05,30.74,8.48,792.03,1838.63,1456250.12
602,Karnataka,Bangalore,Potato,Rabi,2025,73.87,690.32,22.8,45.54,41.25,12.57,137.3,5.03,Drip,84.19,47.19,6.85,506.01,1657.43,838676.15
603,Uttar Pradesh,Meerut,Rice,Zaid,2025,52.4,1739.07,30.33,91.49,44.97,38.01,117.8,8.03,Drip,52.38,19.54,5.39,282.44,2560.26,723119.83
604,Haryana,Ambala,Maize,Zaid,2021,34.76,1627.31,30.85,89.1,103.95,51.92,81.68,5.48,Sprinkler,230.39,43.88,6.1,212.04,2098.96,445063.48
605,Punjab,Jalandhar,Wheat,Zaid,2024,20.03,1616.06,27.06,53.38,109.15,90.99,124.58,8.47,Rainfed,246.08,23.38,4.26,85.33,1913.77,163301.99
606,Tamil Nadu,Madurai,Millet,Kharif,2021,23.47,348.1,31.12,67.34,93.48,74.46,68.34,7.65,Rainfed,100.05,39.97,1.5,35.2,3577.51,125928.35
607,Telangana,Hyderabad,Millet,Zaid,2018,48.77,1098.37,24.05,54.78,92.82,53.99,67.12,5.74,Rainfed,144.57,54.66,1.95,95.1,3133.86,298030.09
608,Punjab,Patiala,Onion,Rabi,2019,89.18,1218.89,21.43,45.64,31.31,77.89,12.87,5.87,Canal,36.78,66.05,5.41,482.46,2249.64,1085361.31
609,Haryana,Karnal,Tomato,Rabi,2025,7.45,484.96,20.15,64.21,78.37,66.27,125.83,7.38,Sprinkler,86.24,73.37,5.56,41.42,2187.26,90596.31
610,Karnataka,Bangalore,Potato,Kharif,2021,23.68,660.34,25.83,,53.63,14.78,121.38,6.46,Canal,227.32,67.05,7.25,171.68,1878.72,322538.65
611,Punjab,Ludhiana,Maize,Rabi,2020,23.52,906.91,18.67,77.09,73.46,88.63,74.66,5.07,Borewell,75.76,16.38,5.03,118.31,2098.85,248314.94
612,Andhra Pradesh,Krishna,Rice,Zaid,2023,30.82,1573.7,30.8,67.21,124.96,25.35,29.07,7.21,Rainfed,176.4,8.69,4.04,124.51,2427.17,302206.94
613,Telangana,Khammam,Sugarcane,Kharif,2020,21.31,1081.9,22.03,52.88,40.65,37.49,55.0,5.56,Canal,168.25,58.81,8.73,186.04,4017.73,747458.49
614,Haryana,Hisar,Tomato,Kharif,2023,86.93,1358.07,28.05,49.15,54.99,35.47,43.36,8.06,Borewell,145.49,57.13,5.35,465.08,2816.61,1309948.98
615,Tamil Nadu,Trichy,Cotton,Kharif,2022,2.68,977.61,29.78,75.62,136.24,17.55,58.59,6.47,Rainfed,82.95,41.47,2.8,7.5,6685.1,50138.25
616,Uttar Pradesh,Varanasi,Millet,Kharif,2020,2.16,1348.54,37.68,41.09,50.35,13.64,66.4,8.27,Canal,69.0,23.14,2.08,4.49,2869.46,12883.88
617,Tamil Nadu,Salem,Rice,Zaid,2023,78.13,1681.98,19.77,92.49,26.48,42.43,123.84,7.14,Sprinkler,40.39,73.93,5.22,407.84,2737.35,1116400.82
618,Tamil Nadu,Trichy,Millet,Rabi,2024,67.11,1300.82,27.12,81.19,138.97,74.19,32.96,8.34,Canal,171.24,70.88,2.6,174.49,3155.89,550671.25
619,Maharashtra,Nashik,Sugarcane,Zaid,2024,99.79,368.23,35.48,59.75,121.48,92.01,124.89,5.45,Sprinkler,184.1,2.28,8.28,826.26,3339.49,2759287.01
620,Tamil Nadu,Salem,Rice,Kharif,2025,26.13,1132.04,36.81,63.49,29.64,81.11,69.19,7.8,Drip,200.91,77.96,5.73,149.72,2090.09,312928.27
621,Tamil Nadu,Thanjavur,Cotton,Kharif,2019,42.29,433.5,32.24,71.9,103.28,24.98,120.09,5.88,Rainfed,85.97,33.39,2.64,111.65,7743.28,864537.21
622,Haryana,Hisar,Potato,Rabi,2024,78.83,1333.84,27.75,71.81,32.83,83.9,70.97,5.25,Sprinkler,196.96,14.22,7.48,589.65,1997.16,1177625.39
623,Haryana,Rohtak,Tomato,Zaid,2025,97.09,972.11,25.66,58.17,61.54,40.45,123.13,5.44,Drip,62.07,12.23,6.55,635.94,2171.4,1380880.12
624,Telangana,Warangal,Maize,Rabi,2018,31.64,951.63,35.1,76.2,61.57,11.73,125.53,5.5,Rainfed,225.44,71.14,4.76,150.61,1975.22,297487.88
625,Karnataka,Hassan,Potato,Rabi,2019,40.54,934.99,24.66,62.0,95.14,35.81,145.69,7.13,Drip,243.78,13.94,8.13,329.59,1914.41,630970.39
626,Uttar Pradesh,Varanasi,Rice,Kharif,2019,21.32,1264.13,25.66,48.65,84.36,34.73,77.17,7.61,Borewell,94.43,67.42,4.15,88.48,2127.0,188196.96
627,Kerala,Kollam,Cotton,Zaid,2022,15.27,1784.97,37.99,76.87,99.2,76.01,64.41,6.52,Borewell,179.56,61.25,3.66,55.89,6421.94,358922.23
628,Haryana,Karnal,Onion,Rabi,2019,58.57,1620.82,30.0,55.62,59.27,36.08,47.73,5.51,Borewell,140.52,41.39,5.29,309.84,2274.44,704712.49
629,Uttar Pradesh,Agra,Tomato,Zaid,2025,71.68,1086.06,25.21,83.92,88.65,86.77,122.83,5.46,Canal,229.38,27.49,7.1,508.93,2767.87,1408652.08
630,Tamil Nadu,Coimbatore,Tomato,Kharif,2024,25.4,1573.13,22.9,42.72,21.2,94.34,97.87,6.13,Rainfed,203.24,48.81,5.8,147.32,2747.06,404696.88
631,West Bengal,Hooghly,Groundnut,Zaid,2020,88.29,398.89,33.79,51.84,83.82,15.59,117.32,7.52,Borewell,184.0,23.33,2.57,226.91,5593.76,1269280.08
632,Uttar Pradesh,Lucknow,Rice,Kharif,2025,13.53,635.86,29.16,87.37,132.95,63.92,148.9,5.31,Sprinkler,218.89,36.75,4.91,66.43,2639.82,175363.24
633,Kerala,Kannur,Groundnut,Zaid,2019,11.35,941.76,19.08,72.83,59.68,18.13,88.77,6.68,Canal,35.27,15.33,2.06,23.38,6267.34,146530.41
634,Kerala,Kochi,Groundnut,Zaid,2022,71.29,1001.98,25.64,69.9,35.28,68.46,20.23,6.32,Drip,91.25,77.76,2.4,171.1,5169.26,884460.39
635,Andhra Pradesh,Krishna,Groundnut,Rabi,2022,46.53,1115.9,37.94,68.86,67.02,37.9,45.22,6.2,Sprinkler,101.48,72.66,2.51,116.79,6941.33,810677.93
636,Uttar Pradesh,Kanpur,Rice,Kharif,2022,41.51,1643.48,24.43,44.13,116.32,22.56,118.75,7.19,Drip,133.98,3.39,5.75,238.68,2321.17,554016.86
637,Telangana,Karimnagar,Wheat,Rabi,2021,96.32,1723.27,29.28,51.58,60.26,39.27,139.27,6.46,Borewell,224.9,22.0,4.9,471.97,2486.78,1173685.56
638,Uttar Pradesh,Varanasi,Cotton,Rabi,2018,71.72,464.67,27.95,40.36,88.76,12.14,65.57,6.06,Rainfed,140.68,45.3,2.62,187.91,7214.09,1355599.65
639,Kerala,Kannur,Wheat,Kharif,2018,53.33,1446.93,36.64,79.45,40.15,47.76,77.91,5.9,Sprinkler,178.13,38.68,4.69,250.12,2172.18,543305.66
640,Punjab,Patiala,Millet,Zaid,2018,47.58,1701.84,29.38,61.03,71.85,58.49,72.46,6.98,Sprinkler,187.96,41.97,2.84,135.13,3297.72,445620.9
641,Uttar Pradesh,Kanpur,Potato,Rabi,2018,44.28,684.61,26.27,65.4,107.33,16.62,41.18,7.62,Rainfed,150.52,76.16,5.41,239.55,1752.31,419765.86
642,Haryana,Karnal,Rice,Rabi,2019,20.11,1498.03,27.12,43.92,49.2,75.29,19.57,8.34,Borewell,206.18,77.49,5.13,103.16,2441.43,251857.92
643,Uttar Pradesh,Varanasi,Millet,Rabi,2020,12.5,444.37,21.31,94.01,90.71,66.38,85.33,7.32,Canal,192.44,12.63,2.39,29.88,2920.79,87273.21
644,Uttar Pradesh,Varanasi,Cotton,Zaid,2024,37.87,646.63,22.85,77.33,81.08,89.9,107.13,6.38,Drip,60.72,51.45,3.12,118.15,6353.45,750660.12
645,Kerala,Thrissur,Tomato,Zaid,2019,77.94,1464.23,25.28,51.55,78.37,30.23,37.32,5.58,Sprinkler,192.99,8.17,6.79,529.21,2576.06,1363276.71
646,Maharashtra,Nashik,Millet,Rabi,2021,5.74,1269.8,31.03,48.47,41.92,77.55,57.47,7.48,Borewell,244.67,59.7,2.8,16.07,2814.81,45234.0
647,Punjab,Amritsar,Rice,Kharif,2018,27.73,1799.45,36.97,52.36,79.49,79.43,10.31,8.11,Borewell,192.25,63.94,5.36,148.63,2633.68,391443.86
648,Uttar Pradesh,Kanpur,Millet,Rabi,2018,18.16,816.66,18.18,79.39,114.4,40.5,124.71,5.46,Drip,174.44,21.69,2.68,48.67,2569.49,125057.08
649,Kerala,Kochi,Groundnut,Rabi,2022,77.86,1713.52,34.74,43.67,138.36,17.97,50.78,6.3,Sprinkler,198.62,27.06,2.78,216.45,5446.86,1178972.85
650,Punjab,Patiala,Maize,Zaid,2022,65.86,1299.71,32.44,79.71,36.17,46.72,24.95,7.86,Drip,25.9,74.13,4.62,304.27,2181.47,663755.88
651,Kerala,Palakkad,Sugarcane,Zaid,2020,4.8,1494.99,37.23,70.19,25.25,61.03,65.75,7.7,Drip,203.79,42.77,9.51,45.65,3137.1,143208.61
652,Punjab,Ludhiana,Wheat,Rabi,2024,71.16,862.45,19.07,67.55,95.1,81.42,49.28,6.95,Rainfed,207.24,49.28,3.75,266.85,2601.14,694114.21
653,Tamil Nadu,Trichy,Onion,Kharif,2019,62.59,358.03,19.72,93.32,110.42,57.26,61.61,5.23,Drip,247.76,60.06,5.69,356.14,2511.83,894563.14
654,Andhra Pradesh,Kurnool,Maize,Rabi,2022,73.43,615.87,29.12,62.28,91.16,78.03,100.28,5.82,Sprinkler,216.76,9.17,5.62,412.68,2169.91,895478.46
655,Maharashtra,Kolhapur,Rice,Kharif,2018,49.98,1733.75,27.89,47.26,116.04,70.12,85.35,7.77,Rainfed,114.71,38.96,4.56,227.91,2233.2,508968.61
656,Haryana,Karnal,Wheat,Zaid,2021,2.0,422.23,28.71,43.31,97.16,51.86,145.94,7.37,Borewell,115.32,10.32,3.81,7.62,2580.87,19666.23
657,Tamil Nadu,Coimbatore,Maize,Kharif,2021,3.55,1462.72,25.43,51.49,71.97,27.28,136.62,5.69,Borewell,163.13,53.61,5.05,17.93,1840.76,33004.83
658,Andhra Pradesh,Nellore,Wheat,Zaid,2020,94.64,825.11,36.12,93.99,51.27,59.22,36.2,5.11,Drip,112.82,56.79,3.91,370.04,2298.94,850699.76
659,Telangana,Warangal,Wheat,Kharif,2020,72.45,1689.24,32.88,89.34,65.46,25.62,137.8,5.32,Drip,237.71,21.24,5.61,406.44,2215.06,900288.99
660,Telangana,Karimnagar,Millet,Rabi,2023,87.14,835.33,29.84,88.33,55.99,29.25,15.29,5.15,Borewell,204.32,7.48,2.66,231.79,3273.4,758741.39
661,Telangana,Hyderabad,Onion,Zaid,2025,51.09,1076.77,33.1,81.41,126.89,62.93,138.45,6.91,Canal,238.19,52.04,6.18,315.74,2144.88,677224.41
662,Telangana,Warangal,Groundnut,Rabi,2018,70.58,1686.12,23.07,88.12,100.45,93.81,65.7,8.34,Rainfed,228.58,39.79,2.85,201.15,5864.46,1179636.13
663,Karnataka,Belgaum,Rice,Zaid,2018,10.32,1033.94,19.87,78.88,42.91,11.41,68.52,5.3,Rainfed,232.55,62.47,4.6,47.47,2816.43,133695.93
664,Haryana,Karnal,Wheat,Zaid,2018,86.72,1459.12,24.22,66.97,40.21,79.07,114.92,6.89,Sprinkler,99.66,48.75,4.61,399.78,2591.6,1036069.85
665,Kerala,Thrissur,Potato,Kharif,2024,30.78,1381.0,23.03,54.96,25.83,68.61,41.0,5.29,Sprinkler,142.44,22.88,6.99,215.15,1558.7,335354.3
666,Telangana,Warangal,Cotton,Zaid,2018,44.56,391.76,32.87,51.93,38.71,49.77,80.89,6.33,Borewell,228.13,45.68,3.23,143.93,6549.64,942689.69
667,Haryana,Karnal,Tomato,Kharif,2021,98.94,1005.82,18.8,58.28,57.74,73.02,125.68,7.56,Rainfed,30.59,29.54,5.05,499.65,2146.1,1072298.86
668,Karnataka,Mysore,Millet,Kharif,2021,12.37,558.66,37.06,63.29,117.89,46.29,140.98,8.32,Borewell,67.1,30.94,1.84,22.76,3215.94,73194.79
669,Kerala,Palakkad,Sugarcane,Rabi,2018,56.76,1576.92,25.98,64.64,113.08,35.93,55.36,7.38,Rainfed,122.81,21.97,7.13,404.7,3937.97,1593696.46
670,Maharashtra,Kolhapur,Rice,Rabi,2025,17.04,521.03,19.69,74.1,39.2,11.28,119.49,7.84,Canal,104.6,34.42,4.53,77.19,2738.91,211416.46
671,Kerala,Palakkad,Wheat,Kharif,2021,7.11,787.13,31.44,53.87,120.18,78.56,56.07,6.87,Borewell,34.93,50.82,4.15,29.51,2032.12,59967.86
672,West Bengal,Hooghly,Millet,Kharif,2024,38.88,562.05,23.6,55.05,59.05,27.95,98.73,6.99,Canal,40.85,54.05,1.78,69.21,2847.57,197080.32
673,Uttar Pradesh,Kanpur,Millet,Rabi,2021,30.88,1233.84,25.03,43.46,42.64,61.21,113.53,7.74,Sprinkler,72.24,32.39,2.79,86.16,3496.74,301279.12
674,Maharashtra,Nagpur,Potato,Kharif,2022,25.63,512.32,18.5,61.11,105.25,69.5,16.16,7.93,Drip,32.07,35.34,6.1,156.34,2117.05,330979.6
675,Andhra Pradesh,Guntur,Wheat,Rabi,2019,39.99,706.73,27.87,78.31,55.61,85.78,11.45,7.23,Canal,160.23,10.63,3.91,156.36,2262.87,353822.35
676,Maharashtra,Nashik,Maize,Rabi,2020,35.46,815.03,28.04,72.36,100.2,30.54,54.43,8.37,Drip,243.32,78.68,5.93,210.28,2000.47,420658.83
677,Punjab,Jalandhar,Rice,Kharif,2025,59.79,351.07,34.58,61.99,118.53,59.13,57.34,5.88,Rainfed,175.07,17.95,3.75,224.21,2165.91,485618.68
678,West Bengal,Murshidabad,Tomato,Zaid,2024,69.73,366.32,35.34,64.0,49.35,78.9,19.68,5.52,Borewell,222.34,17.58,5.95,414.89,2953.87,1225531.12
679,Karnataka,Mandya,Cotton,Rabi,2020,14.05,1130.75,29.75,57.49,107.68,13.81,11.57,6.6,Drip,114.34,29.12,3.49,49.03,6167.38,302386.64
680,Uttar Pradesh,Kanpur,Rice,Zaid,2023,60.61,1063.31,19.36,45.95,75.78,95.64,142.28,7.73,Borewell,167.18,62.23,5.15,312.14,2762.91,862414.73
681,Kerala,Kochi,Onion,Rabi,2019,92.45,1449.18,30.71,48.16,28.2,84.38,46.67,7.41,Drip,57.87,46.13,5.28,488.14,2531.57,1235760.58
682,West Bengal,Hooghly,Potato,Rabi,2025,39.88,1727.41,35.43,59.97,133.56,23.04,34.82,8.02,Drip,241.8,33.52,8.26,329.41,1941.79,639645.04
683,Punjab,Patiala,Tomato,Zaid,2025,42.55,943.28,29.8,82.31,111.01,43.46,44.17,7.55,Drip,100.38,73.89,6.23,265.09,2927.83,776138.45
684,Tamil Nadu,Coimbatore,Cotton,Rabi,2021,60.22,870.88,25.67,57.24,22.23,75.22,58.97,6.1,Sprinkler,22.52,15.24,3.11,187.28,7009.5,1312739.16
685,Maharashtra,Kolhapur,Tomato,Zaid,2019,84.12,,31.76,57.75,37.67,50.73,133.37,6.47,Borewell,164.79,40.12,6.45,542.57,2212.05,1200191.97
686,Uttar Pradesh,Lucknow,Rice,Kharif,2025,45.18,1191.83,31.66,71.93,54.9,33.98,116.75,5.9,Sprinkler,38.31,48.37,4.24,191.56,2535.08,485619.92
687,Telangana,Khammam,Sugarcane,Rabi,2021,33.9,495.92,24.6,84.45,135.55,67.14,134.17,6.49,Borewell,42.74,11.13,7.48,253.57,3839.06,973470.44
688,Punjab,Amritsar,Potato,Zaid,2024,42.95,1232.82,35.24,49.59,23.0,45.96,148.03,5.35,Rainfed,228.17,69.81,6.67,286.48,1679.75,481214.78
689,Uttar Pradesh,Lucknow,Millet,Zaid,2018,82.46,1267.55,31.67,54.44,121.83,46.15,126.19,5.54,Rainfed,181.68,16.25,2.62,216.05,2880.2,622267.21
690,Tamil Nadu,Trichy,Sugarcane,Zaid,2025,30.07,815.15,21.31,62.15,68.11,78.5,77.56,8.29,Sprinkler,203.74,12.66,9.11,273.94,3400.85,931628.85
691,Andhra Pradesh,Guntur,Wheat,Rabi,2023,88.45,,37.99,56.96,101.15,40.68,86.09,7.94,Drip,132.34,41.22,4.74,419.25,2175.64,912137.07
692,Andhra Pradesh,Kurnool,Tomato,Kharif,2018,25.99,1060.86,26.06,78.98,116.48,74.13,61.51,6.18,Drip,66.02,9.43,6.46,167.9,2229.48,374329.69
693,Karnataka,Hassan,Maize,Rabi,2019,48.65,1191.16,36.13,67.85,104.98,84.95,27.01,7.84,Drip,89.37,49.8,5.26,255.9,2088.52,534452.27
694,Uttar Pradesh,Meerut,Cotton,Rabi,2025,26.12,1591.4,30.14,71.06,118.6,21.01,128.8,6.45,Sprinkler,39.47,5.63,3.43,89.59,5777.43,517599.95
695,West Bengal,Nadia,Rice,Zaid,2024,13.65,1080.79,35.76,84.46,106.91,42.97,15.15,8.17,Borewell,231.01,55.03,4.93,67.29,2250.61,151443.55
696,Punjab,Jalandhar,Maize,Rabi,2024,48.47,1594.58,22.88,58.43,83.07,57.55,144.61,6.12,Borewell,220.74,64.17,5.73,277.73,1957.46,543645.37
697,Tamil Nadu,Salem,Potato,Kharif,2020,84.0,1636.89,19.1,78.68,96.3,94.4,27.99,5.31,Rainfed,74.97,18.11,5.5,462.0,1553.62,717772.44
698,Karnataka,Mysore,Onion,Zaid,2019,91.16,1440.84,20.31,43.93,78.27,40.86,68.57,8.25,Canal,180.81,3.75,6.08,554.25,2529.46,1401953.21
699,Uttar Pradesh,Varanasi,Millet,Kharif,2018,40.89,952.47,37.72,85.16,107.28,34.26,24.02,6.23,Rainfed,85.82,21.67,1.89,77.28,3548.7,274243.54
700,Telangana,Khammam,Wheat,Kharif,2024,22.36,1520.74,21.37,65.08,65.68,58.46,,8.2,Rainfed,101.73,46.79,3.06,68.42,2511.45,171833.41
701,Andhra Pradesh,Nellore,Rice,Kharif,2018,37.06,895.19,32.96,94.57,69.93,25.51,26.22,7.03,Borewell,57.78,20.47,3.6,133.42,2835.99,378377.79
702,Uttar Pradesh,Kanpur,Onion,Kharif,2024,17.64,559.83,26.94,80.37,54.28,87.83,133.92,5.16,Canal,233.25,72.31,5.75,101.43,1939.21,196694.07
703,Andhra Pradesh,Guntur,Tomato,Rabi,2019,85.77,1254.06,24.91,48.16,133.94,99.71,62.53,7.1,Drip,143.49,45.76,6.66,571.23,2695.55,1539779.03
704,Karnataka,Mandya,Sugarcane,Kharif,2022,20.06,1596.99,24.23,46.66,79.21,61.49,89.72,6.44,Canal,49.22,10.1,8.16,163.69,3844.93,629376.59
705,Telangana,Khammam,Sugarcane,Kharif,2019,44.36,1235.15,26.99,78.97,97.33,74.26,50.97,6.13,Drip,91.42,79.57,9.04,401.01,3019.94,1211026.14
706,Telangana,Khammam,Rice,Kharif,2024,81.84,798.97,36.72,87.72,30.16,94.98,82.42,5.26,Canal,77.2,35.67,4.4,360.1,2572.6,926393.26
707,Tamil Nadu,Madurai,Rice,Zaid,2022,16.85,526.87,33.97,93.05,22.19,88.21,37.34,5.15,Rainfed,70.43,25.81,3.23,54.43,2654.96,144509.47
708,Telangana,Karimnagar,Onion,Kharif,2018,14.13,574.34,18.11,94.56,76.43,88.48,41.51,6.67,Rainfed,199.44,24.66,4.56,64.43,2083.92,134266.97
709,Haryana,Ambala,Cotton,Rabi,2024,43.97,1373.19,28.55,48.82,104.28,97.03,52.03,7.65,Rainfed,75.32,42.21,2.27,99.81,7246.32,723255.2
710,Telangana,Khammam,Cotton,Rabi,2020,5.17,1526.87,26.73,83.45,54.86,40.57,141.03,5.58,Sprinkler,201.0,38.02,3.71,19.18,7797.93,149564.3
711,West Bengal,Hooghly,Tomato,Zaid,2022,98.22,558.99,33.57,45.13,21.47,63.43,134.14,7.35,Canal,227.69,65.5,6.48,636.47,2895.66,1843000.72
712,West Bengal,Murshidabad,Wheat,Kharif,2025,93.91,1488.33,28.64,59.62,110.98,91.96,12.08,7.83,Canal,38.69,3.63,4.08,383.15,2354.13,901984.91
713,West Bengal,Murshidabad,Maize,Kharif,2022,12.86,661.6,27.36,41.83,38.55,89.78,48.5,5.48,Drip,69.84,15.24,4.75,61.08,1813.09,110743.54
714,Maharashtra,Nashik,Wheat,Zaid,2022,56.51,396.49,25.0,64.42,115.48,31.67,74.47,6.68,Sprinkler,179.13,53.72,4.14,233.95,2275.59,532374.28
715,West Bengal,Nadia,Maize,Zaid,2021,61.96,452.84,32.61,52.51,69.77,87.09,111.06,8.09,Sprinkler,247.51,70.18,5.5,340.78,1768.58,602696.69
716,Uttar Pradesh,Varanasi,Millet,Zaid,2018,44.56,1190.42,24.47,87.12,82.16,76.9,124.18,7.4,Canal,62.69,63.79,2.49,110.95,2986.87,331393.23
717,West Bengal,Hooghly,Groundnut,Zaid,2018,16.48,855.09,23.23,81.33,40.81,18.85,55.82,5.48,Borewell,24.54,11.17,2.27,37.41,5598.36,209434.65
718,West Bengal,Murshidabad,Wheat,Zaid,2022,26.52,594.32,34.94,57.04,85.77,50.77,132.89,5.35,Sprinkler,76.6,54.98,3.95,104.75,2542.4,266316.4
719,Uttar Pradesh,Varanasi,Maize,Zaid,2018,53.68,1675.53,35.21,64.61,76.14,34.75,29.86,5.01,Borewell,118.69,77.49,4.91,263.57,1627.7,429012.89
720,Punjab,Jalandhar,Wheat,Kharif,2023,8.92,1610.5,37.55,40.26,56.88,94.47,54.37,7.29,Borewell,185.6,8.63,4.96,44.24,1952.01,86356.92
721,Uttar Pradesh,Kanpur,Wheat,Kharif,2024,8.2,793.71,37.58,92.79,126.31,86.29,39.5,7.19,Canal,229.29,73.42,4.84,39.69,2390.32,94871.8
722,Kerala,Kannur,Groundnut,Zaid,2023,54.85,971.84,32.98,71.08,57.11,55.22,57.42,7.65,Canal,31.23,24.81,2.11,115.73,6526.15,755271.34
723,Punjab,Ludhiana,Tomato,Rabi,2025,81.04,979.95,25.15,86.44,107.17,18.6,65.44,8.44,Borewell,44.88,51.99,5.69,461.12,2760.78,1273050.87
724,Punjab,Patiala,Rice,Rabi,2020,33.81,1489.49,29.29,92.38,89.44,68.21,140.28,6.5,Sprinkler,149.15,51.68,5.26,177.84,2856.89,508069.32
725,Maharashtra,Nagpur,Tomato,Zaid,2018,62.93,584.03,26.09,88.14,85.74,12.16,116.99,7.03,Sprinkler,66.35,64.99,5.18,325.98,2777.27,905334.47
726,Maharashtra,Nagpur,Sugarcane,Rabi,2024,12.75,817.91,32.81,87.43,60.79,91.0,16.97,6.23,Sprinkler,245.27,64.18,9.08,115.77,3344.68,387213.6
727,Karnataka,Belgaum,Rice,Zaid,2022,35.2,1459.91,37.36,92.48,131.89,73.64,135.38,5.83,Canal,117.65,67.31,4.87,171.42,2731.7,468268.01
728,Tamil Nadu,Coimbatore,Tomato,Rabi,2020,23.99,1168.04,22.53,71.86,44.83,81.61,98.43,6.11,Drip,46.23,29.12,6.3,151.14,2792.5,422058.45
729,West Bengal,Burdwan,Rice,Rabi,2020,95.8,978.27,20.02,72.3,112.95,28.82,73.44,5.55,Drip,189.45,55.84,5.42,519.24,2101.25,1091053.05
730,Maharashtra,Nagpur,Potato,Kharif,2021,23.89,887.54,18.27,44.27,38.48,43.91,97.95,6.92,Borewell,160.77,31.4,6.41,153.13,1530.86,234420.59
731,Telangana,Hyderabad,Groundnut,Rabi,2019,60.95,358.87,25.3,88.37,138.56,69.79,105.36,5.13,Drip,44.33,23.68,2.53,154.2,5769.24,889616.81
732,Tamil Nadu,Coimbatore,Maize,Kharif,2022,96.57,388.51,30.78,85.14,128.73,27.0,45.91,5.19,Rainfed,123.43,64.84,4.1,395.94,1722.47,681994.77
733,West Bengal,Nadia,Potato,Kharif,2022,24.03,402.53,20.61,81.95,21.51,90.84,91.39,6.23,Sprinkler,248.07,78.69,6.83,164.12,1839.42,301885.61
734,West Bengal,Kolkata,Onion,Rabi,2023,26.44,450.43,21.38,65.67,60.33,44.13,75.19,6.63,Drip,82.39,49.96,5.49,145.16,2622.43,380671.94
735,Telangana,Khammam,Groundnut,Kharif,2022,10.41,1228.72,18.66,73.28,83.55,78.61,15.48,8.28,Drip,50.68,70.63,2.45,25.5,6181.95,157639.73
736,Andhra Pradesh,Guntur,Maize,Kharif,2018,82.52,1496.23,33.52,69.43,91.5,38.31,88.56,6.87,Rainfed,165.53,20.88,4.54,374.64,1905.46,713861.53
737,Telangana,Karimnagar,Rice,Kharif,2019,33.64,478.88,25.26,73.59,130.88,16.99,140.2,7.47,Drip,207.58,50.2,5.21,175.26,2221.43,389327.82
738,Andhra Pradesh,Kurnool,Cotton,Rabi,2021,41.62,1446.02,23.84,82.08,55.09,17.33,11.6,6.5,Borewell,224.52,18.37,3.49,145.25,7758.77,1126961.34
739,Tamil Nadu,Coimbatore,Wheat,Zaid,2020,88.99,767.52,37.09,51.31,56.94,36.01,75.6,8.46,Drip,117.26,54.22,4.03,358.63,1879.54,674059.43
740,Punjab,Jalandhar,Millet,Kharif,2024,78.59,1754.02,37.4,63.74,36.84,62.86,38.14,7.77,Sprinkler,170.57,5.83,2.17,170.54,2658.78,453428.34
741,Karnataka,Belgaum,Rice,Zaid,2020,34.78,1050.74,20.11,50.36,115.19,23.51,102.36,6.13,Drip,218.88,7.23,5.23,181.9,2044.76,371941.84
742,Uttar Pradesh,Kanpur,Tomato,Zaid,2018,48.25,1732.54,22.52,70.09,79.6,45.42,77.65,7.77,Sprinkler,198.21,28.31,7.24,349.33,2678.97,935844.59
743,Uttar Pradesh,Varanasi,Wheat,Kharif,2018,93.6,1731.69,26.41,82.08,121.94,95.63,89.51,5.58,Sprinkler,34.7,57.75,4.68,438.05,2110.97,924710.41
744,West Bengal,Kolkata,Groundnut,Rabi,2025,12.88,1535.98,27.03,40.87,125.46,71.37,85.75,8.36,Sprinkler,220.39,66.54,3.23,41.6,5661.04,235499.26
745,Haryana,Karnal,Sugarcane,Zaid,2023,5.31,1092.09,22.61,80.91,69.35,34.19,149.82,5.25,Borewell,177.66,11.39,8.67,46.04,3305.87,152202.25
746,Karnataka,Mysore,Maize,Zaid,2019,68.22,850.0,29.46,82.95,137.35,49.1,31.06,6.63,Drip,121.73,45.4,5.0,341.1,1959.21,668286.53
747,Haryana,Hisar,Sugarcane,Kharif,2019,13.81,852.03,18.31,57.51,65.07,98.14,52.55,5.93,Rainfed,230.05,20.09,7.49,103.44,3826.33,395795.58
748,Karnataka,Belgaum,Wheat,Zaid,2023,29.6,750.79,18.31,84.93,37.96,30.37,75.6,6.49,Canal,195.31,79.23,4.23,125.21,2468.9,309130.97
749,Maharashtra,Nashik,Groundnut,Kharif,2020,55.06,980.9,24.53,81.62,45.46,28.17,130.28,7.37,Drip,68.9,31.2,2.55,140.4,6615.18,928771.27
750,Maharashtra,Nashik,Wheat,Zaid,2025,10.3,1560.01,29.41,67.87,89.81,39.11,82.27,7.45,Rainfed,248.2,53.14,4.11,42.33,2287.41,96826.07
751,Punjab,Bathinda,Sugarcane,Zaid,2019,98.97,1298.11,25.52,94.04,134.79,28.13,130.95,6.12,Drip,88.31,30.11,9.29,919.43,3393.59,3120168.45
752,Andhra Pradesh,Nellore,Sugarcane,Zaid,2022,6.32,301.81,29.83,40.7,93.93,27.01,36.86,7.29,Borewell,111.13,17.08,7.3,46.14,3632.92,167622.93
753,Telangana,Karimnagar,Tomato,Zaid,2022,2.94,744.4,30.33,74.42,69.82,81.94,52.89,6.65,Rainfed,50.93,24.57,4.85,14.26,2589.63,36928.12
754,Kerala,Kochi,Maize,Rabi,2023,58.57,1653.29,22.97,77.3,66.29,80.12,111.47,5.21,Drip,145.96,40.58,6.28,367.82,1821.76,670079.76
755,Uttar Pradesh,Agra,Potato,Zaid,2019,21.64,1672.62,20.02,84.11,110.79,84.02,40.31,5.92,Canal,238.02,57.91,8.01,173.34,1774.23,307545.03
756,West Bengal,Hooghly,Millet,Rabi,2018,39.12,1462.95,23.5,66.05,116.2,68.46,75.48,7.02,Rainfed,208.76,37.19,2.56,100.15,3183.83,318860.57
757,Tamil Nadu,Trichy,Groundnut,Zaid,2020,58.07,1407.27,21.48,45.53,104.73,98.77,83.08,7.89,Drip,185.83,52.14,3.61,209.63,5781.9,1212059.7
758,Telangana,Hyderabad,Groundnut,Kharif,2022,22.32,1035.18,29.5,80.6,23.46,15.78,85.31,7.52,Drip,206.45,34.13,3.12,69.64,6445.23,448845.82
759,West Bengal,Hooghly,Wheat,Kharif,2023,18.8,548.43,24.91,62.61,44.49,72.41,138.39,6.38,Borewell,124.66,24.67,4.12,77.46,1876.04,145318.06
760,West Bengal,Murshidabad,Wheat,Zaid,2020,32.8,1282.54,30.07,76.79,73.5,41.19,127.03,7.65,Drip,70.24,49.03,4.21,138.09,2300.1,317620.81
761,Uttar Pradesh,Meerut,Cotton,Rabi,2019,40.35,1444.96,33.06,56.19,109.46,32.12,112.04,7.62,Borewell,78.06,31.15,3.14,126.7,7234.93,916665.63
762,Andhra Pradesh,Kurnool,Millet,Rabi,2021,49.34,1222.61,34.28,79.72,38.1,85.24,141.03,5.48,Canal,192.97,5.56,2.93,144.57,2762.12,399319.69
763,Andhra Pradesh,Nellore,Wheat,Zaid,2025,91.68,910.09,19.0,73.54,57.98,67.64,71.13,5.32,Canal,36.63,60.01,3.68,337.38,2301.41,776449.71
764,Uttar Pradesh,Meerut,Cotton,Kharif,2018,56.4,481.26,28.15,80.39,46.55,39.45,40.53,6.37,Sprinkler,241.67,74.61,3.31,186.68,6822.04,1273538.43
765,Haryana,Ambala,Maize,Kharif,2020,10.38,1145.02,18.11,41.64,111.54,43.04,86.33,6.81,Rainfed,105.54,4.21,4.08,42.35,1651.18,69927.47
766,Kerala,Kollam,Rice,Kharif,2021,43.9,1071.06,31.4,76.7,63.6,75.72,51.81,6.9,Rainfed,145.51,50.96,3.91,171.65,2825.61,485015.96
767,Tamil Nadu,Madurai,Tomato,Kharif,2020,21.43,814.38,30.26,85.13,43.24,27.86,112.57,7.15,Sprinkler,47.76,50.97,5.93,127.08,2733.16,347329.97
768,Andhra Pradesh,Krishna,Wheat,Rabi,2022,67.73,1733.12,21.49,83.54,69.64,95.72,,6.68,Canal,76.17,35.6,4.22,285.82,2234.48,638659.07
769,Kerala,Thrissur,Potato,Rabi,2024,40.26,463.18,29.86,89.29,76.75,77.53,95.61,5.35,Borewell,20.58,9.89,5.61,225.86,1622.51,366460.11
770,Punjab,Amritsar,Cotton,Kharif,2024,37.96,335.25,21.91,82.05,65.06,19.97,59.35,5.61,Rainfed,148.02,18.63,1.7,64.53,7090.45,457546.74
771,Andhra Pradesh,Chittoor,Millet,Kharif,2024,54.22,1479.45,35.84,93.41,85.13,96.11,31.54,6.67,Drip,204.56,54.29,2.84,153.98,2906.03,447470.5
772,Maharashtra,Nagpur,Rice,Zaid,2019,18.69,1080.13,24.68,92.79,68.08,56.93,119.06,6.19,Canal,210.58,35.19,4.92,91.95,2091.91,192351.12
773,Uttar Pradesh,Lucknow,Rice,Rabi,2021,80.57,1234.89,37.17,63.93,99.96,59.19,38.74,7.64,Drip,202.79,77.09,5.35,431.05,2107.37,908381.84
774,Karnataka,Bangalore,Rice,Zaid,2018,88.84,1767.69,28.35,49.21,65.0,19.62,79.13,8.06,Sprinkler,97.86,17.33,4.93,437.98,2762.98,1210129.98
775,West Bengal,Kolkata,Tomato,Kharif,2018,12.54,1479.46,29.49,84.72,126.81,59.75,145.47,8.49,Sprinkler,134.96,32.23,6.7,84.02,2568.15,215775.96
776,Maharashtra,Satara,Sugarcane,Rabi,2023,81.93,960.8,26.57,59.71,82.33,66.88,122.1,6.58,Rainfed,97.85,53.32,6.91,566.14,3854.21,2182022.45
777,Kerala,Kollam,Millet,Kharif,2023,22.38,327.52,23.65,77.04,110.68,33.88,53.4,6.85,Borewell,63.54,49.06,1.9,42.52,2676.59,113808.61
778,Haryana,Karnal,Millet,Zaid,2021,59.35,1764.81,28.67,64.88,25.98,26.26,100.65,5.48,Canal,243.33,70.9,2.44,144.81,3542.83,513037.21
779,Uttar Pradesh,Meerut,Sugarcane,Kharif,2025,10.23,352.74,32.17,43.43,40.21,75.51,35.72,6.79,Drip,37.63,29.73,7.53,77.03,3640.43,280422.32
780,Maharashtra,Nagpur,Rice,Kharif,2019,81.39,1784.76,21.11,41.86,77.87,61.49,96.23,7.76,Sprinkler,74.43,70.39,4.77,388.23,2728.39,1059242.85
781,Uttar Pradesh,Kanpur,Potato,Kharif,2024,28.34,922.1,22.32,86.57,24.34,38.93,116.9,8.36,Rainfed,244.75,47.41,6.18,175.14,1532.21,268351.26
782,Karnataka,Mandya,Wheat,Zaid,2018,37.21,1013.37,31.59,54.32,55.93,39.09,46.46,7.63,Sprinkler,165.92,66.56,4.86,180.84,2199.32,397725.03
783,Telangana,Hyderabad,Potato,Kharif,2021,99.89,1140.78,30.89,49.74,137.76,56.65,139.87,6.43,Sprinkler,105.37,56.99,6.63,662.27,1893.77,1254187.06
784,Maharashtra,Nashik,Cotton,Kharif,2019,88.38,431.41,22.66,82.52,65.79,55.6,47.62,6.85,Sprinkler,145.17,76.14,2.82,249.23,6947.78,1731595.21
785,Karnataka,Mandya,Millet,Zaid,2023,36.47,586.92,23.07,59.6,122.76,89.44,51.57,7.88,Sprinkler,242.84,56.21,2.38,86.8,2923.89,253793.65
786,Andhra Pradesh,Chittoor,Potato,Rabi,2018,38.12,378.13,22.29,93.76,62.26,48.58,125.39,7.68,Borewell,166.04,32.2,6.16,234.82,2102.7,493756.01
787,Punjab,Jalandhar,Rice,Kharif,2023,95.92,954.67,28.51,45.02,89.81,56.99,56.33,6.9,Canal,234.46,13.45,5.3,508.38,2461.31,1251280.78
788,Punjab,Bathinda,Wheat,Zaid,2019,71.32,1571.64,25.88,90.87,65.2,61.65,13.8,5.92,Rainfed,235.7,2.33,4.16,296.69,2551.79,757090.58
789,Haryana,Ambala,Rice,Rabi,2024,92.53,1108.8,37.09,78.32,81.26,24.34,62.11,7.35,Canal,30.4,2.15,3.84,355.32,2092.35,743453.8
790,West Bengal,Murshidabad,Cotton,Kharif,2025,6.79,608.41,23.98,81.71,85.31,82.39,85.18,8.18,Sprinkler,179.35,43.51,3.05,20.71,6512.89,134881.95
791,Andhra Pradesh,Chittoor,Potato,Kharif,2023,57.7,1240.17,23.78,61.31,86.42,96.5,36.16,6.23,Sprinkler,233.75,28.21,7.71,444.87,1778.44,791174.6
792,Uttar Pradesh,Varanasi,Groundnut,Kharif,2018,31.33,529.65,24.33,93.15,109.11,42.08,91.45,5.35,Sprinkler,73.29,44.27,2.28,71.43,5376.11,384015.54
793,Punjab,Jalandhar,Cotton,Rabi,2020,84.12,1689.75,21.4,50.44,23.87,51.63,53.89,7.33,Drip,180.13,20.64,3.79,318.81,6094.91,1943118.26
794,Karnataka,Belgaum,Groundnut,Kharif,2019,73.68,611.19,20.91,79.96,71.96,68.19,48.07,6.34,Drip,74.03,9.83,2.12,156.2,5231.01,817083.76
795,Tamil Nadu,Madurai,Potato,Kharif,2020,43.71,481.69,26.73,74.8,52.72,55.69,54.18,8.47,Sprinkler,68.64,22.73,5.9,257.89,1553.04,400513.49
796,Telangana,Hyderabad,Potato,Rabi,2020,98.66,731.73,21.89,50.13,49.81,71.63,36.15,6.9,Rainfed,167.63,77.61,5.33,525.86,1616.71,850163.12
797,West Bengal,Nadia,Tomato,Zaid,2019,79.23,1652.21,30.02,47.89,40.93,41.76,62.57,6.57,Borewell,240.08,70.57,6.54,518.16,2330.11,1207369.8
798,Karnataka,Bangalore,Potato,Zaid,2025,57.44,1278.52,30.76,,129.39,44.15,127.34,6.1,Drip,69.09,43.84,6.91,396.91,2056.28,816158.09
799,Maharashtra,Kolhapur,Cotton,Rabi,2019,10.79,511.47,27.29,41.1,101.46,77.27,26.14,5.8,Canal,65.46,39.41,2.83,30.54,7075.49,216085.46
800,Uttar Pradesh,Agra,Onion,Rabi,2022,68.27,1157.16,24.95,58.1,49.46,68.64,126.52,6.61,Canal,137.28,69.32,5.78,394.6,2190.84,864505.46
801,West Bengal,Burdwan,Potato,Kharif,2018,44.19,1549.28,25.86,59.61,25.32,37.76,105.12,6.98,Canal,87.91,17.42,7.13,315.07,1811.65,570796.57
802,Kerala,Kollam,Rice,Zaid,2024,36.26,1796.07,32.49,41.96,124.72,36.76,46.04,6.34,Sprinkler,27.4,71.88,4.43,160.63,2587.75,415670.28
803,Maharashtra,Nashik,Potato,Kharif,2024,97.02,326.35,35.05,53.59,94.3,51.21,89.4,8.15,Borewell,236.31,28.18,7.15,693.69,1580.07,1096078.76
804,Tamil Nadu,Coimbatore,Cotton,Rabi,2020,55.55,848.98,31.11,80.35,68.54,59.83,141.32,7.53,Drip,130.65,5.58,3.4,188.87,5541.5,1046623.1
805,Telangana,Karimnagar,Tomato,Kharif,2019,78.98,1451.57,29.31,78.17,127.47,41.91,143.21,7.23,Drip,52.39,73.55,6.37,503.1,2964.76,1491570.76
806,West Bengal,Kolkata,Maize,Kharif,2024,21.29,715.17,23.7,80.18,105.76,44.56,117.93,5.5,Drip,148.85,17.9,5.32,113.26,2215.38,250913.94
807,Haryana,Ambala,Sugarcane,Rabi,2023,91.38,1467.82,37.2,58.43,122.65,49.2,62.94,7.62,Borewell,208.1,37.54,9.26,846.18,2979.43,2521134.08
808,Punjab,Patiala,Wheat,Zaid,2023,75.53,1785.85,18.38,46.17,53.65,97.8,35.55,6.26,Drip,67.93,36.76,4.86,367.08,1910.03,701133.81
809,Karnataka,Belgaum,Onion,Zaid,2019,1.8,437.91,27.43,41.47,102.31,48.61,131.07,7.43,Sprinkler,218.98,47.21,5.64,10.15,2085.17,21164.48
810,Andhra Pradesh,Nellore,Onion,Zaid,2023,37.71,968.15,21.35,54.6,105.47,43.83,139.88,5.33,Canal,71.98,53.2,5.02,189.3,1996.45,377927.99
811,Telangana,Warangal,Wheat,Rabi,2023,5.59,1188.99,33.93,58.3,79.39,95.12,114.66,7.56,Canal,127.41,74.37,4.15,23.2,2186.74,50732.37
812,Andhra Pradesh,Krishna,Groundnut,Rabi,2022,41.02,1546.7,29.17,87.37,53.85,59.3,21.65,8.2,Rainfed,242.94,78.76,2.35,96.4,5309.7,511855.08
813,Tamil Nadu,Madurai,Sugarcane,Rabi,2024,58.67,1610.73,24.08,65.8,26.32,90.02,40.69,7.37,Drip,217.65,9.92,10.32,605.47,3968.83,2403007.5
814,Maharashtra,Pune,Tomato,Kharif,2025,48.91,350.41,29.96,74.05,67.63,62.57,113.31,6.11,Drip,72.16,37.56,5.2,254.33,2959.1,752587.9
815,West Bengal,Nadia,Tomato,Zaid,2020,16.22,1471.08,28.53,69.58,57.76,53.37,145.61,7.35,Sprinkler,198.0,77.8,6.79,110.13,2917.38,321291.06
816,Punjab,Bathinda,Maize,Rabi,2021,93.98,985.34,36.41,88.36,69.31,59.95,44.08,5.18,Drip,65.63,38.85,4.44,417.27,1941.92,810304.96
817,Tamil Nadu,Salem,Sugarcane,Zaid,2023,74.93,1136.02,22.57,63.27,126.63,39.35,28.7,6.71,Rainfed,247.76,31.22,7.73,579.21,3147.6,1823121.4
818,West Bengal,Murshidabad,Groundnut,Rabi,2024,3.17,1213.97,33.79,77.06,25.8,88.5,68.5,6.96,Rainfed,215.02,60.64,2.35,7.45,5842.87,43529.38
819,West Bengal,Burdwan,Sugarcane,Zaid,2022,50.43,1039.14,20.09,64.97,65.76,26.67,59.74,6.18,Drip,176.81,37.06,9.63,485.64,4165.76,2023059.69
820,West Bengal,Nadia,Tomato,Kharif,2023,86.29,1006.86,30.18,77.83,125.16,49.94,49.89,8.14,Drip,40.7,24.35,6.37,549.67,2975.73,1635669.51
821,West Bengal,Hooghly,Onion,Zaid,2019,1.06,378.37,27.64,78.36,84.11,37.11,49.9,6.36,Sprinkler,218.52,36.98,5.26,5.58,2251.87,12565.43
822,Tamil Nadu,Salem,Sugarcane,Zaid,2024,25.44,1412.49,36.92,79.15,79.93,52.73,25.4,6.96,Drip,133.68,75.08,9.75,248.04,2976.38,738261.3
823,Telangana,Khammam,Onion,Kharif,2020,22.94,1480.58,22.23,70.63,57.72,17.62,75.04,7.62,Rainfed,237.86,76.42,4.94,113.32,2131.97,241594.84
824,Andhra Pradesh,Nellore,Rice,Rabi,2019,66.03,1541.81,21.72,90.02,39.64,88.41,48.11,5.28,Drip,235.83,51.79,5.6,369.77,2345.89,867439.75
825,Haryana,Panipat,Wheat,Rabi,2025,50.0,777.31,31.53,81.99,37.5,95.94,20.69,5.34,Borewell,198.14,75.14,4.14,207.0,2087.25,432060.75
826,Kerala,Kannur,Tomato,Kharif,2022,70.02,685.11,28.62,89.16,48.83,33.69,57.34,5.38,Drip,180.34,79.65,6.26,438.33,2136.97,936698.06
827,Maharashtra,Nashik,Wheat,Rabi,2025,93.87,1477.28,26.55,85.06,131.54,78.09,17.27,7.93,Drip,195.3,70.37,5.34,501.27,2492.56,1249445.55
828,Andhra Pradesh,Chittoor,Onion,Rabi,2024,80.77,490.81,27.47,83.9,67.51,34.43,50.83,5.43,Canal,126.84,35.08,5.02,405.47,2524.31,1023531.98
829,Maharashtra,Nashik,Cotton,Rabi,2020,24.91,563.27,31.05,46.67,49.66,97.64,65.6,7.1,Rainfed,52.8,16.61,2.29,57.04,6797.39,387723.13
830,Tamil Nadu,Thanjavur,Millet,Zaid,2025,3.53,631.55,20.06,81.49,23.37,98.17,147.25,6.32,Borewell,180.77,37.59,2.74,9.67,3107.7,30051.46
831,Uttar Pradesh,Meerut,Tomato,Zaid,2019,81.62,540.44,26.23,73.05,45.27,35.46,81.33,6.79,Borewell,88.34,25.85,5.43,443.2,2711.01,1201519.63
832,Kerala,Thrissur,Millet,Zaid,2021,20.91,1153.76,18.89,57.73,82.14,68.9,83.85,5.8,Canal,99.57,54.43,2.56,53.53,3548.58,189955.49
833,Andhra Pradesh,Kurnool,Groundnut,Zaid,2024,26.04,521.45,33.72,79.13,74.73,13.47,12.49,6.54,Canal,186.58,71.84,2.22,57.81,5713.85,330317.67
834,Uttar Pradesh,Varanasi,Wheat,Kharif,2025,85.02,865.49,34.76,68.37,130.62,13.26,129.86,5.81,Borewell,153.45,71.27,3.96,336.68,2234.63,752355.23
835,Kerala,Kollam,Rice,Rabi,2022,19.31,559.69,36.51,64.58,25.74,32.18,30.05,6.95,Borewell,34.23,60.08,3.68,71.06,2216.81,157526.52
836,Karnataka,Mysore,Tomato,Rabi,2020,36.36,728.89,24.74,74.08,130.07,80.29,44.06,8.32,Borewell,190.86,3.79,6.23,226.52,2964.1,671427.93
837,Karnataka,Belgaum,Rice,Zaid,2024,65.01,1480.65,33.07,93.39,135.58,73.65,21.17,6.41,Sprinkler,136.49,30.16,4.75,308.8,2227.13,687737.74
838,Andhra Pradesh,Nellore,Sugarcane,Kharif,2019,33.89,1448.03,22.09,69.99,127.48,81.07,37.34,7.1,Canal,195.24,9.77,9.96,337.54,3461.02,1168232.69
839,Kerala,Thrissur,Tomato,Kharif,2024,36.76,478.95,18.19,55.61,32.34,16.97,93.06,5.66,Canal,117.6,73.42,4.83,177.55,2781.59,493871.3
840,Maharashtra,Nashik,Maize,Zaid,2019,83.28,1674.41,27.74,83.47,66.6,63.68,80.1,8.44,Sprinkler,78.5,62.26,5.28,439.72,1791.54,787775.97
841,Uttar Pradesh,Agra,Tomato,Zaid,2025,51.83,1162.46,26.85,77.99,41.21,63.29,85.62,6.73,Drip,126.6,49.24,5.96,308.91,2192.83,677387.12
842,West Bengal,Kolkata,Rice,Rabi,2018,8.29,1085.96,23.78,62.5,36.18,12.34,31.39,7.19,Canal,97.71,8.07,3.78,31.34,2201.03,68980.28
843,Punjab,Jalandhar,Potato,Kharif,2022,15.52,599.38,24.61,70.18,22.44,60.59,75.14,7.3,Sprinkler,242.17,42.12,7.55,117.18,2084.58,244271.08
844,Haryana,Rohtak,Onion,Zaid,2025,33.69,712.89,22.89,69.03,123.74,64.66,10.03,7.82,Drip,47.77,27.43,5.02,169.12,2303.5,389567.92
845,Haryana,Karnal,Potato,Zaid,2020,95.7,982.4,22.3,50.28,109.73,35.34,12.78,6.89,Drip,116.63,77.57,7.2,689.04,1884.5,1298495.88
846,Haryana,Karnal,Onion,Rabi,2023,64.5,534.48,25.4,85.48,61.26,75.25,12.2,6.01,Canal,45.42,66.7,4.82,310.89,2334.1,725648.35
847,Telangana,Hyderabad,Groundnut,Zaid,2022,36.27,1778.94,25.03,43.48,23.78,69.62,61.97,7.26,Rainfed,187.72,55.86,2.61,94.66,5498.37,520475.7
848,Tamil Nadu,Thanjavur,Rice,Rabi,2019,56.53,527.22,20.36,60.35,50.96,23.74,134.15,7.56,Borewell,127.93,41.88,4.03,227.82,2574.53,586529.42
849,Andhra Pradesh,Nellore,Sugarcane,Zaid,2019,84.21,314.71,27.31,90.96,49.71,19.36,117.75,6.12,Canal,173.59,53.93,8.28,697.26,3448.96,2404821.85
850,Andhra Pradesh,Guntur,Wheat,Kharif,2019,67.62,1605.61,27.45,57.09,40.45,41.72,118.38,5.11,Canal,244.62,18.87,5.31,359.06,1978.42,710371.49
851,Uttar Pradesh,Meerut,Potato,Zaid,2018,24.07,1768.41,37.91,73.12,63.81,51.22,115.33,7.77,Rainfed,88.12,50.93,5.59,134.55,1838.28,247340.57
852,Andhra Pradesh,Nellore,Maize,Kharif,2021,81.51,1147.53,33.29,79.82,76.19,89.95,117.34,7.84,Rainfed,79.01,22.78,4.07,331.75,1883.79,624947.33
853,Uttar Pradesh,Kanpur,Groundnut,Kharif,2021,41.66,505.5,35.89,68.85,87.82,66.58,130.09,6.93,Canal,121.55,42.42,3.19,132.9,5981.01,794876.23
854,West Bengal,Kolkata,Onion,Rabi,2023,15.77,1191.2,24.42,71.66,57.81,41.49,116.71,7.04,Canal,137.25,15.69,5.88,92.73,2490.78,230970.03
855,Maharashtra,Kolhapur,Onion,Zaid,2025,48.52,1429.85,19.95,42.21,71.04,99.6,23.62,7.99,Rainfed,207.94,73.45,5.03,244.06,1986.78,484893.53
856,Uttar Pradesh,Agra,Millet,Kharif,2025,77.27,1552.43,22.51,49.15,63.03,50.95,13.92,6.35,Rainfed,102.37,17.05,2.05,158.4,2764.08,437830.27
857,Haryana,Hisar,Onion,Kharif,2021,97.82,509.2,37.0,41.52,88.44,76.41,85.3,6.24,Drip,76.4,61.91,5.23,511.6,1873.45,958457.02
858,Tamil Nadu,Madurai,Millet,Kharif,2020,64.04,946.8,26.56,46.72,72.08,54.84,135.0,7.82,Drip,176.05,65.87,2.91,186.36,3141.97,585537.53
859,Karnataka,Bangalore,Cotton,Zaid,2021,86.52,866.83,32.28,42.02,117.15,96.27,61.82,7.94,Drip,114.49,30.98,3.08,266.48,5839.14,1556014.03
860,Kerala,Kollam,Tomato,Zaid,2018,19.85,1478.13,35.77,84.52,74.99,13.38,78.92,8.14,Canal,237.37,78.97,6.82,135.38,2164.3,293002.93
861,Telangana,Warangal,Wheat,Zaid,2022,98.34,984.77,25.28,47.1,52.6,41.67,23.2,6.5,Rainfed,122.05,3.72,3.56,350.09,2597.15,909236.24
862,Uttar Pradesh,Agra,Maize,Zaid,2021,10.45,1707.38,26.1,92.3,21.49,25.51,124.83,6.17,Canal,174.79,25.76,6.19,64.69,1638.69,106006.86
863,Tamil Nadu,Coimbatore,Tomato,Zaid,2022,1.85,1554.78,20.98,85.62,117.74,68.06,61.24,6.06,Rainfed,165.07,41.32,5.85,10.82,2152.66,23291.78
864,Punjab,Bathinda,Rice,Kharif,2023,44.34,1094.34,19.26,83.4,23.48,13.65,95.77,7.82,Rainfed,45.31,49.57,3.49,154.75,2412.38,373315.8
865,Kerala,Palakkad,Onion,Kharif,2019,19.14,1135.45,34.55,74.76,36.02,35.87,79.0,7.22,Rainfed,182.59,5.13,4.41,84.41,2636.81,222573.13
866,Maharashtra,Kolhapur,Tomato,Zaid,2023,43.02,1379.25,36.39,59.45,73.05,68.97,57.64,6.13,Sprinkler,100.2,33.21,6.26,269.31,2907.3,782964.96
867,Haryana,Rohtak,Rice,Kharif,2018,77.23,858.55,27.46,93.42,64.59,27.55,26.01,7.59,Sprinkler,34.15,68.48,4.26,329.0,2814.75,926052.75
868,Maharashtra,Pune,Maize,Zaid,2025,22.07,885.77,19.73,87.42,82.89,92.33,146.27,5.92,Drip,149.21,3.06,5.72,126.24,1888.91,238456.0
869,Andhra Pradesh,Chittoor,Onion,Kharif,2018,71.85,792.46,34.7,51.54,124.41,77.16,40.67,5.25,Borewell,175.75,75.94,5.65,405.95,2448.72,994057.88
870,Karnataka,Hassan,Rice,Zaid,2024,75.96,1627.92,18.66,65.76,63.39,93.92,,8.27,Drip,34.47,31.51,5.07,385.12,2761.5,1063508.88
871,Tamil Nadu,Coimbatore,Maize,Kharif,2025,40.59,1712.87,26.67,83.21,125.24,28.78,79.44,6.22,Borewell,127.09,56.72,5.23,212.29,1709.74,362960.7
872,Tamil Nadu,Coimbatore,Rice,Rabi,2018,42.25,790.65,22.79,87.71,59.49,63.84,35.7,6.0,Canal,140.72,48.77,4.98,210.41,2516.0,529391.56
873,Haryana,Rohtak,Cotton,Kharif,2019,5.12,685.51,33.22,86.79,68.85,54.87,84.67,7.31,Borewell,215.18,61.17,2.73,13.98,5950.5,83187.99
874,Karnataka,Belgaum,Maize,Zaid,2018,34.19,575.77,33.43,62.63,132.97,57.91,129.33,6.2,Drip,52.36,19.13,5.07,173.34,1935.49,335497.84
875,Punjab,Ludhiana,Sugarcane,Rabi,2021,82.09,571.15,25.1,94.04,90.92,18.07,112.74,8.48,Rainfed,175.72,53.31,6.87,563.96,3483.86,1964757.69
876,Haryana,Rohtak,Rice,Kharif,2025,52.69,936.08,18.34,56.1,81.27,26.34,144.99,7.03,Sprinkler,213.5,54.82,5.02,264.5,2626.16,694619.32
877,Telangana,Karimnagar,Millet,Kharif,2025,6.6,1181.33,35.96,57.21,101.52,22.67,72.13,6.14,Drip,83.63,53.16,2.34,15.44,3278.72,50623.44
878,Maharashtra,Kolhapur,Tomato,Zaid,2019,95.09,1427.75,24.28,53.48,22.11,34.12,62.56,8.09,Borewell,222.69,49.96,6.78,644.71,2844.57,1833922.72
879,Kerala,Kochi,Groundnut,Zaid,2021,79.11,1317.11,27.52,85.99,102.15,29.54,147.79,7.95,Rainfed,82.56,40.22,1.96,155.06,5341.32,828225.08
880,Telangana,Nalgonda,Wheat,Rabi,2019,41.11,1487.6,35.51,45.97,40.49,13.3,35.98,7.68,Sprinkler,29.65,55.25,3.85,158.27,2106.74,333433.74
881,West Bengal,Nadia,Groundnut,Zaid,2025,14.05,586.19,25.43,85.62,116.86,69.17,36.98,6.06,Sprinkler,232.03,15.49,3.36,47.21,5680.3,268166.96
882,Kerala,Kochi,Rice,Kharif,2023,62.86,1511.49,23.1,61.95,135.98,67.24,119.49,6.86,Borewell,234.5,71.77,5.82,365.85,2199.6,804723.66
883,Punjab,Jalandhar,Millet,Rabi,2025,11.56,1347.86,30.19,55.09,38.34,19.72,84.88,6.94,Borewell,56.93,54.79,2.17,25.09,2615.07,65612.11
884,Punjab,Ludhiana,Groundnut,Rabi,2019,55.54,1508.86,35.82,72.65,71.29,20.21,70.72,6.6,Canal,114.26,40.35,2.72,151.07,6701.4,1012380.5
885,Telangana,Khammam,Millet,Kharif,2022,46.41,1626.29,18.5,71.39,22.09,46.47,139.67,6.24,Borewell,131.44,19.52,2.68,124.38,2980.41,370703.4
886,Uttar Pradesh,Lucknow,Wheat,Zaid,2018,77.71,1643.75,27.59,87.24,134.75,89.16,91.21,6.56,Borewell,143.77,8.81,4.66,362.13,2583.08,935410.76
887,Uttar Pradesh,Meerut,Cotton,Zaid,2023,81.12,734.91,22.21,86.03,42.4,46.58,112.28,8.38,Drip,199.26,46.21,3.17,257.15,6305.73,1621518.47
888,Haryana,Panipat,Groundnut,Rabi,2020,52.69,1185.14,28.02,53.15,73.19,50.2,60.78,5.06,Rainfed,209.66,65.67,2.53,133.31,6542.39,872166.01
889,Tamil Nadu,Trichy,Cotton,Rabi,2025,41.62,745.34,27.7,88.98,131.78,50.57,103.77,5.94,Rainfed,119.96,34.58,2.41,100.3,6295.28,631416.58
890,Haryana,Karnal,Cotton,Zaid,2025,71.74,1637.69,25.9,77.58,57.87,29.39,93.12,5.24,Sprinkler,101.64,71.63,3.44,246.79,6667.46,1645462.45
891,Kerala,Kochi,Sugarcane,Rabi,2024,5.24,726.84,29.76,86.33,89.06,21.09,106.63,7.56,Sprinkler,190.45,26.66,8.34,43.7,3115.04,136127.25
892,Punjab,Amritsar,Potato,Zaid,2022,47.2,1329.35,18.45,91.21,24.1,83.69,38.04,7.03,Sprinkler,224.63,36.11,7.54,355.89,1577.47,561405.8
893,Andhra Pradesh,Kurnool,Onion,Rabi,2022,92.01,1643.62,19.48,66.5,42.58,39.81,65.46,7.05,Rainfed,51.56,14.52,4.54,417.73,2218.45,926713.12
894,Telangana,Khammam,Cotton,Rabi,2021,33.05,1684.5,36.86,56.0,59.1,80.37,44.47,7.34,Drip,137.99,59.62,3.69,121.95,7589.08,925488.31
895,Kerala,Kollam,Sugarcane,Kharif,2023,92.73,674.78,23.01,52.61,84.27,62.38,137.26,6.35,Canal,237.01,62.32,8.94,829.01,3907.02,3238958.65
896,Andhra Pradesh,Guntur,Groundnut,Kharif,2018,42.78,928.13,28.23,74.6,70.22,13.46,70.74,7.36,Borewell,50.52,65.3,2.61,111.66,6298.11,703246.96
897,Karnataka,Belgaum,Potato,Zaid,2020,99.98,1464.17,20.08,61.17,71.8,39.9,67.59,7.11,Drip,67.95,14.7,6.97,696.86,1873.08,1305274.53
898,Kerala,Kannur,Groundnut,Kharif,2024,32.29,1100.11,24.65,65.04,81.3,59.14,127.84,5.6,Drip,154.18,39.29,2.85,92.03,6044.42,556267.97
899,Tamil Nadu,Thanjavur,Groundnut,Kharif,2020,92.16,1494.65,29.32,42.44,67.58,23.83,130.75,5.69,Canal,190.84,44.67,3.2,294.91,6874.56,2027376.49
900,Tamil Nadu,Thanjavur,Maize,Zaid,2021,69.15,1601.02,37.69,65.77,121.85,56.04,108.94,5.67,Borewell,61.69,74.12,4.61,318.78,1683.89,536790.45
901,Telangana,Hyderabad,Millet,Rabi,2021,80.92,1268.16,27.75,60.15,133.7,13.71,138.64,7.13,Drip,128.52,69.77,3.0,242.76,2571.2,624184.51
902,Tamil Nadu,Madurai,Maize,Rabi,2020,9.31,968.11,29.65,47.88,62.61,54.61,131.85,7.72,Canal,128.51,60.02,4.43,41.24,1708.13,70443.28
903,Andhra Pradesh,Krishna,Rice,Rabi,2018,49.26,1170.26,20.2,60.0,43.16,82.18,115.46,7.44,Drip,237.39,74.78,5.73,282.26,2063.52,582449.16
904,Punjab,Ludhiana,Tomato,Rabi,2025,21.94,1624.39,36.03,49.3,88.67,88.07,76.37,8.25,Rainfed,205.72,12.55,5.52,121.11,2645.95,320451.0
905,Haryana,Hisar,Potato,Zaid,2020,84.54,1032.65,19.53,76.04,36.43,,143.79,8.0,Canal,248.49,33.23,7.6,642.5,1672.21,1074394.93
906,Karnataka,Belgaum,Tomato,Kharif,2023,86.55,1027.41,26.92,43.82,76.27,33.55,139.02,6.46,Sprinkler,33.15,48.56,5.66,489.87,2622.92,1284889.82
907,Maharashtra,Nagpur,Cotton,Rabi,2023,50.31,1263.27,25.08,52.28,134.11,28.64,109.65,7.6,Sprinkler,26.67,62.12,2.79,140.36,7388.95,1037113.02
908,Karnataka,Hassan,Rice,Rabi,2018,60.07,640.14,19.63,77.86,24.22,15.37,62.29,5.27,Sprinkler,239.51,18.46,4.64,278.72,2463.3,686570.98
909,Tamil Nadu,Thanjavur,Rice,Zaid,2022,75.35,772.81,37.36,77.48,108.06,39.72,27.6,6.66,Canal,65.08,47.39,4.01,302.15,2131.19,643939.06
910,Haryana,Hisar,Tomato,Rabi,2025,28.44,1143.9,23.42,82.23,87.15,24.96,49.36,6.82,Drip,174.91,35.05,6.96,197.94,2572.0,509101.68
911,Punjab,Amritsar,Maize,Zaid,2022,21.02,664.5,19.47,55.62,49.83,44.08,124.54,8.2,Rainfed,23.93,33.79,3.39,71.26,2024.19,144243.78
912,Punjab,Jalandhar,Maize,Zaid,2018,86.21,1103.26,19.77,89.95,122.94,15.23,83.71,6.89,Rainfed,80.78,67.12,3.89,335.36,2039.96,684120.99
913,Uttar Pradesh,Lucknow,Tomato,Rabi,2025,55.79,1656.96,37.4,50.81,21.66,59.08,69.23,6.84,Rainfed,126.66,10.08,4.75,265.0,2630.45,697069.25
914,Kerala,Kannur,Maize,Rabi,2023,27.88,533.79,27.47,,42.71,82.72,46.52,7.8,Canal,138.91,17.34,4.6,128.25,2118.97,271757.9
915,Kerala,Thrissur,Wheat,Zaid,2024,64.03,1262.61,21.62,84.01,100.27,84.9,90.34,6.63,Rainfed,55.77,7.76,3.64,233.07,2185.22,509309.23
916,Telangana,Nalgonda,Groundnut,Zaid,2020,93.68,1029.01,33.05,60.63,68.85,68.55,59.86,8.37,Borewell,231.67,37.03,3.01,281.98,6018.95,1697223.52
917,Tamil Nadu,Salem,Tomato,Kharif,2018,7.45,888.76,24.89,75.65,127.31,86.21,43.83,7.42,Borewell,163.86,32.59,6.21,46.26,2324.78,107544.32
918,Tamil Nadu,Salem,Onion,Kharif,2021,2.23,1575.54,30.07,91.22,28.12,99.41,107.82,5.57,Drip,86.47,59.62,5.94,13.25,1892.79,25079.47
919,Haryana,Rohtak,Onion,Zaid,2018,97.65,1638.77,32.92,42.78,47.24,59.81,100.2,5.59,Sprinkler,166.94,16.88,5.98,583.95,2120.69,1238376.93
920,Uttar Pradesh,Agra,Onion,Zaid,2022,40.11,890.5,19.53,78.82,52.72,10.3,110.78,7.92,Sprinkler,72.37,50.53,5.15,206.57,1879.35,388217.33
921,Maharashtra,Satara,Millet,Rabi,2023,57.62,1237.93,28.64,51.77,81.55,57.98,76.93,7.36,Drip,213.92,2.83,2.88,165.95,2554.23,423874.47
922,Uttar Pradesh,Meerut,Maize,Rabi,2025,20.85,360.78,31.59,66.81,98.74,85.78,110.85,7.9,Drip,182.68,73.95,5.61,116.97,2089.25,244379.57
923,Uttar Pradesh,Agra,Groundnut,Zaid,2018,81.05,999.89,22.63,53.85,127.74,23.46,125.64,6.02,Rainfed,118.32,30.47,2.27,183.98,6319.43,1162648.73
924,Punjab,Patiala,Rice,Rabi,2020,36.27,648.22,33.89,75.9,72.4,86.97,34.87,6.86,Drip,31.48,45.36,4.61,167.2,2057.43,344002.3
925,Haryana,Rohtak,Maize,Zaid,2024,93.57,833.53,26.01,66.55,58.65,71.78,40.22,7.48,Sprinkler,57.65,7.97,4.8,449.14,1921.29,862928.19
926,Tamil Nadu,Coimbatore,Groundnut,Zaid,2022,86.37,390.55,32.49,64.49,115.71,13.15,108.09,5.08,Rainfed,179.5,66.69,2.24,193.47,5000.02,967353.87
927,Karnataka,Bangalore,Maize,Rabi,2021,86.78,656.89,25.18,71.14,138.64,55.08,37.18,6.67,Drip,72.47,73.73,5.16,447.78,1865.73,835436.58
928,Punjab,Amritsar,Millet,Zaid,2024,51.35,1554.67,30.6,80.74,26.57,79.84,95.92,5.24,Sprinkler,222.92,28.77,3.06,157.13,2956.85,464609.84
929,Uttar Pradesh,Varanasi,Wheat,Kharif,2019,69.03,1383.46,30.28,79.75,117.81,86.82,20.82,6.2,Drip,182.29,29.9,5.16,356.19,2224.04,792180.81
930,Kerala,Kannur,Rice,Zaid,2018,78.89,1629.08,19.46,72.41,63.77,68.29,42.4,6.95,Drip,101.97,51.89,5.47,431.53,2069.17,892908.93
931,Tamil Nadu,Trichy,Potato,Rabi,2018,79.22,1787.12,34.29,55.95,117.96,73.72,18.59,8.17,Borewell,203.44,57.37,7.93,628.21,1585.11,995781.95
932,Uttar Pradesh,Varanasi,Sugarcane,Zaid,2019,60.11,1119.97,22.16,48.34,130.4,99.26,50.22,7.44,Rainfed,191.18,60.2,8.37,503.12,3796.64,1910165.52
933,Uttar Pradesh,Kanpur,Potato,Rabi,2023,74.19,1708.19,25.89,82.17,71.28,79.67,75.86,6.03,Rainfed,66.65,25.8,5.41,401.37,2115.17,848965.78
934,West Bengal,Murshidabad,Maize,Kharif,2024,57.98,1610.86,21.08,64.92,88.47,89.05,37.42,5.58,Canal,171.84,63.98,5.57,322.95,2114.62,682916.53
935,West Bengal,Kolkata,Groundnut,Kharif,2022,61.27,1775.54,30.68,87.32,80.46,51.02,20.6,5.04,Sprinkler,160.36,57.25,2.82,172.78,5520.89,953899.37
936,Uttar Pradesh,Lucknow,Wheat,Zaid,2019,13.92,468.66,27.25,84.22,30.15,13.98,85.02,7.47,Borewell,176.62,45.11,4.05,56.38,2303.96,129897.26
937,Haryana,Karnal,Wheat,Rabi,2018,28.08,1107.17,37.95,93.93,74.62,51.59,69.97,6.86,Sprinkler,205.27,59.02,4.09,114.85,2338.72,268601.99
938,Andhra Pradesh,Kurnool,Groundnut,Kharif,2021,17.39,1030.38,35.63,46.2,43.32,87.49,45.49,7.22,Drip,193.08,37.92,2.87,49.91,5801.3,289542.88
939,Uttar Pradesh,Varanasi,Wheat,Zaid,2022,77.11,1203.77,28.81,71.75,96.82,34.46,66.19,5.13,Canal,187.69,21.65,4.63,357.02,2058.51,734929.24
940,Haryana,Ambala,Rice,Zaid,2023,6.48,1342.33,27.8,60.83,118.11,58.98,14.51,7.17,Canal,110.14,33.42,4.8,31.1,2586.65,80444.82
941,Uttar Pradesh,Lucknow,Sugarcane,Zaid,2020,98.59,1596.64,24.04,55.26,20.4,28.11,92.66,5.57,Borewell,233.91,11.2,9.4,926.75,3192.11,2958287.94
942,Andhra Pradesh,Krishna,Potato,Rabi,2019,12.81,1578.53,23.71,68.62,104.9,65.97,79.44,6.05,Drip,235.9,37.78,8.38,107.35,2121.2,227710.82
943,Haryana,Karnal,Groundnut,Zaid,2023,88.35,417.16,29.78,70.23,133.18,18.94,129.68,5.0,Borewell,170.24,15.39,2.63,232.36,6365.28,1479036.46
944,Andhra Pradesh,Guntur,Onion,Rabi,2024,36.56,1433.19,35.14,54.9,88.95,14.36,66.75,5.64,Canal,129.23,48.82,5.6,204.74,2309.65,472877.74
945,Karnataka,Mandya,Millet,Rabi,2021,9.54,1218.16,32.1,77.34,37.55,85.31,69.59,5.78,Rainfed,162.13,53.9,2.39,22.8,3279.2,74765.76
946,Tamil Nadu,Madurai,Potato,Kharif,2025,77.37,972.62,31.98,89.3,98.83,77.02,73.55,5.29,Sprinkler,72.09,72.02,6.44,498.26,2147.21,1069868.85
947,Uttar Pradesh,Agra,Millet,Zaid,2023,33.16,469.11,36.85,68.18,95.33,75.96,65.06,7.53,Canal,96.92,28.64,1.86,61.68,3401.57,209808.84
948,Andhra Pradesh,Nellore,Wheat,Zaid,2023,12.09,1040.96,20.64,46.72,53.17,61.19,73.23,6.52,Rainfed,240.9,15.6,3.83,46.3,2109.7,97679.11
949,Haryana,Panipat,Sugarcane,Rabi,2022,20.04,859.21,30.17,79.34,101.56,74.17,140.95,5.23,Drip,219.64,63.82,9.58,191.98,3309.81,635417.32
950,Maharashtra,Kolhapur,Sugarcane,Zaid,2023,90.26,748.62,19.46,80.19,74.28,21.49,122.36,6.98,Borewell,131.14,60.68,7.83,706.74,3057.69,2160991.83
951,Kerala,Kannur,Potato,Kharif,2024,41.58,348.9,23.97,42.28,53.44,57.75,87.89,6.73,Drip,227.96,19.99,7.43,308.94,1818.83,561909.34
952,Andhra Pradesh,Guntur,Millet,Zaid,2019,5.69,440.46,26.78,83.84,41.88,97.65,80.83,5.16,Canal,94.93,4.74,2.12,12.06,3233.97,39001.68
953,Maharashtra,Nashik,Potato,Rabi,2025,29.27,1243.0,31.65,59.44,126.23,81.76,63.43,6.01,Drip,133.51,34.49,7.46,218.35,1746.05,381250.02
954,Andhra Pradesh,Chittoor,Sugarcane,Kharif,2022,27.23,1636.22,25.95,77.41,24.93,16.44,55.51,5.81,Sprinkler,132.73,13.14,8.91,242.62,3043.04,738302.36
955,Karnataka,Mysore,Rice,Rabi,2021,11.48,809.76,27.24,41.62,90.14,39.57,13.76,6.56,Rainfed,199.09,71.42,3.99,45.81,2778.63,127289.04
956,Uttar Pradesh,Kanpur,Maize,Zaid,2018,37.72,790.32,25.36,42.15,126.6,12.3,66.89,5.11,Rainfed,150.18,56.93,4.17,157.29,2108.58,331658.55
957,Andhra Pradesh,Chittoor,Maize,Rabi,2023,12.46,656.28,23.19,70.04,101.5,54.23,118.08,8.32,Borewell,84.68,17.92,4.4,54.82,1741.47,95467.39
958,Kerala,Kollam,Sugarcane,Zaid,2018,70.37,1378.32,27.75,60.96,126.07,10.47,140.71,6.79,Borewell,87.42,27.18,8.75,615.74,3055.78,1881565.98
959,Maharashtra,Pune,Groundnut,Kharif,2022,52.66,1417.61,22.8,92.61,88.06,37.5,40.91,7.51,Canal,36.95,41.95,2.6,136.92,6083.74,832985.68
960,Uttar Pradesh,Meerut,Tomato,Zaid,2021,7.05,1008.4,18.09,40.02,23.52,97.71,41.09,6.65,Sprinkler,107.39,5.48,5.75,40.54,2418.23,98035.04
961,West Bengal,Burdwan,Groundnut,Rabi,2018,11.93,1488.03,28.9,94.3,139.2,97.15,78.54,7.44,Drip,170.17,53.46,2.98,35.55,5449.14,193716.93
962,Haryana,Hisar,Tomato,Kharif,2019,86.46,1176.7,25.64,84.54,66.87,19.86,135.36,5.12,Drip,28.56,22.24,6.15,531.73,2733.52,1453494.59
963,Telangana,Karimnagar,Wheat,Rabi,2019,44.02,1436.29,28.51,74.36,120.92,78.56,59.56,8.49,Rainfed,208.71,31.33,4.51,198.53,2354.05,467349.55
964,Karnataka,Belgaum,Groundnut,Zaid,2021,42.05,1231.07,22.34,44.67,125.85,41.63,87.37,7.25,Borewell,36.06,45.42,1.98,83.26,5433.19,452367.4
965,Kerala,Kochi,Sugarcane,Zaid,2022,54.63,1364.29,20.87,66.52,93.49,95.6,124.49,8.04,Sprinkler,222.33,78.42,9.21,503.14,3553.12,1787716.8
966,Punjab,Bathinda,Potato,Zaid,2018,56.49,944.08,21.37,76.5,121.85,80.04,111.41,7.45,Canal,97.72,79.86,6.56,370.57,2050.01,759672.21
967,Telangana,Khammam,Sugarcane,Kharif,2024,55.75,1515.23,24.33,92.97,21.69,91.55,41.73,7.47,Drip,107.53,72.86,9.54,531.85,4114.56,2188328.74
968,Haryana,Ambala,Millet,Rabi,2020,89.52,1261.34,27.54,63.74,133.37,20.12,73.26,5.67,Sprinkler,22.79,12.38,2.25,201.42,3442.16,693319.87
969,Uttar Pradesh,Lucknow,Groundnut,Rabi,2018,43.83,1690.22,21.13,50.25,104.68,23.68,65.09,5.2,Sprinkler,65.51,44.28,3.15,138.06,5718.01,789428.46
970,West Bengal,Nadia,Onion,Zaid,2019,82.55,1502.16,22.59,63.01,84.64,37.01,47.41,5.76,Rainfed,84.9,46.88,4.85,400.37,2217.05,887640.31
971,West Bengal,Kolkata,Onion,Rabi,2020,67.43,720.64,36.19,64.73,36.9,71.54,53.71,8.18,Sprinkler,148.66,5.57,5.27,355.36,2635.43,936526.4
972,Andhra Pradesh,Guntur,Sugarcane,Kharif,2021,18.47,1175.61,20.97,59.18,124.48,34.18,26.97,6.96,Borewell,80.61,20.02,7.99,147.58,3464.0,511217.12
973,Uttar Pradesh,Meerut,Onion,Rabi,2025,70.16,359.2,35.82,46.04,92.32,21.11,80.68,8.33,Drip,94.72,42.33,4.72,331.16,2420.16,801460.19
974,Telangana,Karimnagar,Millet,Rabi,2021,39.62,1206.54,32.69,67.56,56.33,28.03,85.96,6.54,Drip,216.17,26.76,3.09,122.43,3178.11,389096.01
975,Maharashtra,Satara,Millet,Kharif,2022,63.7,321.49,25.23,78.12,58.96,38.71,114.84,6.1,Rainfed,171.44,49.06,1.52,96.82,3142.81,304286.86
976,Andhra Pradesh,Chittoor,Millet,Rabi,2023,88.51,1698.34,24.93,71.18,52.6,76.82,21.58,6.83,Borewell,161.74,72.8,2.32,205.34,3301.13,677854.03
977,Punjab,Jalandhar,Groundnut,Rabi,2025,81.49,1233.89,30.94,94.6,24.29,11.56,54.85,5.69,Rainfed,73.15,72.47,2.02,164.61,6275.94,1033082.48
978,Uttar Pradesh,Kanpur,Tomato,Zaid,2023,37.49,809.52,30.62,61.22,96.14,63.2,51.09,5.52,Borewell,203.22,69.19,6.16,230.94,2865.24,661698.53
979,Andhra Pradesh,Guntur,Sugarcane,Kharif,2019,90.69,1191.75,32.58,53.33,126.06,91.96,144.23,7.71,Canal,21.49,57.13,8.3,752.73,4111.33,3094721.43
980,Uttar Pradesh,Varanasi,Wheat,Kharif,2025,36.64,1397.66,25.67,40.08,110.21,77.23,58.3,6.83,Rainfed,60.8,3.05,3.71,135.93,2191.52,297893.31
981,Tamil Nadu,Salem,Maize,Kharif,2021,26.79,387.0,28.31,94.07,90.02,41.44,128.09,6.26,Rainfed,102.49,60.49,3.8,101.8,2194.92,223442.86
982,Maharashtra,Nagpur,Cotton,Kharif,2022,91.6,1717.68,24.6,60.82,44.73,44.4,13.52,7.67,Sprinkler,238.26,7.71,3.83,350.83,6889.7,2417113.45
983,Kerala,Palakkad,Potato,Rabi,2021,62.07,1308.41,22.11,42.24,61.42,11.58,45.19,6.08,Drip,57.34,11.58,6.62,410.9,1773.13,728579.12
984,Telangana,Khammam,Cotton,Zaid,2024,71.11,598.86,35.92,53.13,79.55,91.02,55.13,7.28,Canal,105.85,41.45,3.09,219.73,7004.75,1539153.72
985,Punjab,Patiala,Cotton,Kharif,2024,60.27,667.65,31.4,54.18,105.77,56.93,105.66,5.94,Canal,214.56,33.72,3.44,207.33,6558.77,1359829.78
986,Haryana,Ambala,Millet,Rabi,2023,10.23,889.21,32.08,77.55,67.38,32.93,31.96,7.42,Borewell,35.74,36.91,2.19,22.4,2722.22,60977.73
987,Andhra Pradesh,Nellore,Groundnut,Kharif,2019,13.2,1377.8,30.2,67.62,38.74,92.84,100.11,5.95,Canal,29.94,67.35,2.68,35.38,5385.7,190546.07
988,Haryana,Ambala,Potato,Zaid,2020,84.49,900.49,34.33,81.21,29.93,79.17,33.62,5.06,Drip,95.52,35.1,6.39,539.89,1871.88,1010609.29
989,West Bengal,Murshidabad,Maize,Rabi,2020,8.39,869.62,24.02,40.06,108.53,23.5,80.67,5.74,Sprinkler,110.88,26.67,4.91,41.19,1839.85,75783.42
990,Uttar Pradesh,Kanpur,Tomato,Rabi,2024,22.27,940.77,32.28,73.66,48.68,43.21,92.9,6.23,Rainfed,222.35,36.34,5.24,116.69,2672.06,311802.68
991,Andhra Pradesh,Guntur,Millet,Kharif,2024,94.22,711.86,18.75,57.63,68.83,96.58,83.11,6.94,Canal,223.35,9.64,2.88,271.35,3427.35,930011.42
992,Andhra Pradesh,Krishna,Tomato,Zaid,2019,52.15,339.43,30.27,84.76,74.07,78.27,86.46,7.28,Borewell,215.11,43.14,6.17,321.77,2408.9,775111.75
993,Punjab,Amritsar,Onion,Rabi,2022,86.95,411.92,36.35,79.91,68.35,10.23,81.57,5.68,Rainfed,191.78,41.76,4.88,424.32,2637.32,1119067.62
994,Karnataka,Hassan,Groundnut,Kharif,2023,27.65,532.22,21.28,52.18,56.28,75.19,33.09,6.83,Sprinkler,71.32,49.21,2.51,69.4,5126.32,355766.61
995,Telangana,Nalgonda,Onion,Zaid,2023,38.86,1727.71,30.51,75.18,137.88,68.81,83.08,7.13,Borewell,164.2,52.03,5.82,226.17,2426.37,548772.1
996,Maharashtra,Nagpur,Maize,Rabi,2020,58.23,581.81,30.62,51.62,76.55,89.98,75.56,6.45,Canal,151.69,28.2,5.28,307.45,1735.99,533730.13
997,Uttar Pradesh,Kanpur,Cotton,Kharif,2024,86.44,525.47,33.59,54.08,61.98,63.8,29.88,7.27,Rainfed,82.47,13.35,2.22,191.9,5743.34,1102146.95
998,Telangana,Karimnagar,Groundnut,Kharif,2018,50.34,1533.98,19.52,59.17,97.81,36.1,128.35,6.73,Drip,218.04,18.82,3.89,195.82,5286.56,1035214.18
999,Tamil Nadu,Salem,Potato,Zaid,2022,15.42,1147.84,35.43,68.13,20.71,29.4,13.47,7.64,Sprinkler,162.47,60.4,7.37,113.65,1778.58,202135.62
1000,West Bengal,Murshidabad,Rice,Rabi,2023,83.13,1519.6,33.7,68.2,79.67,96.1,115.37,5.6,Rainfed,164.05,8.55,4.43,368.27,2783.39,1025039.04
1001,Tamil Nadu,Salem,Cotton,Zaid,2024,15.86,1165.37,25.39,75.94,35.13,31.14,57.76,5.68,Sprinkler,220.81,24.54,3.22,51.07,6606.53,337395.49
1002,Andhra Pradesh,Chittoor,Rice,Rabi,2020,49.83,1760.41,19.53,90.64,92.71,53.31,113.8,6.15,Rainfed,94.5,74.29,3.95,196.83,2422.5,476820.68
1003,Telangana,Nalgonda,Rice,Zaid,2023,80.15,1239.74,25.13,52.79,130.55,26.5,122.42,6.67,Rainfed,142.61,47.09,4.38,351.06,2810.27,986573.39
1004,West Bengal,Hooghly,Wheat,Rabi,2024,79.67,1663.61,36.1,83.45,46.19,57.19,127.95,5.39,Borewell,205.48,21.37,4.78,380.82,2157.02,821436.36
1005,West Bengal,Burdwan,Tomato,Kharif,2019,80.55,1058.8,35.99,68.56,27.47,92.99,34.8,6.85,Sprinkler,141.3,20.77,6.28,505.85,2873.98,1453802.78
1006,Telangana,Nalgonda,Maize,Kharif,2019,37.02,495.33,37.41,93.83,32.47,47.14,144.92,6.4,Drip,36.92,40.88,4.82,178.44,1943.72,346837.4
1007,Maharashtra,Satara,Onion,Rabi,2020,28.82,1325.24,35.15,68.28,29.03,50.41,23.29,7.1,Rainfed,91.35,41.52,4.11,118.45,2371.62,280918.39
1008,Uttar Pradesh,Meerut,Rice,Zaid,2020,41.26,1076.8,29.04,91.98,119.83,78.13,82.57,7.27,Rainfed,140.03,65.76,4.11,169.58,2213.41,375350.07
1009,Kerala,Kollam,Potato,Rabi,2019,3.87,1181.03,28.22,44.35,23.76,19.6,87.0,7.07,Canal,212.86,58.34,7.29,28.21,1953.52,55108.8
1010,Uttar Pradesh,Kanpur,Maize,Rabi,2022,33.44,1417.45,35.01,85.35,96.01,71.08,122.9,7.32,Drip,226.32,3.34,5.89,196.96,2079.72,409621.65
1011,Tamil Nadu,Thanjavur,Wheat,Kharif,2023,98.07,1363.03,35.85,46.49,61.78,19.12,64.13,8.08,Sprinkler,107.11,51.4,4.11,403.07,2034.57,820074.13
1012,Andhra Pradesh,Kurnool,Wheat,Zaid,2020,74.63,948.92,30.43,45.03,47.28,32.88,80.57,7.84,Canal,194.02,23.31,4.63,345.54,2088.37,721615.37
1013,Punjab,Ludhiana,Millet,Zaid,2021,61.05,1577.3,24.83,83.81,94.78,41.28,96.67,7.05,Borewell,218.4,24.27,2.72,166.06,2923.62,485496.34
1014,Uttar Pradesh,Lucknow,Groundnut,Kharif,2022,52.01,,35.55,44.4,88.52,12.86,136.41,5.14,Sprinkler,132.29,37.15,2.57,133.67,5602.93,748943.65
1015,Maharashtra,Nagpur,Millet,Zaid,2024,34.86,1061.78,27.37,89.36,102.59,98.11,43.03,5.59,Canal,92.44,14.78,2.04,71.11,2821.93,200667.44
1016,Kerala,Thrissur,Sugarcane,Zaid,2023,8.8,1018.75,18.71,60.08,42.37,20.82,131.84,8.29,Borewell,164.19,63.2,8.15,71.72,4050.04,290468.87
1017,Karnataka,Belgaum,Rice,Rabi,2021,23.12,418.84,27.61,74.14,79.68,72.83,91.77,6.57,Sprinkler,177.64,43.65,4.94,114.21,2437.69,278408.57
1018,Kerala,Palakkad,Groundnut,Rabi,2025,20.48,1538.78,28.54,42.2,79.37,41.2,54.64,8.01,Rainfed,239.45,68.36,2.39,48.95,5528.08,270599.52
1019,Karnataka,Mandya,Groundnut,Zaid,2022,32.39,405.66,35.8,93.19,76.56,59.35,23.01,6.32,Sprinkler,172.07,56.87,2.65,85.83,6307.44,541367.58
1020,Tamil Nadu,Trichy,Cotton,Zaid,2019,29.86,1372.75,25.62,91.3,131.39,81.73,95.3,5.41,Sprinkler,174.28,30.27,3.49,104.21,7225.63,752982.9
1021,Punjab,Bathinda,Groundnut,Rabi,2018,18.8,798.89,33.14,50.46,33.06,64.2,122.13,7.14,Sprinkler,212.03,25.61,2.97,55.84,4974.13,277755.42
1022,Maharashtra,Nashik,Potato,Rabi,2020,18.94,870.52,35.61,75.26,42.16,78.4,38.95,7.43,Drip,230.26,43.04,7.66,145.08,1616.35,234500.06
1023,Uttar Pradesh,Varanasi,Onion,Kharif,2019,3.38,1785.13,29.33,41.23,86.9,13.17,92.6,6.53,Sprinkler,206.86,45.82,6.47,21.87,2445.69,53487.24
1024,Telangana,Khammam,Wheat,Zaid,2021,31.13,1555.11,18.9,85.25,107.2,41.75,124.98,6.89,Drip,125.27,52.14,4.81,149.74,1949.34,291894.17
1025,Telangana,Khammam,Onion,Rabi,2018,93.43,434.45,28.58,92.83,101.97,96.6,52.08,8.02,Sprinkler,168.37,40.99,5.17,483.03,1899.77,917645.9
1026,Telangana,Karimnagar,Maize,Zaid,2021,40.44,1418.93,32.61,85.58,95.68,48.43,136.3,7.28,Sprinkler,56.13,23.69,5.13,207.46,1616.17,335290.63
1027,Andhra Pradesh,Chittoor,Groundnut,Kharif,2021,23.07,521.07,27.69,71.56,58.95,46.91,123.15,7.7,Drip,67.68,75.26,2.48,57.21,5524.77,316072.09
1028,Kerala,Kannur,Groundnut,Zaid,2023,37.76,1254.45,37.17,72.81,121.91,70.29,112.61,5.82,Canal,124.82,79.78,2.79,105.35,6170.75,650088.51
1029,Punjab,Patiala,Potato,Kharif,2023,63.1,570.85,20.04,80.09,28.36,48.43,15.54,8.38,Sprinkler,59.66,46.45,6.04,381.12,1873.86,714165.52
1030,West Bengal,Kolkata,Tomato,Zaid,2023,20.51,1514.22,26.01,76.62,95.15,72.87,62.21,6.68,Rainfed,70.93,2.1,5.04,103.37,2942.04,304118.67
1031,Haryana,Karnal,Groundnut,Rabi,2018,41.07,404.03,24.61,66.1,26.32,36.36,51.41,5.41,Sprinkler,25.99,71.09,2.14,87.89,5260.63,462356.77
1032,Andhra Pradesh,Guntur,Sugarcane,Kharif,2018,38.8,1426.18,32.81,85.79,37.26,65.99,21.25,7.43,Sprinkler,220.66,36.62,9.52,369.38,3267.6,1206986.09
1033,Punjab,Bathinda,Rice,Rabi,2024,40.39,1142.78,34.82,49.37,29.28,95.46,94.46,8.16,Borewell,187.6,61.37,5.01,202.35,2221.28,449476.01
1034,Punjab,Bathinda,Wheat,Rabi,2019,78.24,768.78,19.58,69.45,47.05,55.52,94.85,5.03,Canal,223.65,20.17,4.73,370.08,2217.16,820526.57
1035,Maharashtra,Nashik,Sugarcane,Zaid,2018,89.97,1426.73,37.39,84.54,111.25,45.02,115.23,6.35,Canal,87.24,45.0,8.22,739.55,3578.22,2646272.6
1036,Andhra Pradesh,Kurnool,Rice,Rabi,2019,36.68,1073.6,22.95,62.48,109.53,20.89,41.03,6.33,Rainfed,81.34,22.26,3.27,119.94,2448.89,293719.87
1037,Telangana,Nalgonda,Tomato,Rabi,2025,81.94,665.24,26.94,84.54,125.98,60.49,95.28,8.06,Drip,49.5,30.71,5.3,434.28,2759.96,1198595.43
1038,West Bengal,Burdwan,Maize,Rabi,2025,57.17,892.59,25.05,88.93,106.12,94.56,101.16,6.45,Drip,154.51,13.45,5.34,305.29,2079.51,634853.61
1039,West Bengal,Burdwan,Sugarcane,Zaid,2019,61.42,1124.88,28.08,84.23,52.36,80.76,47.76,7.57,Borewell,228.18,17.65,8.82,541.72,2992.14,1620902.08
1040,Uttar Pradesh,Meerut,Maize,Rabi,2022,64.54,1194.56,22.29,77.81,63.93,49.4,89.51,6.73,Rainfed,144.36,37.12,4.14,267.2,1921.58,513446.18
1041,Maharashtra,Nashik,Sugarcane,Zaid,2018,17.02,1029.25,18.86,80.92,,22.58,20.53,5.16,Rainfed,169.74,18.96,6.82,116.08,2983.73,346351.38
1042,Punjab,Ludhiana,Wheat,Kharif,2022,15.38,803.27,20.36,45.03,36.84,34.09,17.41,7.08,Borewell,197.54,50.55,3.86,59.37,2236.51,132781.6
1043,Tamil Nadu,Coimbatore,Onion,Zaid,2023,22.78,523.03,18.77,67.24,78.36,22.72,71.19,5.39,Rainfed,181.92,60.76,4.5,102.51,2094.77,214734.87
1044,Andhra Pradesh,Guntur,Millet,Kharif,2020,63.2,414.85,21.25,52.65,130.39,57.74,65.54,6.87,Rainfed,51.61,7.11,2.05,129.56,3465.12,448940.95
1045,Haryana,Karnal,Tomato,Rabi,2023,98.62,405.5,20.71,78.89,110.84,59.22,49.04,8.02,Rainfed,130.77,33.68,4.46,439.85,2942.32,1294179.45
1046,Haryana,Karnal,Potato,Rabi,2021,98.27,460.98,20.94,52.64,36.76,56.13,54.97,6.48,Borewell,141.65,34.56,6.52,640.72,2031.5,1301622.68
1047,Haryana,Hisar,Rice,Kharif,2018,47.01,882.24,25.82,43.57,37.49,30.7,96.53,5.24,Canal,241.1,27.4,4.99,234.58,2783.89,653044.92
1048,Uttar Pradesh,Agra,Potato,Zaid,2019,86.92,518.13,35.79,77.97,90.94,90.3,108.0,5.52,Canal,101.8,35.43,6.03,524.13,2039.75,1069094.17
1049,Uttar Pradesh,Varanasi,Wheat,Zaid,2021,24.81,1072.48,19.09,54.62,77.59,64.42,77.12,8.27,Sprinkler,215.44,65.35,4.76,118.1,2318.27,273787.69
1050,Haryana,Karnal,Wheat,Rabi,2025,93.33,1117.82,26.02,44.14,100.37,94.71,113.51,6.89,Sprinkler,110.47,56.58,4.13,385.45,1906.98,735045.44
1051,Telangana,Warangal,Tomato,Zaid,2021,47.35,1655.96,29.1,79.72,126.07,55.79,100.04,6.38,Drip,167.95,33.73,7.91,374.54,2958.09,1107923.03
1052,Uttar Pradesh,Meerut,Groundnut,Zaid,2025,11.67,1488.89,27.11,79.27,79.29,87.13,86.46,6.44,Sprinkler,188.81,73.86,3.08,35.94,5440.91,195546.31
1053,West Bengal,Burdwan,Wheat,Rabi,2020,5.03,1589.34,28.56,78.75,133.12,58.9,31.09,8.08,Canal,200.31,62.91,4.64,23.34,2223.53,51897.19
1054,Karnataka,Mandya,Millet,Rabi,2025,86.91,652.75,37.38,71.33,121.18,86.78,112.59,7.15,Canal,237.86,70.02,2.69,233.79,2813.2,657698.03
1055,West Bengal,Kolkata,Sugarcane,Zaid,2018,13.29,474.37,32.16,50.05,120.61,79.89,55.82,7.3,Sprinkler,200.57,21.12,8.61,114.43,4183.17,478680.14
1056,Andhra Pradesh,Nellore,Onion,Zaid,2018,81.98,1212.87,27.9,40.99,119.66,31.31,40.95,7.13,Borewell,159.83,76.03,5.92,485.32,2632.09,1277405.92
1057,Punjab,Patiala,Onion,Rabi,2024,46.32,1419.46,30.68,88.07,79.63,51.57,99.54,6.59,Rainfed,40.88,5.83,4.22,195.47,2312.87,452096.7
1058,Kerala,Thrissur,Wheat,Kharif,2020,24.49,391.98,35.54,40.65,116.61,35.38,111.19,5.51,Sprinkler,247.39,7.73,4.61,112.9,2178.43,245944.75
1059,Karnataka,Mandya,Maize,Zaid,2025,76.44,566.7,19.93,87.13,123.41,58.42,132.95,5.53,Drip,144.87,65.23,5.46,417.36,1868.41,779799.6
1060,Kerala,Palakkad,Maize,Rabi,2023,95.06,1010.4,27.71,92.84,50.34,,133.91,8.34,Rainfed,216.17,56.8,4.64,441.08,2129.71,939372.49
1061,West Bengal,Kolkata,Millet,Kharif,2023,78.7,1200.9,25.2,43.47,34.98,81.69,99.84,8.06,Drip,56.28,33.08,2.45,192.82,2710.43,522625.11
1062,Kerala,Kochi,Groundnut,Rabi,2024,88.19,1557.29,37.79,53.38,76.44,49.15,51.29,7.71,Sprinkler,41.87,12.68,2.71,238.99,6539.39,1562848.82
1063,Karnataka,Hassan,Tomato,Kharif,2021,40.74,564.05,35.04,75.3,39.04,47.11,20.53,7.64,Borewell,119.52,55.0,4.87,198.4,2390.65,474304.96
1064,Maharashtra,Pune,Wheat,Rabi,2023,74.12,369.05,34.9,59.5,138.41,33.73,27.73,6.29,Rainfed,216.91,25.74,3.39,251.27,2101.81,528121.8
1065,Kerala,Kochi,Onion,Zaid,2023,78.23,1445.01,30.54,40.63,108.81,84.73,127.8,6.98,Rainfed,196.7,33.28,5.26,411.49,2508.13,1032070.41
1066,Andhra Pradesh,Krishna,Cotton,Kharif,2018,43.48,319.7,32.35,85.87,62.54,76.85,20.92,6.99,Sprinkler,149.67,66.31,3.16,137.4,7174.68,985801.03
1067,Haryana,Rohtak,Cotton,Kharif,2022,59.01,596.41,27.75,86.88,136.53,21.48,34.51,5.59,Canal,93.27,62.25,2.66,156.97,7703.29,1209185.43
1068,Haryana,Hisar,Millet,Kharif,2018,3.79,1662.11,31.43,84.49,117.63,97.65,67.16,6.16,Drip,164.29,68.2,2.77,10.5,2791.36,29309.28
1069,Tamil Nadu,Coimbatore,Cotton,Rabi,2024,19.18,626.64,20.29,79.28,41.19,42.25,101.46,5.82,Borewell,128.48,35.43,3.19,61.18,7152.27,437575.88
1070,Karnataka,Hassan,Wheat,Rabi,2019,63.28,311.51,37.94,87.25,26.07,64.91,97.68,8.07,Rainfed,127.76,65.1,3.05,193.0,2580.58,498051.94
1071,Haryana,Karnal,Groundnut,Rabi,2024,64.33,1797.44,30.76,86.98,41.92,72.47,134.18,7.02,Sprinkler,113.44,5.5,3.19,205.21,6104.51,1252706.5
1072,West Bengal,Burdwan,Onion,Kharif,2020,32.48,1511.27,26.38,56.02,77.78,68.94,36.5,6.87,Rainfed,198.36,27.28,4.8,155.9,1937.48,302053.13
1073,Haryana,Rohtak,Potato,Zaid,2024,61.87,1685.75,36.84,71.49,67.16,67.0,135.14,7.06,Borewell,227.74,3.64,7.8,482.59,1778.75,858406.96
1074,Maharashtra,Nashik,Sugarcane,Kharif,2019,43.18,743.66,20.38,91.42,49.02,13.21,48.58,7.43,Canal,81.93,70.8,7.4,319.53,3042.32,972112.51
1075,Uttar Pradesh,Agra,Rice,Kharif,2018,82.15,765.42,23.27,57.83,97.74,15.51,78.52,5.47,Borewell,151.59,12.13,4.6,377.89,2591.44,979279.26
1076,Telangana,Khammam,Maize,Kharif,2022,14.34,1435.74,21.63,45.39,126.73,74.5,122.78,8.47,Sprinkler,195.02,43.45,5.96,85.47,1660.0,141880.2
1077,Telangana,Hyderabad,Onion,Kharif,2022,36.54,414.9,24.46,91.6,135.35,32.11,11.27,6.52,Rainfed,127.79,8.06,4.06,148.35,1897.61,281510.44
1078,Maharashtra,Pune,Tomato,Zaid,2022,66.05,1323.21,27.04,48.63,110.18,26.3,16.3,5.28,Borewell,62.96,59.61,5.61,370.54,2544.43,942813.09
1079,Kerala,Kollam,Rice,Zaid,2020,72.84,327.49,23.92,87.9,85.43,75.5,97.06,7.66,Sprinkler,156.82,41.79,4.59,334.34,2823.55,944025.71
1080,Tamil Nadu,Madurai,Sugarcane,Rabi,2018,87.74,1295.54,29.57,49.84,138.89,84.11,114.4,5.73,Sprinkler,247.03,25.05,10.08,884.42,4073.31,3602516.83
1081,Uttar Pradesh,Agra,Potato,Rabi,2020,71.38,1336.46,32.3,92.64,126.43,50.77,118.03,7.95,Rainfed,173.24,22.65,6.54,466.83,1552.63,724814.26
1082,Punjab,Bathinda,Potato,Kharif,2023,85.08,1622.47,31.24,70.09,73.87,15.5,128.24,7.36,Rainfed,27.07,74.88,4.99,424.55,1623.07,689074.37
1083,West Bengal,Murshidabad,Potato,Kharif,2023,92.15,1326.6,22.19,70.65,36.52,32.03,37.04,5.77,Rainfed,192.77,17.81,6.24,575.02,2097.76,1206253.96
1084,Maharashtra,Kolhapur,Cotton,Zaid,2023,29.0,697.94,36.02,47.08,130.32,95.16,77.78,6.31,Drip,229.71,66.38,3.91,113.39,6550.11,742716.97
1085,Andhra Pradesh,Guntur,Cotton,Zaid,2022,43.94,1771.5,25.79,84.27,66.54,86.06,148.38,8.44,Borewell,238.69,23.48,3.44,151.15,5619.92,849450.91
1086,Karnataka,Belgaum,Sugarcane,Rabi,2021,25.54,539.19,24.27,62.98,80.73,17.67,16.51,6.82,Rainfed,205.56,30.33,7.01,179.04,4026.37,720881.28
1087,Uttar Pradesh,Meerut,Onion,Rabi,2024,43.76,1329.99,25.31,49.99,139.39,52.06,111.32,6.73,Drip,120.24,13.59,5.97,261.25,1958.1,511553.62
1088,Kerala,Kannur,Onion,Kharif,2022,31.22,778.7,28.8,79.06,36.5,11.59,72.4,8.18,Borewell,119.4,57.68,4.72,147.36,1880.1,277051.54
1089,West Bengal,Burdwan,Groundnut,Rabi,2022,21.07,1474.85,32.63,84.65,101.86,49.57,147.7,6.99,Rainfed,179.52,74.13,2.3,48.46,6270.18,303852.92
1090,Maharashtra,Pune,Wheat,Rabi,2020,91.48,729.13,18.76,51.47,33.55,15.91,115.79,5.57,Rainfed,174.24,19.58,3.1,283.59,2055.05,582791.63
1091,Haryana,Rohtak,Onion,Zaid,2022,20.06,494.37,20.77,93.38,33.4,51.33,102.24,6.24,Borewell,151.53,58.27,5.28,105.92,2087.64,221122.83
1092,Karnataka,Belgaum,Millet,Rabi,2023,58.41,329.41,22.55,49.18,47.37,12.15,58.37,5.51,Drip,41.52,33.19,2.17,126.75,2769.82,351074.68
1093,Karnataka,Hassan,Tomato,Kharif,2024,7.57,1493.67,24.99,52.34,138.0,12.29,106.6,5.92,Rainfed,58.26,13.52,5.34,40.42,2438.6,98568.21
1094,Punjab,Jalandhar,Groundnut,Rabi,2018,72.56,802.05,34.31,80.99,27.74,28.12,72.55,8.35,Canal,126.58,66.82,2.09,151.65,5130.75,778078.24
1095,West Bengal,Murshidabad,Onion,Zaid,2022,13.45,937.65,29.2,94.62,41.11,52.47,42.93,6.96,Sprinkler,40.63,52.13,4.78,64.29,2354.42,151365.66
1096,Maharashtra,Nagpur,Maize,Kharif,2020,85.81,1379.22,24.92,42.36,134.31,33.77,22.28,6.66,Canal,112.92,66.02,4.89,419.61,1998.79,838712.27
1097,Telangana,Hyderabad,Sugarcane,Kharif,2018,74.81,1551.86,25.44,65.36,99.14,15.33,144.06,5.52,Sprinkler,63.13,15.32,8.57,641.12,3776.86,2421420.48
1098,West Bengal,Hooghly,Millet,Kharif,2023,40.1,972.2,32.78,56.41,58.95,19.83,68.38,7.68,Drip,194.48,27.17,2.96,118.7,3387.39,402083.19
1099,Andhra Pradesh,Chittoor,Rice,Zaid,2024,43.77,456.36,29.96,49.45,101.46,80.12,80.13,6.27,Canal,249.93,25.24,5.09,222.79,2629.94,585924.33
1100,Tamil Nadu,Coimbatore,Onion,Zaid,2025,77.45,1467.87,35.09,81.31,134.77,33.98,47.47,8.11,Borewell,125.8,55.59,5.31,411.26,2367.4,973616.92
1101,Uttar Pradesh,Meerut,Rice,Kharif,2025,34.06,457.78,30.6,59.75,58.74,25.2,141.84,6.12,Drip,33.55,47.14,3.96,134.88,2437.84,328815.86
1102,Andhra Pradesh,Kurnool,Millet,Zaid,2019,2.03,317.28,32.67,68.5,82.04,18.95,102.27,6.98,Rainfed,23.03,59.43,1.74,3.53,3318.83,11715.47
1103,Karnataka,Mysore,Sugarcane,Kharif,2021,38.08,360.5,31.92,44.59,51.11,37.82,106.28,6.99,Rainfed,151.43,78.92,6.36,242.19,3037.04,735540.72
1104,Andhra Pradesh,Chittoor,Cotton,Zaid,2025,3.85,425.44,35.14,72.58,116.54,49.97,117.11,5.04,Rainfed,183.04,77.1,2.61,10.05,6824.62,68587.43
1105,Maharashtra,Satara,Potato,Zaid,2025,1.12,861.16,25.88,72.92,64.99,21.98,141.7,7.63,Drip,136.86,9.82,6.92,7.75,1822.79,14126.62
1106,Karnataka,Bangalore,Groundnut,Zaid,2018,45.55,1376.54,37.53,53.31,37.18,39.61,71.88,5.67,Rainfed,157.96,64.15,2.25,102.49,6455.64,661638.54
1107,Kerala,Kollam,Maize,Zaid,2025,38.03,1049.09,31.23,65.78,35.38,82.52,96.39,5.47,Canal,231.68,77.63,5.35,203.46,2119.77,431288.4
1108,Maharashtra,Pune,Cotton,Rabi,2024,88.31,692.86,29.52,71.14,92.93,61.83,65.56,8.47,Borewell,202.63,4.15,3.06,270.23,7368.72,1991249.21
1109,Kerala,Kannur,Potato,Rabi,2021,12.47,1062.52,35.65,48.14,97.64,56.52,134.49,8.46,Sprinkler,242.56,35.2,7.78,97.02,1998.85,193928.43
1110,Telangana,Hyderabad,Tomato,Kharif,2018,90.75,432.35,28.96,69.67,69.29,59.12,74.68,8.15,Rainfed,118.06,79.95,4.6,417.45,2506.35,1046275.81
1111,Haryana,Panipat,Onion,Rabi,2018,58.02,1191.72,34.96,65.31,121.39,83.22,102.08,7.85,Canal,174.68,5.46,5.73,332.45,2124.87,706413.03
1112,Telangana,Karimnagar,Maize,Zaid,2025,93.9,1654.32,23.63,57.34,48.09,59.31,109.03,5.95,Borewell,31.54,70.79,4.4,413.16,2181.63,901362.25
1113,Andhra Pradesh,Nellore,Rice,Kharif,2020,38.0,1322.52,20.22,72.46,132.12,80.22,100.14,5.41,Drip,207.35,67.22,5.36,203.68,2786.56,567566.54
1114,Tamil Nadu,Salem,Groundnut,Kharif,2018,83.08,502.84,31.85,65.26,57.78,38.81,108.05,5.4,Canal,62.85,58.09,1.9,157.85,6287.08,992415.58
1115,Kerala,Kollam,Maize,Zaid,2025,15.29,787.84,32.72,70.13,30.75,29.43,119.46,5.98,Sprinkler,145.76,9.99,4.61,70.49,2035.76,143500.72
1116,Tamil Nadu,Thanjavur,Maize,Zaid,2019,54.77,683.47,31.41,55.22,75.7,75.97,23.14,8.32,Sprinkler,159.86,50.67,5.31,290.83,1907.0,554612.81
1117,Punjab,Amritsar,Onion,Zaid,2018,71.69,1763.36,20.21,51.67,107.18,92.35,52.54,7.6,Sprinkler,91.31,60.29,5.8,415.8,2376.37,988094.65
1118,West Bengal,Hooghly,Onion,Rabi,2025,84.75,1669.84,25.67,81.24,23.56,43.12,41.33,7.85,Borewell,240.0,62.6,6.46,547.49,2476.04,1355607.14
1119,Andhra Pradesh,Kurnool,Cotton,Kharif,2022,54.47,587.39,29.98,92.86,133.21,46.13,83.98,5.43,Sprinkler,249.47,78.07,3.43,186.83,7780.13,1453561.69
1120,Tamil Nadu,Coimbatore,Groundnut,Zaid,2022,96.73,1583.32,33.26,64.19,108.67,43.89,136.5,5.99,Canal,44.94,58.5,2.73,264.07,5217.68,1377832.76
1121,Tamil Nadu,Coimbatore,Maize,Zaid,2022,45.19,810.42,35.06,82.19,20.24,59.92,43.31,7.61,Rainfed,181.45,5.52,3.75,169.46,2158.09,365709.93
1122,Uttar Pradesh,Agra,Rice,Zaid,2019,34.37,1734.82,19.12,59.98,138.02,28.19,30.81,6.24,Borewell,232.99,64.31,5.06,173.91,2864.69,498198.24
1123,Andhra Pradesh,Nellore,Wheat,Kharif,2023,92.89,628.26,18.61,45.18,80.43,86.28,130.68,7.16,Rainfed,224.48,37.42,3.84,356.7,2168.71,773578.86
1124,Karnataka,Belgaum,Cotton,Kharif,2021,6.8,1667.41,24.19,70.9,73.89,71.35,75.17,5.42,Sprinkler,87.83,12.43,3.26,22.17,7280.89,161417.33
1125,Maharashtra,Kolhapur,Wheat,Zaid,2024,95.01,1185.8,20.54,89.88,108.59,12.82,54.14,5.94,Borewell,163.95,28.37,4.48,425.64,2328.02,990898.43
1126,Kerala,Kollam,Potato,Zaid,2025,45.13,1534.15,35.32,44.91,39.16,40.05,14.04,5.43,Canal,53.16,74.92,6.44,290.64,2153.13,625785.7
1127,Telangana,Warangal,Potato,Kharif,2021,51.7,1171.09,37.36,46.32,103.03,90.11,132.38,8.42,Sprinkler,32.65,8.3,6.46,333.98,1926.02,643252.16
1128,Haryana,Rohtak,Sugarcane,Rabi,2019,26.49,1645.5,27.77,71.59,125.85,48.22,69.3,5.56,Drip,44.41,76.4,8.94,236.82,3316.24,785351.96
1129,Telangana,Nalgonda,Cotton,Rabi,2024,28.45,1543.23,30.36,78.81,125.32,67.84,134.6,6.87,Drip,96.38,54.19,3.75,106.69,5561.58,593364.97
1130,West Bengal,Nadia,Potato,Rabi,2022,27.87,313.76,21.76,59.72,111.45,60.41,136.1,5.11,Canal,175.28,20.96,6.35,176.97,1905.28,337177.4
1131,Kerala,Palakkad,Maize,Rabi,2024,24.32,1169.05,26.58,55.11,27.04,23.47,114.41,5.65,Canal,41.46,36.12,4.49,109.2,2205.74,240866.81
1132,Uttar Pradesh,Agra,Wheat,Rabi,2019,18.51,1193.01,31.39,52.12,128.65,41.79,39.51,7.7,Borewell,188.89,75.36,4.52,83.67,1941.68,162460.37
1133,West Bengal,Hooghly,Groundnut,Kharif,2019,36.27,1300.89,28.84,56.53,97.41,62.0,25.93,6.67,Borewell,199.92,40.55,2.73,99.02,5804.48,574759.61
1134,Maharashtra,Pune,Groundnut,Zaid,2023,90.13,1148.83,31.8,69.87,32.69,49.24,22.12,6.08,Canal,190.82,46.76,2.97,267.69,5324.3,1425261.87
1135,West Bengal,Kolkata,Tomato,Rabi,2024,90.05,306.41,34.34,70.55,82.37,45.61,51.5,7.7,Sprinkler,214.76,72.88,6.35,571.82,2299.21,1314734.26
1136,Punjab,Bathinda,Groundnut,Rabi,2024,52.21,582.31,22.77,65.41,90.2,53.61,82.69,5.47,Sprinkler,109.43,68.37,2.55,133.14,6222.36,828445.01
1137,Haryana,Ambala,Potato,Rabi,2023,8.97,336.34,22.55,62.37,130.25,44.83,148.4,7.67,Canal,82.29,21.01,6.12,54.9,1844.99,101289.95
1138,Maharashtra,Nashik,Tomato,Rabi,2020,9.42,1290.05,22.94,62.5,46.65,96.89,27.45,6.68,Borewell,141.22,68.28,6.13,57.74,2177.42,125724.23
1139,Kerala,Kollam,Potato,Zaid,2023,68.55,397.49,25.73,51.26,,78.4,72.27,7.54,Canal,193.73,58.26,6.44,441.46,1537.62,678797.73
1140,Haryana,Hisar,Potato,Kharif,2020,2.49,1405.63,22.91,49.0,129.96,19.68,37.16,8.45,Rainfed,162.22,12.11,5.93,14.77,1531.31,22617.45
1141,West Bengal,Nadia,Cotton,Rabi,2024,33.7,1359.06,24.56,62.04,87.9,93.28,13.56,7.48,Canal,78.93,67.19,3.17,106.83,7677.87,820226.85
1142,Kerala,Kannur,Groundnut,Rabi,2024,26.08,1357.54,32.82,54.96,137.67,13.54,89.38,7.57,Canal,33.88,9.33,2.56,66.76,6263.2,418131.23
1143,Kerala,Kollam,Cotton,Rabi,2020,91.02,1287.15,28.31,55.0,63.7,73.22,105.56,5.32,Canal,168.23,75.1,3.39,308.56,7268.57,2242789.96
1144,West Bengal,Hooghly,Millet,Kharif,2022,20.84,1569.37,28.58,78.78,48.26,25.25,19.59,8.14,Borewell,85.74,25.76,2.67,55.64,3251.46,180911.23
1145,Andhra Pradesh,Kurnool,Cotton,Rabi,2023,18.59,1054.83,26.65,90.93,61.73,97.44,69.61,5.81,Rainfed,135.16,31.93,2.11,39.22,6343.79,248803.44
1146,Karnataka,Mandya,Sugarcane,Rabi,2024,72.23,415.53,28.0,42.48,114.65,84.11,104.96,7.94,Drip,233.73,36.73,9.67,698.46,4179.52,2919227.54
1147,West Bengal,Nadia,Potato,Zaid,2025,38.95,1712.31,36.25,62.69,82.01,57.03,94.03,5.94,Sprinkler,236.66,52.13,8.02,312.38,2121.25,662636.07
1148,Telangana,Khammam,Millet,Zaid,2024,64.59,699.22,23.38,92.72,55.58,27.78,28.07,5.82,Canal,147.36,11.54,2.44,157.6,3392.22,534613.87
1149,Andhra Pradesh,Guntur,Cotton,Zaid,2025,37.75,1405.9,19.38,83.57,128.24,31.28,73.88,5.65,Canal,178.39,36.68,3.3,124.57,7561.42,941926.09
1150,Tamil Nadu,Madurai,Cotton,Kharif,2025,54.59,,33.56,84.68,42.82,70.93,109.79,8.45,Borewell,168.64,45.98,2.67,145.76,6375.33,929268.1
1151,Andhra Pradesh,Chittoor,Wheat,Zaid,2024,6.37,1582.52,33.02,43.76,115.64,79.7,13.08,6.84,Rainfed,238.59,4.76,4.33,27.58,2062.13,56873.55
1152,Andhra Pradesh,Kurnool,Sugarcane,Kharif,2025,30.29,538.16,25.16,74.43,44.74,99.28,115.43,8.37,Borewell,115.0,17.33,8.03,243.23,4143.92,1007925.66
1153,Karnataka,Mysore,Millet,Rabi,2021,68.66,1022.84,29.27,79.96,83.07,22.51,138.06,8.25,Sprinkler,25.96,68.16,2.31,158.6,3088.3,489804.38
1154,Kerala,Kannur,Tomato,Kharif,2018,5.2,510.1,32.38,47.85,105.94,48.86,134.49,6.09,Canal,48.78,33.44,5.49,28.55,2997.36,85574.63
1155,Haryana,Panipat,Onion,Kharif,2023,83.65,651.14,22.22,45.46,42.96,97.58,50.12,5.81,Borewell,122.03,34.49,4.62,386.46,2549.11,985129.05
1156,Punjab,Amritsar,Potato,Kharif,2018,17.74,1655.45,26.43,84.36,114.87,31.14,147.2,6.27,Canal,238.82,13.79,7.84,139.08,1843.57,256403.72
1157,West Bengal,Kolkata,Rice,Rabi,2022,93.57,721.22,26.0,62.78,94.93,42.49,126.33,8.37,Drip,156.95,66.34,4.67,436.97,2323.54,1015317.27
1158,West Bengal,Nadia,Potato,Kharif,2019,9.47,383.41,34.51,49.74,122.04,60.96,28.0,6.35,Drip,84.96,69.56,6.33,59.95,1755.41,105236.83
1159,Tamil Nadu,Thanjavur,Onion,Rabi,2023,64.81,1064.82,31.77,93.41,96.65,61.87,77.8,7.96,Borewell,169.54,17.57,5.9,382.38,2637.87,1008668.73
1160,Telangana,Khammam,Rice,Kharif,2024,85.36,1405.47,34.43,86.42,127.63,39.06,22.34,5.2,Borewell,221.69,11.27,5.33,454.97,2388.57,1086727.69
1161,Tamil Nadu,Thanjavur,Sugarcane,Zaid,2021,75.37,995.92,21.02,47.95,49.58,56.02,63.88,5.74,Borewell,188.85,47.95,8.71,656.47,4056.35,2662872.08
1162,Uttar Pradesh,Kanpur,Sugarcane,Rabi,2018,78.8,1482.22,26.99,89.23,35.18,64.93,149.43,7.08,Drip,100.57,31.0,9.31,733.63,3861.99,2833271.72
1163,West Bengal,Hooghly,Sugarcane,Kharif,2018,2.78,1614.31,27.57,49.77,83.1,88.01,46.75,5.6,Borewell,53.92,8.15,9.02,25.08,3135.27,78632.57
1164,Kerala,Kollam,Millet,Zaid,2018,14.66,999.1,34.69,55.21,75.1,99.58,142.88,7.09,Rainfed,198.21,36.58,1.99,29.17,2578.52,75215.43
1165,West Bengal,Burdwan,Tomato,Kharif,2025,27.34,652.76,21.26,52.14,71.69,93.53,83.05,5.67,Drip,205.8,54.5,6.75,184.54,2721.9,502299.43
1166,Punjab,Amritsar,Onion,Kharif,2022,28.92,804.51,23.03,45.04,112.75,74.47,95.53,7.98,Drip,224.6,23.97,6.12,176.99,2138.06,378415.24
1167,Kerala,Kochi,Wheat,Zaid,2020,30.56,1115.89,18.65,64.52,116.12,75.57,145.05,7.74,Drip,48.45,52.36,4.32,132.02,2054.53,271239.05
1168,Karnataka,Mysore,Millet,Kharif,2025,65.6,814.79,29.39,51.47,83.58,23.94,95.75,8.5,Canal,165.24,32.06,2.15,141.04,2925.48,412609.7
1169,Tamil Nadu,Madurai,Potato,Zaid,2024,63.45,765.23,24.29,46.57,72.12,32.99,40.35,5.02,Borewell,22.22,19.18,5.73,363.57,1961.76,713237.08
1170,Telangana,Nalgonda,Cotton,Kharif,2022,5.96,1127.82,23.83,90.88,114.86,29.29,58.17,8.06,Canal,42.19,7.45,2.98,17.76,5889.58,104598.94
1171,Kerala,Palakkad,Millet,Rabi,2020,71.77,862.79,18.01,46.28,26.4,22.02,42.45,6.5,Canal,22.47,70.62,2.22,159.33,3070.32,489194.09
1172,Andhra Pradesh,Nellore,Cotton,Zaid,2019,72.71,520.29,25.03,46.53,42.29,39.54,134.88,6.29,Sprinkler,243.05,69.22,3.33,242.12,5989.65,1450214.06
1173,Telangana,Hyderabad,Wheat,Rabi,2021,9.79,651.58,31.32,54.98,32.47,14.55,130.18,5.17,Drip,224.16,27.97,4.81,47.09,2115.68,99627.37
1174,Kerala,Kollam,Wheat,Zaid,2023,47.36,697.13,29.23,69.58,120.21,61.55,31.77,5.72,Rainfed,145.58,56.62,3.27,154.87,2638.65,408647.73
1175,Tamil Nadu,Salem,Cotton,Zaid,2020,91.94,1154.16,20.07,54.81,133.62,36.92,52.75,6.68,Borewell,203.31,64.27,3.33,306.16,6172.39,1889738.92
1176,Andhra Pradesh,Kurnool,Potato,Kharif,2021,36.65,1393.7,36.43,71.1,96.33,99.82,73.88,6.49,Borewell,64.34,12.34,6.8,249.22,1785.48,444977.33
1177,Haryana,Hisar,Potato,Kharif,2019,30.42,1727.32,27.67,77.92,33.46,85.02,91.76,5.51,Canal,247.86,49.76,7.72,234.84,1555.05,365187.94
1178,West Bengal,Burdwan,Potato,Kharif,2023,1.4,1034.2,25.47,82.85,126.19,63.11,43.69,6.99,Sprinkler,219.62,54.56,7.36,10.3,1948.46,20069.14
1179,Maharashtra,Pune,Sugarcane,Rabi,2023,10.51,1730.34,28.75,41.02,121.38,33.45,96.3,8.23,Sprinkler,26.8,28.9,8.63,90.7,4177.57,378905.6
1180,Punjab,Bathinda,Rice,Rabi,2022,68.8,605.58,26.18,79.51,97.58,71.84,45.73,7.1,Canal,90.46,54.01,4.62,317.86,2493.58,792609.34
1181,Telangana,Warangal,Onion,Rabi,2025,40.78,1129.74,27.29,44.19,59.44,20.93,75.28,5.01,Borewell,119.03,37.67,5.71,232.85,2228.79,518973.75
1182,Kerala,Kollam,Groundnut,Zaid,2023,47.31,489.74,23.38,78.52,26.37,79.09,103.23,6.74,Drip,120.52,32.65,2.64,124.9,5944.37,742451.81
1183,Punjab,Amritsar,Rice,Kharif,2018,89.97,860.55,25.55,62.74,84.38,50.8,134.54,7.44,Borewell,215.01,8.29,4.78,430.06,2531.94,1088886.12
1184,Uttar Pradesh,Lucknow,Cotton,Rabi,2020,1.39,812.68,24.41,63.44,101.06,36.62,59.12,6.52,Sprinkler,195.25,30.5,3.24,4.5,7526.59,33869.65
1185,West Bengal,Burdwan,Onion,Zaid,2019,21.01,1328.52,22.83,72.4,128.6,64.69,73.45,7.0,Canal,147.12,47.12,5.55,116.61,2557.87,298273.22
1186,Punjab,Bathinda,Rice,Rabi,2021,34.91,1210.29,27.95,43.32,117.0,77.41,38.42,8.02,Rainfed,36.5,39.92,3.68,128.47,2541.58,326516.78
1187,Uttar Pradesh,Meerut,Cotton,Rabi,2021,25.68,344.72,34.74,69.05,138.21,16.69,107.43,6.53,Canal,48.96,68.94,2.46,63.17,6964.26,439932.3
1188,Tamil Nadu,Trichy,Onion,Kharif,2022,27.84,691.85,27.35,76.98,58.98,93.88,104.99,7.89,Rainfed,204.25,75.55,4.38,121.94,2048.88,249840.43
1189,Haryana,Rohtak,Tomato,Zaid,2020,5.37,1786.09,21.19,88.87,88.23,79.72,130.27,7.45,Sprinkler,120.29,76.01,7.18,38.56,2635.21,101613.7
1190,Punjab,Patiala,Tomato,Zaid,2020,41.56,1168.48,20.86,58.12,92.28,62.9,26.47,7.1,Borewell,229.76,61.92,6.42,266.82,2740.22,731145.5
1191,Tamil Nadu,Salem,Cotton,Zaid,2025,71.36,1571.69,26.54,64.82,94.57,26.15,39.54,5.02,Sprinkler,238.49,57.69,3.91,279.02,6087.5,1698534.25
1192,Tamil Nadu,Madurai,Wheat,Zaid,2019,27.78,322.82,35.02,48.53,102.83,18.85,26.16,7.61,Borewell,135.81,23.19,3.71,103.06,2336.85,240835.76
1193,Tamil Nadu,Coimbatore,Wheat,Zaid,2018,98.2,893.31,34.08,92.97,60.53,,35.32,6.12,Borewell,183.25,30.3,3.86,379.05,2541.02,963173.63
1194,Telangana,Karimnagar,Cotton,Kharif,2018,95.07,394.72,29.59,80.34,91.2,95.75,46.69,8.18,Canal,60.04,71.61,2.57,244.33,5797.62,1416532.49
1195,West Bengal,Nadia,Groundnut,Rabi,2018,11.9,1158.95,20.1,68.76,53.82,99.22,56.99,5.74,Drip,84.29,14.72,2.05,24.39,5989.52,146084.39
1196,Andhra Pradesh,Nellore,Rice,Kharif,2022,69.44,1193.32,29.96,83.94,81.38,85.45,147.96,5.63,Rainfed,57.65,8.73,3.47,240.96,2660.1,640977.7
1197,Kerala,Kannur,Cotton,Rabi,2020,7.94,1206.6,24.13,87.19,40.24,47.94,139.95,8.15,Rainfed,121.68,71.42,2.94,23.34,6269.33,146326.16
1198,Uttar Pradesh,Varanasi,Cotton,Zaid,2023,87.83,1161.87,22.73,92.18,111.12,18.06,78.97,8.15,Canal,245.09,42.84,3.49,306.53,5630.94,1726052.04
1199,Telangana,Warangal,Cotton,Kharif,2022,23.48,1072.63,22.26,45.8,112.66,67.4,98.35,7.65,Sprinkler,27.56,12.6,2.66,62.46,7571.56,472919.64
1200,Haryana,Rohtak,Groundnut,Rabi,2018,15.76,779.75,22.83,58.02,59.18,70.57,84.31,6.35,Sprinkler,70.33,10.38,2.17,34.2,6524.45,223136.19
1201,Haryana,Hisar,Onion,Kharif,2020,99.95,624.75,33.11,79.16,92.77,55.3,18.51,5.97,Drip,215.35,25.45,5.96,595.7,2104.72,1253781.7
1202,Punjab,Jalandhar,Tomato,Rabi,2020,44.36,1748.74,26.51,80.92,47.5,22.93,137.8,7.34,Canal,37.28,26.8,6.04,267.93,2226.33,596500.6
1203,Haryana,Ambala,Potato,Kharif,2018,4.4,1291.54,20.15,70.87,125.78,16.31,51.39,7.42,Rainfed,200.85,34.2,6.1,26.84,1681.97,45144.07
1204,Punjab,Ludhiana,Tomato,Rabi,2024,12.65,1721.78,29.29,91.92,28.41,65.32,15.93,7.27,Canal,237.87,17.05,7.63,96.52,2917.55,281601.93
1205,Andhra Pradesh,Krishna,Cotton,Rabi,2018,83.24,1623.52,30.53,47.22,119.43,68.69,74.18,8.27,Canal,188.23,78.33,3.53,293.84,5666.66,1665091.37
1206,Punjab,Patiala,Millet,Kharif,2024,94.27,1637.38,36.15,47.34,67.06,60.35,83.96,7.16,Drip,91.37,5.89,2.42,228.13,3423.46,780993.93
1207,West Bengal,Kolkata,Onion,Kharif,2023,69.12,1461.45,23.04,49.79,58.6,82.42,34.34,6.73,Rainfed,39.01,51.52,4.18,288.92,2557.51,738915.79
1208,Uttar Pradesh,Agra,Sugarcane,Zaid,2023,88.62,1769.7,35.24,40.86,64.22,72.59,109.77,8.19,Canal,168.01,32.71,9.32,825.94,3618.79,2988903.41
1209,Karnataka,Hassan,Wheat,Kharif,2020,58.78,1438.44,22.17,73.42,71.57,97.99,18.01,7.06,Sprinkler,25.32,26.63,4.23,248.64,2618.69,651111.08
1210,Karnataka,Mandya,Maize,Kharif,2019,37.82,360.67,22.46,78.97,26.16,64.73,99.89,7.33,Canal,216.98,62.03,5.07,191.75,1775.9,340528.83
1211,Andhra Pradesh,Nellore,Groundnut,Zaid,2024,5.69,1474.51,35.35,55.63,100.52,63.82,36.9,5.77,Canal,99.45,66.99,3.04,17.3,5822.07,100721.81
1212,West Bengal,Murshidabad,Sugarcane,Kharif,2020,99.04,1277.38,30.44,84.95,70.87,30.53,19.8,6.87,Borewell,95.29,66.52,7.76,768.55,3917.01,3010418.04
1213,Andhra Pradesh,Krishna,Millet,Zaid,2021,60.95,742.81,35.55,86.01,54.22,81.36,141.28,7.73,Borewell,87.21,43.39,2.16,131.65,2782.57,366325.34
1214,Telangana,Karimnagar,Onion,Kharif,2022,92.8,1160.41,19.41,92.15,80.94,85.55,131.21,6.83,Sprinkler,155.0,27.72,5.88,545.66,2279.87,1244033.86
1215,Kerala,Kollam,Tomato,Zaid,2022,23.79,710.5,37.95,83.28,51.72,40.23,128.06,5.1,Borewell,112.91,64.9,5.73,136.32,2781.1,379119.55
1216,Uttar Pradesh,Lucknow,Sugarcane,Rabi,2021,71.16,1520.87,34.69,82.41,82.21,92.04,55.63,5.55,Rainfed,82.27,3.85,7.27,517.33,3612.39,1868797.72
1217,Uttar Pradesh,Varanasi,Potato,Rabi,2020,28.61,623.12,32.35,60.28,84.52,84.99,55.3,5.88,Rainfed,51.33,29.83,4.99,142.76,1704.88,243388.67
1218,Tamil Nadu,Coimbatore,Groundnut,Zaid,2018,59.96,1648.01,28.02,61.02,49.28,35.72,27.14,7.66,Borewell,120.97,71.16,2.84,170.29,6420.14,1093285.64
1219,Karnataka,Hassan,Wheat,Kharif,2022,7.23,1126.75,33.16,41.86,136.34,98.31,49.45,6.54,Sprinkler,108.57,10.8,4.39,31.74,2087.85,66268.36
1220,Telangana,Khammam,Groundnut,Kharif,2023,45.74,1611.26,22.66,54.52,33.72,64.13,66.18,5.67,Borewell,94.46,79.2,2.82,128.99,5201.87,670989.21
1221,Punjab,Ludhiana,Millet,Rabi,2023,56.12,467.35,18.05,60.63,69.94,81.1,71.42,6.51,Rainfed,34.21,38.64,1.52,85.3,2593.57,221231.52
1222,West Bengal,Murshidabad,Rice,Zaid,2022,9.57,897.73,29.56,80.17,27.96,30.63,133.63,7.89,Rainfed,196.91,39.9,4.0,38.28,2678.37,102528.0
1223,West Bengal,Kolkata,Potato,Rabi,2019,72.4,842.15,29.17,46.22,99.15,39.71,101.95,5.86,Canal,67.91,63.93,6.01,435.12,2039.29,887335.86
1224,West Bengal,Murshidabad,Potato,Zaid,2023,33.98,1580.3,26.27,74.84,76.0,87.83,23.13,7.29,Canal,160.13,49.54,6.95,236.16,1716.82,405444.21
1225,Karnataka,Bangalore,Cotton,Zaid,2022,88.57,1461.7,24.47,51.27,115.97,29.24,46.63,5.84,Sprinkler,232.04,69.05,3.68,325.94,7062.48,2301944.73
1226,Uttar Pradesh,Kanpur,Sugarcane,Kharif,2020,97.99,963.81,28.87,61.23,82.83,21.56,60.33,5.22,Canal,79.46,71.52,7.9,774.12,3566.32,2760759.64
1227,Tamil Nadu,Trichy,Rice,Rabi,2023,79.29,1568.69,36.57,53.09,99.86,62.26,128.04,6.0,Borewell,201.12,37.18,5.12,405.96,2236.13,907779.33
1228,Kerala,Kollam,Wheat,Zaid,2025,43.86,1741.33,29.91,79.75,68.59,12.28,94.41,6.01,Rainfed,44.13,5.17,3.28,143.86,2619.66,376864.29
1229,Karnataka,Mandya,Tomato,Rabi,2022,41.58,568.43,22.12,53.81,98.87,99.5,101.3,7.12,Sprinkler,57.22,56.01,5.65,234.93,2274.94,534451.65
1230,Uttar Pradesh,Agra,Potato,Zaid,2018,11.5,491.13,28.64,55.88,55.51,41.94,109.39,5.63,Canal,36.31,28.01,5.76,66.24,1541.21,102089.75
1231,Kerala,Palakkad,Potato,Kharif,2020,91.93,1184.94,37.29,41.24,113.16,80.91,14.8,8.17,Drip,130.88,5.5,6.69,615.01,2016.87,1240395.22
1232,Telangana,Hyderabad,Millet,Kharif,2024,34.62,1111.99,20.79,42.5,115.28,64.94,90.49,7.38,Canal,51.5,45.8,2.67,92.44,2608.92,241168.56
1233,Andhra Pradesh,Kurnool,Tomato,Kharif,2024,40.8,966.06,18.89,65.29,75.17,98.19,29.5,7.42,Canal,223.56,28.93,6.85,279.48,2575.95,719926.51
1234,Punjab,Ludhiana,Maize,Rabi,2019,17.0,1326.96,33.98,65.79,130.09,46.76,42.61,8.04,Borewell,241.73,55.77,5.49,93.33,1876.31,175116.01
1235,Andhra Pradesh,Chittoor,Maize,Rabi,2025,57.8,835.55,21.18,83.88,132.33,85.82,137.23,6.03,Rainfed,245.02,36.11,4.67,269.93,2202.93,594636.89
1236,Uttar Pradesh,Varanasi,Cotton,Rabi,2019,44.99,868.82,36.67,44.4,129.74,41.02,109.77,5.35,Drip,158.13,12.48,2.53,113.82,6415.02,730157.58
1237,Uttar Pradesh,Kanpur,Cotton,Kharif,2020,33.67,442.66,19.16,88.34,69.84,78.89,21.41,5.14,Canal,140.0,34.53,3.04,102.36,7313.25,748584.27
1238,Andhra Pradesh,Chittoor,Wheat,Kharif,2018,88.11,1107.15,21.36,80.39,45.94,37.9,145.33,7.97,Drip,140.22,54.52,4.75,418.52,1926.93,806458.74
1239,Tamil Nadu,Trichy,Millet,Zaid,2024,47.62,700.4,29.92,43.57,66.91,32.04,44.04,7.01,Rainfed,145.05,23.45,2.28,108.57,2881.99,312897.65
1240,Tamil Nadu,Madurai,Cotton,Kharif,2021,29.44,1240.46,32.77,94.29,127.95,14.91,89.27,8.22,Drip,202.21,8.61,4.46,131.3,6890.77,904758.1
1241,Punjab,Patiala,Groundnut,Kharif,2020,41.09,953.43,29.03,54.05,81.96,18.7,114.13,5.38,Rainfed,127.54,67.68,2.3,94.51,5355.22,506121.84
1242,Andhra Pradesh,Kurnool,Groundnut,Rabi,2019,72.87,1454.95,28.88,49.73,86.66,34.32,141.23,5.04,Drip,140.19,24.74,3.04,221.52,5582.14,1236555.65
1243,Maharashtra,Satara,Groundnut,Kharif,2025,81.82,1651.9,31.09,88.29,86.77,71.63,11.54,7.96,Drip,148.79,24.79,3.11,254.46,5259.13,1338238.22
1244,Maharashtra,Pune,Cotton,Kharif,2018,82.33,1004.47,25.54,44.78,110.25,42.42,42.96,8.26,Canal,129.56,52.64,3.56,293.09,6267.63,1836979.68
1245,West Bengal,Murshidabad,Cotton,Rabi,2025,41.21,312.78,21.65,69.02,34.64,62.85,51.64,8.17,Sprinkler,193.56,55.73,3.05,125.69,7301.35,917706.68
1246,Karnataka,Hassan,Tomato,Kharif,2018,55.05,1319.55,29.79,49.63,78.81,19.9,137.75,7.36,Canal,182.73,65.47,6.42,353.42,2235.09,789925.51
1247,Tamil Nadu,Trichy,Rice,Rabi,2025,74.84,607.53,33.79,45.47,20.19,43.57,50.76,8.03,Rainfed,89.4,38.49,4.02,300.86,2294.19,690230.0
1248,Karnataka,Hassan,Onion,Zaid,2025,35.06,1785.56,35.62,69.5,104.16,28.78,66.78,6.17,Sprinkler,154.38,4.97,6.05,212.11,2545.64,539955.7
1249,Uttar Pradesh,Varanasi,Groundnut,Rabi,2023,41.72,503.33,36.08,89.9,37.41,78.58,143.96,7.33,Canal,242.98,73.66,2.88,120.15,5876.22,706027.83
1250,Tamil Nadu,Trichy,Wheat,Rabi,2021,87.3,1739.0,26.94,63.59,41.04,18.06,133.29,8.14,Canal,175.41,19.39,4.18,364.91,2087.75,761840.85
1251,Telangana,Khammam,Potato,Rabi,2020,76.4,756.07,24.5,91.28,132.78,32.51,54.04,7.2,Drip,222.89,5.14,7.56,577.58,2054.64,1186718.97
1252,Telangana,Hyderabad,Rice,Rabi,2024,71.41,633.05,34.28,45.82,80.44,84.74,30.65,6.92,Drip,235.18,63.2,5.47,390.61,2588.38,1011047.11
1253,Punjab,Bathinda,Maize,Zaid,2023,44.29,457.31,27.16,67.91,24.06,77.51,84.86,6.16,Rainfed,71.37,75.49,3.42,151.47,1829.34,277090.13
1254,Telangana,Warangal,Cotton,Zaid,2018,2.88,725.88,18.77,,95.49,62.58,98.74,7.51,Canal,56.3,3.98,2.99,8.61,7761.77,66828.84
1255,Andhra Pradesh,Chittoor,Tomato,Kharif,2023,97.56,707.67,31.32,80.44,139.16,26.48,40.03,6.01,Drip,36.42,8.79,5.41,527.8,2700.34,1425239.45
1256,Tamil Nadu,Thanjavur,Rice,Rabi,2021,46.04,1755.87,23.64,44.86,67.41,91.11,145.96,8.18,Rainfed,41.81,70.4,4.21,193.83,2066.14,400479.92
1257,West Bengal,Murshidabad,Potato,Zaid,2022,8.77,1680.39,23.72,54.24,116.66,22.7,117.71,8.2,Rainfed,145.91,54.2,6.64,58.23,1551.48,90342.68
1258,Karnataka,Belgaum,Cotton,Kharif,2025,81.37,818.0,20.47,61.2,91.04,87.06,62.55,7.48,Rainfed,36.91,16.94,2.3,187.15,6779.74,1268828.34
1259,Kerala,Kannur,Potato,Zaid,2025,48.67,683.55,30.1,89.81,111.63,73.94,32.36,6.68,Borewell,177.59,11.69,6.58,320.25,1979.3,633870.82
1260,Tamil Nadu,Salem,Maize,Zaid,2021,98.21,836.17,35.96,45.89,120.25,21.57,47.44,7.38,Canal,198.78,28.73,5.28,518.55,2054.79,1065511.35
1261,Uttar Pradesh,Meerut,Tomato,Rabi,2018,39.26,1167.71,22.83,78.88,138.35,99.99,131.73,7.66,Drip,25.38,43.96,6.36,249.69,2533.14,632499.73
1262,Karnataka,Hassan,Potato,Zaid,2023,70.73,694.08,37.49,52.58,30.17,97.78,108.89,5.04,Rainfed,242.54,23.64,5.55,392.55,1977.48,776259.77
1263,Kerala,Kannur,Millet,Kharif,2025,79.92,1246.39,31.27,82.66,31.65,97.77,43.15,7.2,Canal,158.92,22.21,2.49,199.0,2573.4,512106.6
1264,Kerala,Kannur,Wheat,Rabi,2025,64.15,1667.36,22.0,65.83,21.2,80.43,18.05,6.67,Rainfed,137.47,72.02,3.81,244.41,2222.55,543213.45
1265,Andhra Pradesh,Krishna,Sugarcane,Zaid,2021,1.64,1102.86,28.43,48.9,129.52,11.4,99.97,5.26,Borewell,61.64,24.12,7.54,12.37,3020.67,37365.69
1266,Maharashtra,Pune,Wheat,Zaid,2023,2.36,807.84,34.65,86.56,115.21,29.1,113.38,8.32,Drip,97.27,27.68,4.35,10.27,2239.82,23002.95
1267,Karnataka,Belgaum,Cotton,Zaid,2023,71.87,358.8,35.9,50.19,39.0,27.17,81.19,6.57,Canal,134.47,27.93,2.68,192.61,5604.48,1079478.89
1268,Tamil Nadu,Coimbatore,Cotton,Zaid,2019,58.81,640.1,18.33,49.82,70.77,62.8,40.3,6.34,Borewell,94.67,37.67,2.77,162.9,6015.63,979946.13
1269,Karnataka,Mandya,Wheat,Kharif,2018,51.03,821.52,21.81,48.39,69.46,93.88,52.23,8.04,Rainfed,90.66,14.02,3.07,156.66,1993.9,312364.37
1270,Haryana,Panipat,Maize,Kharif,2019,17.06,710.85,35.24,82.46,136.85,76.87,94.73,8.23,Drip,194.24,58.37,5.31,90.59,1672.73,151532.61
1271,Karnataka,Hassan,Rice,Rabi,2022,41.42,435.78,29.69,51.73,103.95,74.96,34.15,5.1,Borewell,206.29,49.62,4.71,195.09,2866.71,559266.45
1272,Telangana,Warangal,Potato,Rabi,2025,44.33,1730.75,31.57,53.78,74.1,21.68,25.37,7.27,Canal,33.61,61.79,6.28,278.39,2086.08,580743.81
1273,Karnataka,Mandya,Wheat,Kharif,2020,92.7,1534.5,22.85,49.51,115.8,79.96,74.87,8.03,Borewell,236.44,16.11,4.77,442.18,2477.47,1095487.68
1274,Maharashtra,Nagpur,Sugarcane,Kharif,2025,93.38,1786.5,28.3,48.61,40.71,77.64,120.79,5.51,Canal,234.36,70.4,9.96,930.06,3457.98,3216128.88
1275,Punjab,Patiala,Maize,Kharif,2021,55.32,580.98,28.75,67.42,96.05,63.14,101.27,5.09,Sprinkler,20.52,22.8,4.57,252.81,2133.42,539349.91
1276,Haryana,Panipat,Maize,Zaid,2018,75.18,548.36,24.24,58.55,60.35,62.73,82.84,6.12,Canal,114.61,41.29,4.85,364.62,2156.65,786357.72
1277,Haryana,Karnal,Cotton,Zaid,2022,98.95,487.09,33.99,46.61,133.74,83.75,87.34,8.06,Sprinkler,205.04,57.1,3.45,341.38,5992.21,2045620.65
1278,Maharashtra,Pune,Cotton,Zaid,2023,71.17,992.42,37.41,72.07,98.93,83.43,65.19,5.12,Borewell,112.99,19.97,3.15,224.19,6054.34,1357322.48
1279,Maharashtra,Satara,Rice,Zaid,2023,45.85,760.47,21.17,55.55,46.31,81.31,56.51,6.21,Drip,167.16,66.7,4.63,212.29,2612.41,554588.52
1280,Kerala,Kochi,Potato,Zaid,2025,52.24,722.68,20.99,49.68,44.82,97.43,12.61,7.19,Sprinkler,224.15,54.27,7.16,374.04,2158.96,807537.4
1281,West Bengal,Kolkata,Millet,Kharif,2018,27.18,1593.9,23.39,62.92,54.03,92.37,74.81,7.26,Rainfed,219.98,10.54,2.48,67.41,3454.19,232846.95
1282,Karnataka,Bangalore,Onion,Rabi,2020,2.42,1547.33,32.87,42.37,120.57,84.96,31.36,7.21,Rainfed,220.81,78.44,5.53,13.38,2059.8,27560.12
1283,Telangana,Khammam,Sugarcane,Kharif,2018,73.91,1700.62,35.14,80.33,61.62,91.08,55.53,7.56,Rainfed,187.15,31.27,7.76,573.54,3883.55,2227371.27
1284,Punjab,Jalandhar,Rice,Kharif,2020,60.34,1726.98,22.25,48.24,42.98,87.56,26.07,8.04,Canal,131.17,30.02,4.9,295.67,2313.44,684014.8
1285,Punjab,Patiala,Cotton,Rabi,2025,90.56,403.55,21.8,66.15,104.15,56.65,79.49,6.05,Borewell,136.65,20.15,3.06,277.11,5960.3,1651658.73
1286,Maharashtra,Pune,Cotton,Kharif,2023,57.93,1293.9,20.67,74.96,109.6,74.82,102.33,7.68,Borewell,76.82,15.67,2.45,141.93,7457.41,1058430.2
1287,West Bengal,Murshidabad,Wheat,Kharif,2021,3.08,1747.3,19.32,75.68,86.22,55.61,54.57,5.9,Drip,61.69,79.53,4.59,14.14,2382.2,33684.31
1288,Maharashtra,Satara,Cotton,Rabi,2022,24.05,1403.58,29.45,92.45,102.6,77.94,55.15,7.55,Canal,224.68,3.48,3.32,79.85,6467.57,516435.46
1289,Uttar Pradesh,Meerut,Rice,Kharif,2019,83.18,1627.08,34.64,54.43,102.98,69.96,61.14,5.21,Rainfed,53.0,70.89,3.93,326.9,2124.77,694587.31
1290,Tamil Nadu,Salem,Potato,Rabi,2020,51.5,612.01,30.49,70.07,97.18,65.53,121.77,8.07,Borewell,231.32,10.63,7.1,365.65,2076.07,759115.0
1291,Karnataka,Hassan,Tomato,Zaid,2021,88.93,636.28,37.77,72.32,90.56,83.75,130.04,7.8,Sprinkler,199.31,22.63,6.71,596.72,2798.82,1670111.87
1292,Karnataka,Hassan,Cotton,Kharif,2024,18.63,630.15,19.89,79.04,56.04,95.17,46.84,7.36,Drip,159.72,18.64,3.14,58.5,6604.31,386352.14
1293,Punjab,Jalandhar,Wheat,Zaid,2023,9.97,1769.91,31.04,42.94,93.15,52.34,70.2,7.01,Drip,36.43,78.62,4.78,47.66,2040.04,97228.31
1294,Haryana,Panipat,Maize,Kharif,2025,77.46,1282.88,30.18,70.47,127.46,86.53,147.29,8.42,Sprinkler,181.76,56.21,5.72,443.07,1852.79,820915.67
1295,Kerala,Thrissur,Cotton,Rabi,2023,86.29,769.38,27.79,84.8,67.72,73.02,138.15,5.31,Borewell,67.93,2.95,2.85,245.93,5872.11,1444128.01
1296,Maharashtra,Nashik,Onion,Kharif,2018,73.67,1601.97,21.75,85.58,82.8,92.13,128.28,7.56,Canal,82.29,7.21,5.41,398.55,1876.68,747950.81
1297,Andhra Pradesh,Krishna,Cotton,Rabi,2025,16.21,1673.93,22.2,76.81,39.09,96.62,54.71,6.37,Rainfed,157.18,36.5,3.43,55.6,6852.45,380996.22
1298,Telangana,Warangal,Maize,Kharif,2024,94.28,812.51,33.03,48.74,39.27,79.0,18.25,7.94,Rainfed,62.5,67.65,3.6,339.41,1971.04,668990.69
1299,Karnataka,Belgaum,Cotton,Kharif,2024,48.48,700.21,22.67,45.74,84.3,84.94,49.03,7.17,Drip,61.43,28.68,2.67,129.44,7640.06,988929.37
1300,Maharashtra,Kolhapur,Sugarcane,Zaid,2024,91.29,1644.09,37.42,68.45,61.58,87.48,17.54,8.44,Borewell,31.69,69.06,8.0,730.32,3907.6,2853798.43
1301,Haryana,Panipat,Potato,Kharif,2020,49.83,1568.59,33.57,61.64,25.63,80.38,38.95,6.0,Borewell,139.73,44.49,6.58,327.88,2014.14,660396.22
1302,Punjab,Jalandhar,Onion,Kharif,2025,55.19,368.19,36.19,78.92,120.63,99.04,76.15,8.39,Rainfed,185.23,46.47,4.3,237.32,2231.65,529615.18
1303,Telangana,Hyderabad,Millet,Rabi,2024,30.13,1584.92,26.82,89.62,69.08,12.0,99.08,7.59,Drip,31.12,45.64,2.34,70.5,2936.31,207009.86
1304,Tamil Nadu,Thanjavur,Rice,Rabi,2024,50.9,1115.67,22.78,57.09,127.96,80.33,16.13,7.43,Sprinkler,249.43,62.43,5.58,284.02,2379.62,675859.67
1305,West Bengal,Murshidabad,Groundnut,Kharif,2023,26.04,1250.76,30.0,51.91,23.39,40.71,114.65,7.83,Drip,101.58,73.62,2.92,76.04,6129.09,466056.0
1306,Telangana,Nalgonda,Millet,Rabi,2024,92.77,698.54,31.38,46.69,120.32,91.34,85.46,5.11,Borewell,115.23,48.67,2.75,255.12,3001.26,765681.45
1307,Karnataka,Mysore,Onion,Zaid,2022,4.13,521.12,18.05,57.27,46.4,11.01,41.81,6.16,Rainfed,113.15,42.0,3.89,16.07,1880.76,30223.81
1308,Karnataka,Mysore,Millet,Kharif,2024,6.1,1783.72,27.42,52.88,51.26,47.46,105.36,8.07,Sprinkler,249.92,62.68,3.46,21.11,3573.74,75441.65
1309,Karnataka,Belgaum,Cotton,Zaid,2018,28.58,1490.01,22.44,50.73,104.46,81.25,119.47,5.36,Rainfed,33.53,43.3,2.18,62.3,7214.27,449449.02
1310,Andhra Pradesh,Nellore,Cotton,Rabi,2023,51.41,1214.2,20.24,75.84,81.88,93.38,82.95,8.47,Rainfed,103.95,33.87,2.84,146.0,6114.66,892740.36
1311,Haryana,Ambala,Cotton,Rabi,2021,53.71,422.18,19.95,65.78,101.86,81.13,144.73,5.52,Rainfed,25.91,40.8,2.08,111.72,6235.1,696585.37
1312,Uttar Pradesh,Agra,Maize,Zaid,2022,8.2,388.71,21.61,92.33,138.05,87.2,102.44,7.57,Sprinkler,239.75,2.1,5.45,44.69,2175.41,97219.07
1313,Telangana,Khammam,Tomato,Rabi,2024,59.04,1279.31,26.91,78.25,58.38,31.89,57.94,7.79,Borewell,76.0,36.36,5.66,334.17,2571.81,859421.75
1314,Karnataka,Mysore,Onion,Zaid,2022,9.92,1714.78,34.89,92.58,32.05,95.03,121.4,7.72,Canal,244.29,18.64,6.34,62.89,2000.17,125790.69
1315,Andhra Pradesh,Chittoor,Groundnut,Zaid,2022,35.34,1420.12,27.79,44.91,121.69,19.74,124.3,7.7,Borewell,105.07,8.22,2.63,92.94,6806.74,632618.42
1316,Haryana,Karnal,Maize,Rabi,2018,8.44,556.68,36.16,72.03,129.63,71.35,107.89,8.45,Rainfed,241.24,34.91,4.23,35.7,2123.68,75815.38
1317,Andhra Pradesh,Kurnool,Groundnut,Kharif,2018,62.91,1352.17,20.85,42.18,34.05,21.43,36.25,5.34,Drip,76.6,76.33,2.63,165.45,5783.71,956914.82
1318,Punjab,Bathinda,Rice,Zaid,2022,42.01,888.1,36.41,90.33,72.12,73.22,102.82,6.34,Rainfed,75.56,67.41,3.54,148.72,2192.31,326040.34
1319,Maharashtra,Nashik,Sugarcane,Zaid,2023,50.51,430.64,27.09,89.5,113.95,85.15,142.0,6.58,Rainfed,150.27,64.38,6.82,344.48,3433.74,1182854.76
1320,West Bengal,Hooghly,Millet,Kharif,2024,28.64,726.69,28.41,92.9,111.4,61.73,108.11,6.46,Canal,141.62,64.18,2.48,71.03,3566.74,253345.54
1321,Telangana,Warangal,Sugarcane,Zaid,2022,58.0,1727.26,29.14,94.74,52.6,88.18,64.66,5.25,Canal,184.25,35.47,9.36,542.88,3174.17,1723193.41
1322,Haryana,Rohtak,Wheat,Kharif,2018,44.89,694.13,22.56,81.87,60.85,27.1,110.7,6.61,Drip,56.17,72.06,4.09,183.6,2228.13,409084.67
1323,Punjab,Bathinda,Sugarcane,Rabi,2019,20.66,1581.8,23.5,83.4,130.48,24.51,52.55,8.01,Drip,185.44,6.86,9.81,202.67,4030.11,816782.39
1324,West Bengal,Kolkata,Millet,Zaid,2021,47.89,825.73,26.46,45.74,39.43,39.59,124.7,5.56,Sprinkler,77.65,74.97,2.27,108.71,2824.46,307047.05
1325,Telangana,Warangal,Onion,Kharif,2020,38.16,350.77,32.38,,117.27,21.6,111.05,5.29,Canal,226.44,49.59,5.93,226.29,2338.82,529251.58
1326,Haryana,Panipat,Wheat,Zaid,2025,21.18,502.21,36.29,67.24,117.79,62.66,118.24,6.62,Drip,148.6,14.56,4.37,92.56,2014.1,186425.1
1327,Telangana,Nalgonda,Potato,Kharif,2024,13.28,497.46,20.64,91.97,62.09,37.44,131.29,6.44,Sprinkler,231.46,41.69,6.83,90.7,2052.99,186206.19
1328,Andhra Pradesh,Guntur,Tomato,Zaid,2018,54.22,714.19,19.56,70.6,94.07,68.33,137.48,6.44,Canal,85.91,5.59,5.62,304.72,2375.31,723804.46
1329,West Bengal,Nadia,Tomato,Rabi,2019,16.34,1082.87,20.52,66.89,44.23,94.21,41.85,6.43,Borewell,139.88,64.91,6.47,105.72,2549.4,269522.57
1330,Kerala,Kochi,Rice,Kharif,2019,92.31,1412.64,27.57,58.72,125.22,43.36,67.03,6.52,Sprinkler,120.2,15.88,5.02,463.4,2106.7,976244.78
1331,West Bengal,Hooghly,Onion,Kharif,2018,83.75,1237.58,20.32,61.3,54.9,15.87,21.46,5.44,Sprinkler,32.98,34.96,5.02,420.42,2236.28,940176.84
1332,Kerala,Kollam,Sugarcane,Kharif,2021,26.04,1716.23,32.85,88.39,27.03,76.59,111.71,8.31,Drip,86.52,30.65,9.18,239.05,3526.68,843052.85
1333,Maharashtra,Nagpur,Groundnut,Kharif,2019,89.12,841.2,20.35,62.93,41.97,90.5,30.73,7.23,Drip,203.22,23.22,2.99,266.47,6487.36,1728686.82
1334,West Bengal,Kolkata,Sugarcane,Rabi,2022,69.65,1592.39,29.66,85.16,23.44,94.52,16.07,7.15,Borewell,31.04,63.22,8.14,566.95,3446.22,1953834.43
1335,Tamil Nadu,Salem,Groundnut,Kharif,2020,92.39,656.57,28.76,84.94,110.07,89.08,102.75,6.15,Borewell,161.52,74.81,2.69,248.53,5534.15,1375402.3
1336,Uttar Pradesh,Varanasi,Potato,Kharif,2023,75.64,767.93,32.6,64.86,122.71,61.1,123.86,6.71,Sprinkler,109.06,10.94,6.81,515.11,2060.75,1061512.93
1337,Maharashtra,Pune,Onion,Zaid,2019,33.6,1351.91,32.74,57.89,97.55,26.05,145.62,6.24,Rainfed,107.72,29.08,4.58,153.89,2203.01,339021.21
1338,Kerala,Kollam,Potato,Kharif,2022,7.98,923.43,30.45,40.31,72.42,82.82,52.72,6.16,Drip,64.92,51.64,6.66,53.15,1892.63,100593.28
1339,Maharashtra,Satara,Cotton,Zaid,2022,39.61,793.52,34.66,40.8,70.91,92.0,80.2,5.94,Rainfed,56.43,73.33,2.28,90.31,6422.54,580019.59
1340,Maharashtra,Nashik,Onion,Zaid,2023,90.96,557.42,19.21,90.49,39.03,85.66,131.7,5.33,Borewell,190.11,10.35,5.45,495.73,2207.37,1094259.53
1341,Karnataka,Hassan,Maize,Rabi,2023,48.81,1739.46,28.51,65.38,42.2,24.22,109.88,5.26,Drip,223.3,44.41,6.51,317.75,2184.83,694229.73
1342,Haryana,Ambala,Cotton,Rabi,2020,19.9,987.1,35.51,89.44,72.8,25.76,145.58,5.75,Sprinkler,65.36,49.3,2.94,58.51,7211.35,421936.09
1343,Tamil Nadu,Salem,Groundnut,Zaid,2023,81.68,394.16,21.87,53.3,37.59,23.19,,6.0,Canal,74.02,25.49,2.43,198.48,6053.66,1201530.44
1344,Telangana,Warangal,Onion,Zaid,2024,28.97,1654.04,33.02,67.82,89.14,50.2,103.22,7.92,Canal,138.51,3.85,5.5,159.33,2593.52,413225.54
1345,Uttar Pradesh,Meerut,Onion,Kharif,2019,33.12,1288.23,34.41,91.93,77.13,38.6,60.44,6.17,Drip,66.46,77.63,5.86,194.08,2411.0,467926.88
1346,Kerala,Kochi,Rice,Kharif,2021,89.15,709.98,20.2,71.29,93.89,29.62,118.11,5.8,Canal,103.35,32.09,3.92,349.47,2629.26,918847.49
1347,Haryana,Karnal,Potato,Kharif,2025,5.49,323.44,23.55,75.58,41.63,93.69,102.9,6.07,Borewell,71.26,76.89,5.65,31.02,1951.82,60545.46
1348,Andhra Pradesh,Nellore,Onion,Kharif,2022,27.56,1372.27,27.41,47.18,101.68,99.36,98.03,7.8,Canal,230.92,60.9,6.59,181.62,2374.56,431267.59
1349,Karnataka,Belgaum,Tomato,Kharif,2021,74.47,478.15,32.12,61.65,111.62,25.04,45.41,7.74,Borewell,162.73,53.95,5.58,415.54,2391.71,993851.17
1350,Haryana,Hisar,Millet,Rabi,2022,20.27,835.28,21.87,74.2,55.4,78.14,42.28,7.05,Canal,44.72,23.31,2.31,46.82,2972.39,139167.3
1351,Andhra Pradesh,Chittoor,Rice,Rabi,2021,53.65,1190.15,20.06,70.91,121.22,47.6,84.53,8.47,Rainfed,181.11,73.47,4.14,222.11,2755.97,612128.5
1352,Tamil Nadu,Salem,Onion,Kharif,2018,80.99,940.7,23.6,83.85,34.45,99.41,69.59,6.9,Canal,191.4,3.6,5.26,426.01,2355.28,1003372.83
1353,Telangana,Karimnagar,Groundnut,Kharif,2025,9.25,1369.21,28.95,88.71,86.34,77.91,15.37,5.09,Canal,202.35,49.06,2.74,25.35,5803.79,147126.08
1354,Andhra Pradesh,Krishna,Maize,Zaid,2024,42.94,651.98,36.71,76.59,111.23,39.27,71.67,5.96,Canal,114.16,20.03,5.05,216.85,2266.23,491431.98
1355,West Bengal,Murshidabad,Groundnut,Rabi,2022,58.4,359.39,22.4,67.91,128.57,83.67,111.61,7.13,Borewell,95.27,78.75,2.34,136.66,5706.93,779909.05
1356,Uttar Pradesh,Kanpur,Wheat,Kharif,2019,30.63,1329.74,29.08,82.23,88.04,45.75,131.9,6.61,Rainfed,179.19,33.08,3.77,115.48,1891.67,218450.05
1357,Maharashtra,Nagpur,Potato,Kharif,2022,36.26,391.55,24.55,77.96,122.88,83.49,147.97,8.28,Sprinkler,191.57,12.46,6.84,248.02,1816.58,450548.17
1358,Punjab,Patiala,Sugarcane,Kharif,2024,47.75,1760.1,32.39,41.1,46.59,69.75,70.87,5.21,Canal,78.69,29.3,8.5,405.88,3258.04,1322373.28
1359,Andhra Pradesh,Krishna,Rice,Zaid,2025,22.36,1776.46,20.33,65.13,81.75,76.77,105.61,7.97,Sprinkler,54.77,73.35,5.1,114.04,2457.33,280233.91
1360,Kerala,Palakkad,Maize,Kharif,2022,35.2,1160.78,31.34,59.47,66.15,37.34,129.83,7.64,Sprinkler,124.54,17.37,5.4,190.08,1721.31,327186.6
1361,Maharashtra,Satara,Millet,Kharif,2020,92.24,1421.75,33.75,88.24,127.45,16.87,140.19,6.39,Drip,184.51,59.38,3.15,290.56,2934.88,852758.73
1362,Telangana,Hyderabad,Groundnut,Zaid,2020,39.46,382.15,36.12,90.2,29.59,32.06,45.71,5.33,Borewell,152.98,44.39,1.84,72.61,5617.5,407886.67
1363,West Bengal,Hooghly,Groundnut,Kharif,2019,58.23,1373.19,29.78,42.16,83.53,75.25,120.54,5.31,Sprinkler,147.59,15.22,2.77,161.3,6278.07,1012652.69
1364,West Bengal,Burdwan,Sugarcane,Kharif,2018,51.26,1752.79,23.09,89.05,133.83,27.4,136.13,5.5,Sprinkler,192.74,78.66,10.03,514.14,2983.56,1533967.54
1365,Punjab,Patiala,Wheat,Kharif,2025,83.56,1314.39,32.01,77.52,80.83,34.98,97.51,8.37,Borewell,25.33,40.92,3.65,304.99,2409.95,735010.65
1366,West Bengal,Murshidabad,Maize,Kharif,2022,33.1,911.76,36.36,65.97,62.4,48.07,104.31,6.52,Borewell,233.13,63.16,5.5,182.05,2099.04,382130.23
1367,Maharashtra,Nagpur,Rice,Kharif,2025,62.26,437.68,26.95,45.27,113.28,50.66,130.12,7.01,Drip,135.73,24.67,5.08,316.28,2417.18,764505.69
1368,Punjab,Patiala,Tomato,Zaid,2025,2.66,965.28,30.21,89.07,91.72,12.89,75.73,6.97,Borewell,156.59,60.39,5.88,15.64,2256.78,35296.04
1369,Tamil Nadu,Thanjavur,Rice,Kharif,2018,82.54,403.36,29.11,69.18,96.07,35.82,24.53,5.63,Drip,63.84,53.8,4.36,359.87,2728.01,981728.96
1370,Maharashtra,Nagpur,Potato,Rabi,2025,18.2,810.46,19.37,71.92,32.42,26.53,58.4,7.82,Sprinkler,169.88,20.28,6.9,125.58,1621.94,203683.23
1371,Punjab,Patiala,Wheat,Rabi,2022,13.63,462.2,24.53,56.67,85.63,78.73,90.57,7.89,Drip,214.75,50.51,4.36,59.43,2190.03,130153.48
1372,West Bengal,Kolkata,Rice,Kharif,2021,49.31,1701.85,27.72,72.99,48.69,23.72,131.72,8.3,Canal,131.64,10.54,5.22,257.4,2781.88,716055.91
1373,Karnataka,Hassan,Millet,Zaid,2022,66.27,1325.97,33.21,53.22,55.4,10.81,98.67,5.4,Drip,59.97,14.72,2.6,172.3,3126.21,538645.98
1374,Kerala,Thrissur,Sugarcane,Rabi,2021,72.63,1326.88,33.7,62.57,92.29,97.81,141.29,6.5,Rainfed,84.59,49.97,7.45,541.09,3076.71,1664777.01
1375,Uttar Pradesh,Varanasi,Sugarcane,Kharif,2019,32.35,1133.27,21.74,59.84,124.07,47.67,65.8,7.03,Sprinkler,203.41,11.29,8.87,286.94,3692.35,1059482.91
1376,Haryana,Panipat,Onion,Rabi,2018,25.5,763.13,22.52,86.76,60.63,27.73,144.59,5.86,Rainfed,129.31,18.76,4.1,104.55,2088.84,218388.22
1377,Maharashtra,Nagpur,Maize,Kharif,2022,82.01,435.21,33.43,56.21,44.77,79.4,145.06,5.91,Rainfed,113.1,44.02,4.25,348.54,2265.3,789547.66
1378,Kerala,Kochi,Sugarcane,Rabi,2024,8.13,1559.99,22.77,70.11,71.98,21.96,63.63,8.34,Canal,33.46,33.3,8.15,66.26,3979.35,263671.73
1379,Karnataka,Belgaum,Maize,Kharif,2025,52.8,425.4,20.19,59.3,121.51,87.77,115.78,5.85,Sprinkler,116.47,41.33,4.8,253.44,2201.32,557902.54
1380,Maharashtra,Kolhapur,Wheat,Kharif,2022,21.38,734.32,28.4,52.38,86.88,64.15,145.54,7.99,Drip,66.35,52.79,4.36,93.22,2434.23,226918.92
1381,Maharashtra,Nagpur,Sugarcane,Zaid,2020,71.14,806.12,25.31,53.35,133.09,99.76,106.0,7.0,Borewell,53.68,34.0,7.72,549.2,3939.96,2163826.03
1382,Kerala,Kannur,Tomato,Zaid,2022,40.66,1562.91,22.05,78.76,84.78,39.1,77.0,6.79,Drip,225.48,5.77,7.46,303.32,2287.86,693953.7
1383,West Bengal,Hooghly,Maize,Rabi,2025,63.41,625.5,36.11,71.19,34.73,56.64,86.68,6.17,Sprinkler,142.53,70.08,4.59,291.05,1719.64,500501.22
1384,Punjab,Amritsar,Sugarcane,Rabi,2025,63.64,1304.14,34.85,40.5,56.56,50.91,23.16,5.99,Sprinkler,114.77,67.15,8.34,530.76,3603.91,1912811.27
1385,Uttar Pradesh,Meerut,Onion,Zaid,2023,26.18,950.11,22.49,41.73,104.53,50.9,74.4,7.34,Canal,111.02,53.17,5.36,140.32,2425.7,340374.22
1386,Tamil Nadu,Thanjavur,Groundnut,Zaid,2025,77.23,413.98,35.15,92.34,84.42,68.38,109.49,7.25,Sprinkler,77.53,2.37,2.54,196.16,5735.12,1125001.14
1387,Haryana,Rohtak,Potato,Zaid,2022,19.07,679.01,35.89,86.18,36.09,27.38,145.94,6.92,Borewell,182.56,75.1,6.62,126.24,1572.13,198465.69
1388,Telangana,Karimnagar,Wheat,Kharif,2022,43.47,1763.45,22.44,62.18,92.93,80.3,72.98,6.86,Sprinkler,215.84,41.57,4.86,211.26,2240.27,473279.44
1389,Kerala,Kollam,Rice,Rabi,2023,94.61,404.9,25.87,78.94,131.45,41.01,83.36,5.48,Rainfed,32.41,14.11,3.01,284.78,2295.89,653823.55
1390,West Bengal,Burdwan,Wheat,Kharif,2020,34.85,1044.25,26.55,93.93,117.33,70.01,77.15,6.66,Drip,56.27,23.19,4.21,146.72,2048.64,300576.46
1391,Tamil Nadu,Thanjavur,Millet,Rabi,2018,1.19,379.26,24.87,46.3,63.84,14.26,24.59,5.5,Drip,70.95,72.45,2.71,3.22,2703.15,8704.14
1392,Haryana,Karnal,Potato,Rabi,2024,22.82,306.91,30.81,66.79,97.96,47.99,57.84,5.33,Borewell,150.03,5.95,6.07,138.52,2034.63,281836.95
1393,West Bengal,Murshidabad,Onion,Kharif,2023,57.63,1433.49,30.85,72.67,55.69,93.98,144.58,8.04,Drip,202.44,53.61,6.52,375.75,2614.75,982492.31
1394,Telangana,Nalgonda,Onion,Rabi,2020,8.3,783.92,27.66,89.98,136.12,18.74,136.37,6.56,Sprinkler,223.28,72.31,5.3,43.99,2094.6,92141.45
1395,Telangana,Warangal,Onion,Rabi,2019,87.45,1417.55,27.24,49.94,34.17,31.59,37.5,6.93,Rainfed,158.52,72.35,4.79,418.89,2288.35,958566.93
1396,Telangana,Hyderabad,Tomato,Kharif,2019,13.21,798.35,28.81,53.72,135.91,31.66,136.23,7.03,Rainfed,238.17,34.65,5.28,69.75,2880.46,200912.08
1397,Telangana,Hyderabad,Sugarcane,Zaid,2019,23.34,1347.89,33.39,70.16,65.93,11.0,56.34,7.13,Canal,242.82,54.15,9.42,219.86,3162.71,695353.42
1398,Maharashtra,Nagpur,Rice,Zaid,2018,7.61,615.85,27.63,79.08,108.66,59.33,23.44,6.95,Rainfed,224.61,40.21,4.1,31.2,2496.36,77886.43
1399,West Bengal,Nadia,Sugarcane,Rabi,2018,51.51,1246.49,34.35,76.31,70.18,45.67,106.64,7.59,Rainfed,203.25,37.0,7.61,391.99,3458.63,1355748.37
1400,Karnataka,Bangalore,Maize,Zaid,2021,37.11,539.89,33.6,83.25,63.01,30.99,54.23,7.03,Canal,55.56,22.95,4.01,148.81,1657.94,246718.05
1401,Maharashtra,Satara,Cotton,Zaid,2023,27.36,1137.15,20.93,76.08,121.12,26.49,128.72,7.02,Borewell,23.31,3.63,2.73,74.69,7785.51,581499.74
1402,Karnataka,Bangalore,Rice,Rabi,2018,99.23,330.41,35.75,94.4,,83.58,55.72,7.27,Rainfed,231.72,8.07,3.95,391.96,2141.6,839421.54
1403,Tamil Nadu,Madurai,Maize,Zaid,2025,86.4,1281.27,26.24,83.43,41.56,58.2,114.68,8.14,Drip,142.29,65.95,5.21,450.14,2055.98,925478.84
1404,Tamil Nadu,Trichy,Wheat,Rabi,2022,49.5,1666.96,24.84,90.01,,73.21,129.56,8.35,Canal,115.6,7.61,4.63,229.19,2195.56,503200.4
1405,Kerala,Thrissur,Tomato,Zaid,2020,87.0,777.43,34.8,53.0,104.3,76.44,102.07,8.49,Sprinkler,115.87,54.59,5.96,518.52,2181.48,1131141.01
1406,Andhra Pradesh,Guntur,Cotton,Rabi,2022,19.02,1582.79,37.49,86.51,89.26,56.64,66.88,7.86,Sprinkler,125.55,22.75,3.12,59.34,6512.29,386439.29
1407,West Bengal,Kolkata,Wheat,Zaid,2023,27.49,1337.86,35.85,61.18,36.18,58.67,139.04,5.1,Borewell,35.01,58.63,4.07,111.88,2064.17,230939.34
1408,Karnataka,Belgaum,Cotton,Zaid,2022,59.0,765.37,25.47,87.69,29.53,50.05,119.91,5.11,Canal,233.56,24.34,3.27,192.93,6159.35,1188323.4
1409,Andhra Pradesh,Chittoor,Cotton,Zaid,2018,71.72,1530.06,30.84,81.74,130.76,48.78,,5.75,Drip,88.95,66.0,3.5,251.02,6745.97,1693373.39
1410,Telangana,Karimnagar,Rice,Rabi,2023,21.93,1142.17,37.49,78.13,64.04,14.0,61.68,6.75,Rainfed,194.34,33.26,3.89,85.31,2318.46,197787.82
1411,Karnataka,Bangalore,Rice,Kharif,2020,99.33,1086.81,30.84,71.43,97.36,58.39,101.67,8.18,Sprinkler,167.43,2.16,4.85,481.75,2876.77,1385883.95
1412,Uttar Pradesh,Kanpur,Groundnut,Zaid,2025,40.66,874.67,26.75,92.24,92.21,50.53,104.63,5.64,Sprinkler,105.52,14.86,2.48,100.84,5354.64,539961.9
1413,West Bengal,Kolkata,Rice,Rabi,2018,57.14,855.52,23.95,46.05,64.27,82.65,122.13,7.79,Borewell,109.76,55.03,4.2,239.99,2522.29,605324.38
1414,Kerala,Kollam,Millet,Zaid,2018,92.25,720.43,34.89,53.93,126.22,17.22,94.76,8.01,Borewell,105.02,22.07,2.01,185.42,3146.43,583411.05
1415,Maharashtra,Pune,Tomato,Kharif,2024,1.58,1346.08,24.75,69.23,60.8,15.84,80.76,7.11,Borewell,132.49,19.07,6.21,9.81,2951.71,28956.28
1416,Maharashtra,Kolhapur,Rice,Kharif,2021,32.81,699.38,25.78,77.92,22.47,29.26,35.89,5.12,Borewell,67.17,37.97,3.91,128.29,2427.33,311402.17
1417,Tamil Nadu,Thanjavur,Millet,Kharif,2023,63.61,824.22,25.31,43.96,101.57,73.25,145.1,6.59,Borewell,164.15,74.78,2.52,160.3,2570.88,412112.06
1418,West Bengal,Nadia,Cotton,Rabi,2022,67.34,512.54,22.85,50.54,74.35,11.97,72.31,8.46,Rainfed,239.29,14.63,2.81,189.23,7217.7,1365805.37
1419,Karnataka,Hassan,Groundnut,Zaid,2025,11.4,915.47,36.52,79.16,21.31,81.36,67.19,7.35,Canal,120.2,73.74,2.38,27.13,6105.77,165649.54
1420,Maharashtra,Nagpur,Millet,Zaid,2024,48.21,1342.02,27.86,83.02,138.55,55.93,69.8,6.0,Rainfed,29.76,78.28,2.07,99.79,3592.97,358542.48
1421,Kerala,Kollam,Millet,Kharif,2020,54.94,1012.67,23.53,42.76,26.88,74.66,62.07,5.7,Borewell,212.51,6.8,3.26,179.1,2695.12,482695.99
1422,West Bengal,Nadia,Groundnut,Rabi,2022,62.11,1744.3,32.23,76.49,72.98,34.1,18.4,7.57,Borewell,132.37,44.93,2.9,180.12,6339.68,1141903.16
1423,Punjab,Patiala,Tomato,Rabi,2020,57.1,1266.68,24.06,45.37,41.69,33.17,134.34,6.14,Rainfed,118.83,17.33,5.24,299.2,2526.31,755871.95
1424,Uttar Pradesh,Kanpur,Tomato,Zaid,2024,23.16,911.41,37.08,83.76,118.58,55.78,48.88,6.06,Canal,230.86,27.29,6.87,159.11,2589.5,412015.35
1425,Tamil Nadu,Madurai,Tomato,Rabi,2020,48.81,420.22,24.49,52.05,105.04,55.31,90.12,6.65,Rainfed,230.28,4.29,5.22,254.79,2776.81,707503.42
1426,Karnataka,Mandya,Wheat,Rabi,2018,42.36,,22.65,52.22,27.42,14.58,107.11,6.95,Rainfed,99.91,37.56,3.82,161.82,2299.46,372098.62
1427,Kerala,Kollam,Rice,Rabi,2019,17.31,1762.46,32.44,52.88,99.78,50.72,32.05,6.87,Canal,91.24,18.17,4.84,83.78,2845.6,238404.37
1428,Kerala,Palakkad,Millet,Zaid,2020,15.72,419.26,37.96,88.69,71.13,58.07,27.37,7.83,Sprinkler,91.36,19.27,1.59,24.99,2959.83,73966.15
1429,West Bengal,Murshidabad,Onion,Zaid,2020,19.26,401.56,33.24,56.59,24.51,79.13,63.96,5.47,Borewell,27.87,66.53,4.4,84.74,2455.22,208055.34
1430,West Bengal,Nadia,Groundnut,Kharif,2024,83.03,1532.98,24.19,77.7,70.45,91.01,21.18,7.94,Rainfed,64.81,59.33,2.51,208.41,5325.09,1109802.01
1431,Kerala,Thrissur,Wheat,Rabi,2018,25.37,576.71,25.98,50.27,82.71,70.58,20.56,7.02,Canal,186.68,52.24,4.39,111.37,2100.38,233919.32
1432,Tamil Nadu,Trichy,Cotton,Kharif,2025,20.4,1348.09,25.45,65.05,28.15,44.71,51.4,5.06,Sprinkler,158.55,36.99,3.19,65.08,5614.82,365412.49
1433,Telangana,Karimnagar,Maize,Kharif,2025,43.65,813.42,21.25,88.61,35.0,64.0,62.64,7.85,Canal,67.58,79.16,4.43,193.37,2208.8,427115.66
1434,Maharashtra,Satara,Tomato,Zaid,2024,18.12,600.4,18.07,66.1,58.89,98.09,21.97,7.53,Borewell,135.33,14.57,5.74,104.01,2969.78,308886.82
1435,Haryana,Ambala,Onion,Rabi,2024,46.79,1048.33,24.6,41.33,80.67,14.79,43.61,7.91,Sprinkler,99.95,21.79,5.14,240.5,2499.26,601072.03
1436,West Bengal,Burdwan,Rice,Zaid,2023,97.42,1159.95,18.79,56.96,69.15,35.4,48.53,7.79,Canal,187.05,72.04,4.84,471.51,2572.15,1212794.45
1437,Andhra Pradesh,Guntur,Sugarcane,Zaid,2018,73.68,946.63,33.03,92.82,63.85,50.14,69.89,7.19,Drip,125.02,50.38,8.58,632.17,3232.5,2043489.52
1438,Maharashtra,Pune,Sugarcane,Kharif,2021,28.25,621.97,18.82,77.17,138.75,58.03,50.46,7.3,Canal,35.04,36.59,6.86,193.8,3395.58,658063.4
1439,West Bengal,Murshidabad,Sugarcane,Kharif,2021,35.11,1282.59,24.97,80.56,43.31,42.06,46.88,7.15,Rainfed,67.7,33.9,6.16,216.28,3258.37,704720.26
1440,Karnataka,Mandya,Cotton,Rabi,2021,8.65,1770.49,19.11,90.52,71.73,65.23,73.04,6.13,Canal,155.25,63.22,3.16,27.33,5551.74,151729.05
1441,Andhra Pradesh,Kurnool,Cotton,Kharif,2019,41.19,587.98,33.45,54.03,65.36,45.33,132.37,7.16,Rainfed,120.51,18.22,2.2,90.62,5827.18,528059.05
1442,Andhra Pradesh,Guntur,Sugarcane,Kharif,2021,85.95,543.73,18.51,54.18,134.78,73.48,42.65,5.73,Borewell,249.53,43.49,9.08,780.43,3434.67,2680519.51
1443,Tamil Nadu,Thanjavur,Millet,Rabi,2019,54.74,766.86,23.42,48.83,81.04,15.25,31.52,8.32,Drip,107.5,24.36,2.67,146.16,2980.59,435643.03
1444,West Bengal,Hooghly,Groundnut,Zaid,2021,8.79,1751.14,36.85,67.66,30.67,52.98,18.74,7.21,Sprinkler,79.53,60.4,2.77,24.35,5262.84,128150.15
1445,Uttar Pradesh,Agra,Maize,Zaid,2018,89.21,474.4,29.82,89.17,74.56,,57.1,5.0,Rainfed,170.16,12.06,4.23,377.36,2025.26,764252.11
1446,Uttar Pradesh,Varanasi,Tomato,Rabi,2023,1.17,1211.67,30.43,42.56,64.93,77.27,123.13,6.93,Canal,226.65,25.68,6.89,8.06,2647.73,21340.7
1447,Andhra Pradesh,Guntur,Maize,Rabi,2021,27.95,595.95,25.83,85.17,25.78,80.35,85.86,6.76,Borewell,118.94,3.45,4.66,130.25,1847.58,240647.29
1448,Maharashtra,Nagpur,Maize,Zaid,2024,85.38,1395.14,18.96,93.16,106.29,18.15,140.11,6.64,Borewell,57.21,33.2,4.76,406.41,2088.98,848982.36
1449,West Bengal,Nadia,Wheat,Rabi,2025,10.71,549.39,29.71,53.36,91.13,78.52,56.5,7.02,Rainfed,101.42,46.06,3.13,33.52,2549.89,85472.31
1450,Haryana,Rohtak,Rice,Kharif,2021,93.36,1083.26,37.45,73.46,82.28,44.78,75.62,7.22,Canal,217.14,69.3,5.21,486.41,2475.82,1204263.61
1451,Andhra Pradesh,Guntur,Tomato,Kharif,2025,71.05,372.77,25.56,94.67,103.6,85.71,100.82,6.99,Sprinkler,241.35,35.72,6.74,478.88,2172.84,1040529.62
1452,Haryana,Rohtak,Sugarcane,Zaid,2020,54.94,1008.48,37.63,80.53,93.36,19.61,88.46,5.26,Canal,162.86,3.51,8.96,492.26,3410.99,1679093.94
1453,West Bengal,Kolkata,Tomato,Zaid,2024,86.25,1586.66,30.13,49.29,131.72,79.75,141.71,6.06,Canal,220.09,45.62,7.28,627.9,2425.94,1523247.73
1454,West Bengal,Hooghly,Onion,Zaid,2023,55.2,1400.7,22.39,84.92,43.2,34.91,142.2,5.3,Borewell,186.91,22.39,5.93,327.34,2589.77,847735.31
1455,Haryana,Panipat,Wheat,Rabi,2025,50.93,562.31,21.98,91.04,125.94,46.44,47.7,5.69,Borewell,39.47,76.12,3.6,183.35,2124.15,389462.9
1456,Punjab,Amritsar,Wheat,Rabi,2019,43.89,585.01,29.86,48.83,105.93,14.54,77.25,5.52,Canal,205.29,39.95,4.09,179.51,2512.82,451076.32
1457,Uttar Pradesh,Varanasi,Potato,Zaid,2023,17.05,800.73,26.05,62.77,86.93,41.14,68.3,7.79,Rainfed,198.26,70.99,5.87,100.08,1730.13,173151.41
1458,Kerala,Kannur,Tomato,Rabi,2022,29.05,1773.26,20.26,48.59,58.0,62.6,48.11,8.03,Drip,132.64,36.09,6.87,199.57,2378.97,474771.04
1459,Telangana,Khammam,Wheat,Kharif,2024,79.18,1290.02,20.32,45.1,85.56,48.72,31.34,6.44,Sprinkler,242.33,11.85,4.83,382.44,2322.9,888369.88
1460,Telangana,Nalgonda,Groundnut,Kharif,2025,6.0,387.96,18.72,93.85,110.46,14.08,140.42,5.38,Rainfed,174.14,37.55,2.11,12.66,6855.68,86792.91
1461,Kerala,Palakkad,Groundnut,Zaid,2020,45.38,630.49,22.63,54.99,84.95,88.17,118.31,7.78,Rainfed,194.19,63.88,1.88,85.31,5328.27,454554.71
1462,Andhra Pradesh,Guntur,Tomato,Rabi,2022,33.26,1541.64,23.96,70.53,68.25,84.58,111.32,8.22,Sprinkler,73.14,68.94,6.64,220.85,2533.07,559428.51
1463,Uttar Pradesh,Agra,Onion,Zaid,2021,27.88,1720.33,36.77,94.03,118.9,73.51,102.87,5.36,Borewell,120.85,47.83,5.85,163.1,2592.75,422877.52
1464,West Bengal,Nadia,Potato,Zaid,2025,30.63,1796.32,34.06,92.0,137.15,46.91,45.05,7.65,Canal,64.9,61.97,6.89,211.04,1579.94,333430.54
1465,Karnataka,Mysore,Rice,Zaid,2020,25.16,1705.03,36.86,54.66,116.58,75.78,120.16,7.12,Rainfed,219.26,58.56,4.73,119.01,2415.94,287521.02
1466,Punjab,Patiala,Rice,Zaid,2019,90.45,503.05,31.56,89.58,119.6,34.41,76.16,7.26,Borewell,41.18,30.44,3.59,324.72,2706.27,878779.99
1467,Maharashtra,Nashik,Maize,Rabi,2019,1.96,906.17,25.29,48.79,86.64,12.66,97.87,6.38,Sprinkler,31.47,72.24,4.64,9.09,1781.59,16194.65
1468,Maharashtra,Nashik,Potato,Kharif,2021,44.65,856.05,30.86,77.8,125.09,85.87,34.52,8.16,Borewell,207.24,41.4,7.02,313.44,1781.43,558371.42
1469,Karnataka,Mandya,Maize,Kharif,2021,95.15,1643.61,36.91,40.71,101.67,55.19,91.58,7.95,Sprinkler,167.14,7.95,5.93,564.24,1849.97,1043827.07
1470,Andhra Pradesh,Guntur,Tomato,Zaid,2024,37.23,488.46,35.29,92.61,31.59,82.31,131.26,7.04,Rainfed,245.28,29.66,5.47,203.65,2989.98,608909.43
1471,Tamil Nadu,Coimbatore,Wheat,Zaid,2024,30.05,336.87,23.42,74.64,95.43,95.64,42.92,7.72,Canal,29.14,13.48,3.53,106.08,2528.34,268206.31
1472,West Bengal,Hooghly,Potato,Zaid,2025,68.3,557.28,26.73,74.68,111.75,42.8,124.44,5.34,Canal,202.94,33.37,7.12,486.3,1949.17,947881.37
1473,Uttar Pradesh,Varanasi,Potato,Zaid,2021,60.04,954.27,21.05,82.26,41.25,78.3,138.12,8.27,Sprinkler,52.63,63.84,5.88,353.04,2093.45,739071.59
1474,Kerala,Palakkad,Maize,Rabi,2025,95.73,1262.94,31.25,83.57,115.35,64.67,36.58,6.34,Canal,33.72,32.61,4.31,412.6,2211.36,912407.14
1475,Andhra Pradesh,Kurnool,Tomato,Kharif,2019,32.05,353.84,37.85,81.59,105.53,84.18,135.39,6.48,Rainfed,188.68,41.15,5.07,162.49,2236.96,363483.63
1476,Kerala,Kochi,Potato,Kharif,2022,28.47,983.6,35.9,64.94,81.82,56.76,143.05,7.27,Sprinkler,74.18,21.18,6.87,195.59,2054.88,401913.98
1477,Karnataka,Hassan,Millet,Zaid,2022,19.72,816.12,19.24,84.82,129.64,23.9,17.97,6.69,Borewell,249.29,59.03,2.28,44.96,2874.56,129240.22
1478,Tamil Nadu,Coimbatore,Rice,Kharif,2023,36.74,1608.93,27.33,86.0,25.91,24.48,48.54,7.08,Borewell,190.61,70.83,4.77,175.25,2196.42,384922.61
1479,Uttar Pradesh,Kanpur,Maize,Kharif,2018,12.94,1145.41,21.46,73.9,41.12,99.12,69.06,5.34,Rainfed,221.58,32.14,4.46,57.71,2081.29,120111.25
1480,Maharashtra,Nashik,Groundnut,Rabi,2025,69.0,1066.49,18.59,64.19,92.84,34.85,69.85,6.7,Sprinkler,142.45,17.73,2.85,196.65,5832.12,1146886.4
1481,Uttar Pradesh,Lucknow,Onion,Zaid,2019,68.74,1576.87,35.02,82.81,52.63,63.41,49.65,5.38,Sprinkler,119.13,46.22,5.51,378.76,2606.47,987226.58
1482,Punjab,Patiala,Groundnut,Rabi,2025,13.0,1395.75,31.24,63.2,106.9,66.83,121.48,6.57,Drip,80.96,31.99,3.14,40.82,4965.35,202685.59
1483,Maharashtra,Pune,Wheat,Zaid,2022,68.68,737.18,18.2,65.84,77.31,46.42,140.48,5.14,Rainfed,71.33,36.45,3.05,209.47,1894.64,396870.24
1484,Maharashtra,Nashik,Onion,Rabi,2023,78.39,974.91,18.74,69.7,49.09,67.4,32.91,5.99,Rainfed,178.87,49.57,4.91,384.89,1901.45,731849.09
1485,Kerala,Kannur,Cotton,Rabi,2021,20.86,800.1,36.45,81.19,104.02,96.92,20.37,5.93,Drip,61.21,26.03,3.55,74.05,7363.62,545276.06
1486,Maharashtra,Pune,Tomato,Kharif,2024,70.13,748.38,25.05,93.93,20.86,56.41,31.1,5.16,Sprinkler,67.19,66.92,5.73,401.84,2278.28,915504.04
1487,Kerala,Kochi,Rice,Rabi,2018,22.26,969.19,23.37,64.2,112.93,43.07,32.75,5.88,Sprinkler,124.19,38.15,4.84,107.74,2114.58,227824.85
1488,Maharashtra,Nashik,Millet,Rabi,2020,7.46,1172.28,32.68,80.84,78.41,38.9,59.2,7.36,Rainfed,32.87,48.14,1.79,13.35,2941.11,39263.82
1489,Haryana,Karnal,Rice,Rabi,2020,66.42,912.44,23.46,66.15,62.43,19.25,86.04,6.06,Drip,28.09,36.72,4.84,321.47,2336.02,750960.35
1490,Andhra Pradesh,Guntur,Potato,Kharif,2021,24.97,1286.61,32.02,47.67,111.96,61.52,134.98,5.97,Drip,135.86,23.02,7.46,186.28,1939.65,361318.0
1491,Kerala,Kannur,Cotton,Rabi,2024,67.76,1407.51,25.19,85.53,126.82,96.11,11.07,5.31,Canal,165.91,10.09,4.09,277.14,7214.18,1999337.85
1492,Punjab,Bathinda,Groundnut,Rabi,2020,28.51,1354.52,19.69,86.95,116.04,57.46,60.08,5.01,Canal,245.7,10.21,3.25,92.66,6071.62,562596.31
1493,Maharashtra,Nagpur,Onion,Zaid,2018,59.62,1456.57,20.59,58.54,32.79,30.69,11.19,8.39,Canal,169.82,13.26,5.35,318.97,2178.95,695019.68
1494,Maharashtra,Nashik,Onion,Rabi,2022,99.62,1388.88,18.69,83.9,29.82,21.47,134.96,7.69,Drip,105.75,70.45,5.74,571.82,1918.46,1097013.8
1495,Karnataka,Bangalore,Rice,Kharif,2022,31.24,1515.28,27.1,47.37,64.86,73.11,37.66,5.15,Rainfed,220.9,69.44,4.39,137.14,2231.79,306067.68
1496,Tamil Nadu,Trichy,Tomato,Kharif,2019,45.07,1566.81,18.24,77.54,76.31,84.62,119.41,7.35,Sprinkler,47.46,14.56,6.19,278.98,2591.45,722962.72
1497,West Bengal,Nadia,Sugarcane,Kharif,2024,38.69,384.34,21.62,90.19,133.79,28.07,52.38,6.72,Canal,114.52,61.05,7.56,292.5,3891.43,1138243.27
1498,Telangana,Hyderabad,Onion,Kharif,2019,83.84,689.06,31.59,52.55,65.13,37.37,45.54,5.17,Sprinkler,224.09,11.79,5.99,502.2,1920.25,964349.55
1499,Maharashtra,Pune,Maize,Kharif,2022,84.91,1053.6,23.74,76.46,60.17,84.39,111.88,6.38,Sprinkler,135.75,49.42,5.91,501.82,1689.16,847654.27
1500,Haryana,Panipat,Sugarcane,Zaid,2022,90.6,595.03,21.83,73.13,41.73,59.75,136.66,7.76,Rainfed,70.88,21.09,6.11,553.57,3388.87,1875976.77
1501,Karnataka,Mysore,Millet,Zaid,2019,81.29,381.17,31.42,43.69,90.38,89.86,83.99,8.07,Sprinkler,201.61,30.44,2.63,213.79,3093.6,661380.74
1502,Telangana,Khammam,Millet,Rabi,2020,45.68,1570.22,33.69,46.39,51.9,14.61,26.43,8.33,Drip,159.25,43.1,2.8,127.9,2568.58,328521.38
1503,Haryana,Panipat,Tomato,Rabi,2018,51.75,716.61,29.92,65.96,134.34,17.78,,6.09,Borewell,213.51,17.58,6.27,324.47,2998.68,972981.7
1504,Uttar Pradesh,Meerut,Wheat,Zaid,2023,37.53,657.16,35.12,68.38,43.18,95.87,38.38,7.83,Borewell,93.62,3.69,4.16,156.12,2447.3,382072.48
1505,Andhra Pradesh,Krishna,Groundnut,Zaid,2021,56.68,1433.66,33.09,70.99,123.17,53.75,96.78,6.88,Borewell,247.41,73.92,3.05,172.87,6486.18,1121265.94
1506,Punjab,Amritsar,Onion,Zaid,2024,91.63,347.64,36.02,73.1,95.97,95.63,21.08,7.04,Canal,165.11,39.04,5.52,505.8,2137.18,1080985.64
1507,Kerala,Kochi,Onion,Zaid,2023,87.5,1055.94,18.09,56.88,65.24,37.67,126.32,8.27,Borewell,220.93,62.33,5.85,511.87,1982.71,1014889.77
1508,Tamil Nadu,Coimbatore,Groundnut,Zaid,2022,32.58,1637.56,36.74,42.53,65.83,74.25,101.22,5.59,Rainfed,63.68,19.14,1.93,62.88,6858.43,431258.08
1509,Haryana,Ambala,Onion,Rabi,2022,92.91,1723.29,28.57,86.42,84.63,93.7,111.52,5.93,Drip,176.46,33.3,6.67,619.71,2504.55,1552094.68
1510,Maharashtra,Pune,Wheat,Zaid,2019,98.98,690.14,18.51,58.3,25.78,46.52,97.24,8.09,Canal,127.8,58.45,3.8,376.12,2519.59,947668.19
1511,Punjab,Bathinda,Cotton,Zaid,2024,27.72,813.53,33.53,93.29,34.77,55.53,27.39,6.72,Drip,86.48,79.49,2.83,78.45,6764.39,530666.4
1512,Uttar Pradesh,Meerut,Rice,Rabi,2022,72.84,542.62,23.65,41.24,61.94,97.45,138.77,5.7,Sprinkler,31.46,30.99,4.0,291.36,2448.3,713336.69
1513,Punjab,Ludhiana,Onion,Zaid,2019,48.28,1718.32,27.79,92.01,56.9,82.9,93.15,8.41,Rainfed,196.67,40.8,5.01,241.88,1964.13,475083.76
1514,Andhra Pradesh,Guntur,Cotton,Zaid,2019,41.63,498.86,30.71,74.33,66.84,73.62,146.08,5.59,Sprinkler,75.75,31.39,3.08,128.22,6754.96,866120.97
1515,Telangana,Warangal,Sugarcane,Rabi,2024,25.92,546.98,23.66,74.29,62.48,95.25,114.67,6.91,Rainfed,87.39,22.47,6.85,177.55,3015.64,535426.88
1516,Uttar Pradesh,Meerut,Rice,Kharif,2024,23.18,728.57,34.72,51.63,124.49,90.04,99.69,6.1,Borewell,137.01,45.1,4.69,108.71,2316.45,251821.28
1517,Maharashtra,Satara,Rice,Rabi,2022,97.86,1329.36,23.65,45.11,82.21,28.58,41.87,5.03,Borewell,110.66,75.8,4.86,475.6,2611.16,1241867.7
1518,West Bengal,Murshidabad,Rice,Zaid,2024,16.65,668.46,18.39,46.79,55.37,26.44,97.41,6.03,Sprinkler,182.34,73.75,4.91,81.75,2524.15,206349.26
1519,Punjab,Patiala,Onion,Kharif,2024,15.18,515.79,33.71,87.12,37.2,37.48,19.05,5.32,Canal,38.54,6.75,4.23,64.21,2444.48,156960.06
1520,Haryana,Panipat,Rice,Zaid,2022,38.63,1369.73,26.93,82.93,92.88,94.16,69.12,7.83,Canal,177.01,15.53,5.19,200.49,2293.06,459735.6
1521,Haryana,Rohtak,Sugarcane,Kharif,2023,76.03,1074.84,36.75,44.14,29.83,44.12,34.55,7.27,Rainfed,70.73,38.37,6.05,459.98,3958.11,1820651.44
1522,Haryana,Rohtak,Tomato,Zaid,2021,6.51,1583.22,23.9,75.46,89.54,81.06,68.02,7.07,Sprinkler,109.66,75.17,7.01,45.64,2702.64,123348.49
1523,Kerala,Kannur,Groundnut,Kharif,2021,76.04,834.06,26.29,62.29,87.48,99.66,45.82,7.47,Sprinkler,42.42,46.65,2.46,187.06,6228.57,1165116.3
1524,West Bengal,Murshidabad,Groundnut,Kharif,2023,4.3,838.8,31.91,78.9,46.36,92.36,69.74,7.29,Sprinkler,207.97,32.23,2.97,12.77,6154.42,78591.94
1525,Telangana,Hyderabad,Rice,Rabi,2019,14.61,1653.03,29.33,89.61,133.3,90.59,10.46,8.27,Drip,183.69,22.93,6.12,89.41,2757.44,246542.71
1526,Kerala,Kollam,Sugarcane,Rabi,2023,57.04,1624.6,25.03,46.26,131.36,33.04,61.42,8.44,Canal,248.43,61.0,10.2,581.81,3811.0,2217277.91
1527,Maharashtra,Satara,Wheat,Rabi,2020,61.16,1664.29,32.26,94.61,79.02,53.79,97.97,5.39,Canal,167.83,46.09,4.94,302.13,2151.83,650132.4
1528,Karnataka,Belgaum,Onion,Zaid,2019,10.15,1589.24,34.09,44.91,57.34,10.13,42.78,5.31,Rainfed,46.18,49.99,3.84,38.98,2042.57,79619.38
1529,Uttar Pradesh,Varanasi,Rice,Zaid,2024,65.09,492.9,31.85,64.87,125.62,48.56,20.36,6.85,Rainfed,69.66,13.28,3.2,208.29,2090.08,435342.76
1530,Telangana,Karimnagar,Rice,Kharif,2018,14.87,874.19,19.25,81.11,101.04,14.74,138.9,7.69,Canal,62.65,76.74,4.17,62.01,2535.32,157215.19
1531,Punjab,Ludhiana,Groundnut,Kharif,2024,27.35,361.59,25.01,41.13,101.68,71.36,56.23,8.1,Borewell,69.11,49.26,2.08,56.89,6112.42,347735.57
1532,West Bengal,Burdwan,Maize,Kharif,2018,47.95,889.61,18.87,72.26,63.69,33.79,10.84,5.64,Rainfed,79.85,73.73,3.71,177.89,2120.0,377126.8
1533,Maharashtra,Satara,Millet,Zaid,2019,61.82,466.04,35.98,89.1,115.67,50.2,55.36,7.59,Canal,206.94,64.32,2.49,153.93,3555.12,547239.62
1534,Karnataka,Bangalore,Rice,Zaid,2021,41.36,735.89,34.34,44.91,138.27,83.29,141.54,7.08,Sprinkler,47.33,54.25,4.96,205.15,2580.25,529338.29
1535,Tamil Nadu,Salem,Rice,Zaid,2020,45.49,1667.39,19.82,62.41,113.78,75.06,84.62,8.09,Borewell,170.34,6.12,5.07,230.63,2835.73,654004.41
1536,Karnataka,Bangalore,Onion,Kharif,2018,11.7,765.34,33.06,54.18,77.42,11.71,,6.66,Borewell,194.42,17.35,5.11,59.79,2475.92,148035.26
1537,Kerala,Thrissur,Groundnut,Rabi,2021,20.2,519.84,25.69,50.61,115.03,51.85,120.64,7.46,Rainfed,122.12,35.06,2.24,45.25,6580.19,297753.6
1538,Telangana,Hyderabad,Potato,Kharif,2022,55.46,738.03,35.85,64.15,38.65,70.51,13.61,6.57,Rainfed,130.8,37.36,5.22,289.5,2024.51,586095.65
1539,Andhra Pradesh,Kurnool,Maize,Kharif,2023,62.48,340.29,22.92,61.2,102.71,38.05,85.65,5.89,Sprinkler,88.28,78.12,4.31,269.29,1931.57,520152.49
1540,West Bengal,Murshidabad,Wheat,Kharif,2020,42.59,569.25,23.67,85.16,111.53,32.39,,7.98,Drip,122.73,22.25,4.38,186.54,1990.64,371333.99
1541,Punjab,Ludhiana,Potato,Zaid,2020,67.79,860.34,37.86,81.83,38.75,18.13,84.47,8.42,Canal,64.46,56.17,6.45,437.25,2005.73,877005.44
1542,Maharashtra,Satara,Maize,Rabi,2024,16.82,524.26,28.75,73.68,70.09,40.2,59.06,5.32,Canal,118.66,7.35,4.85,81.58,2192.42,178857.62
1543,Haryana,Panipat,Onion,Zaid,2021,24.04,369.84,18.04,53.05,33.27,57.91,15.22,5.63,Sprinkler,127.83,37.76,4.75,114.19,2138.34,244177.04
1544,Haryana,Panipat,Maize,Rabi,2020,56.38,480.63,30.34,86.87,,17.15,58.85,7.14,Borewell,192.43,21.46,5.26,296.56,1616.11,479273.58
1545,Maharashtra,Nashik,Groundnut,Rabi,2023,33.32,648.8,23.43,90.6,76.1,96.17,133.09,6.08,Canal,102.9,36.62,2.44,81.3,5111.95,415601.53
1546,Karnataka,Mysore,Wheat,Rabi,2018,50.23,1373.19,26.99,71.14,118.69,78.39,13.96,7.35,Rainfed,105.65,56.25,3.91,196.4,2065.81,405725.08
1547,Punjab,Ludhiana,Onion,Kharif,2025,89.9,1042.7,20.04,,135.03,16.48,57.19,8.24,Borewell,172.36,28.63,5.72,514.23,2108.57,1084289.95
1548,Kerala,Kannur,Cotton,Rabi,2021,78.94,659.75,24.88,75.02,46.93,43.22,118.93,5.79,Borewell,223.75,55.6,2.98,235.24,7529.1,1771145.48
1549,Uttar Pradesh,Kanpur,Tomato,Rabi,2019,70.0,521.62,25.88,79.03,110.7,59.41,47.61,6.73,Sprinkler,201.6,26.09,6.26,438.2,2672.56,1171115.79
1550,Haryana,Hisar,Groundnut,Kharif,2021,94.42,971.6,19.34,81.72,104.83,39.0,128.2,6.87,Rainfed,196.28,48.81,2.23,210.56,4977.08,1047973.96
1551,Uttar Pradesh,Meerut,Tomato,Kharif,2021,91.54,1449.43,27.71,69.82,67.19,49.6,84.89,6.38,Canal,170.22,78.45,6.67,610.57,2855.75,1743635.28
1552,Tamil Nadu,Coimbatore,Sugarcane,Zaid,2023,19.71,647.18,29.59,92.59,78.28,97.97,125.7,7.55,Rainfed,142.02,49.51,6.78,133.63,3721.47,497300.04
1553,Haryana,Panipat,Cotton,Kharif,2023,31.86,740.09,25.94,71.36,49.06,39.19,123.94,6.49,Rainfed,27.43,71.47,2.03,64.68,6181.13,399795.49
1554,Kerala,Kannur,Sugarcane,Zaid,2025,80.39,1563.05,23.17,41.75,55.1,85.46,77.0,5.64,Rainfed,63.71,50.88,7.02,564.34,4189.25,2364161.35
1555,Punjab,Patiala,Groundnut,Kharif,2020,8.33,408.99,23.28,65.8,80.19,21.24,127.4,7.66,Sprinkler,117.42,44.71,2.27,18.91,6163.46,116551.03
1556,Kerala,Kannur,Potato,Kharif,2019,71.45,1591.93,34.63,,137.13,88.43,66.51,7.85,Borewell,189.16,72.47,7.35,525.16,1564.37,821544.55
1557,Uttar Pradesh,Varanasi,Cotton,Kharif,2020,5.78,1249.05,29.5,54.07,128.89,44.98,98.28,5.85,Borewell,30.94,58.44,2.61,15.09,6460.68,97491.66
1558,Telangana,Khammam,Cotton,Rabi,2020,2.65,1176.98,36.47,90.27,65.75,18.9,34.33,7.38,Drip,200.84,64.08,3.85,10.2,6516.81,66471.46
1559,Punjab,Ludhiana,Millet,Kharif,2020,23.19,1400.49,36.4,92.87,122.82,64.96,74.2,7.5,Rainfed,195.23,76.74,2.12,49.16,3111.12,152942.66
1560,Haryana,Rohtak,Wheat,Kharif,2021,41.42,1472.17,25.36,62.6,21.76,69.44,10.02,5.22,Sprinkler,53.35,45.26,4.79,198.4,2392.45,474662.08
1561,Uttar Pradesh,Kanpur,Potato,Kharif,2022,26.69,1188.3,21.15,74.53,23.23,18.15,31.95,5.48,Rainfed,105.49,71.47,5.55,148.13,1862.03,275822.5
1562,Andhra Pradesh,Guntur,Millet,Zaid,2021,20.81,456.05,30.51,54.04,50.32,55.88,147.12,5.22,Canal,165.49,43.83,2.47,51.4,3126.51,160702.61
1563,Haryana,Karnal,Cotton,Kharif,2023,96.33,1506.15,21.46,58.12,116.94,73.47,72.73,6.09,Borewell,22.1,62.45,2.95,284.17,6360.59,1807488.86
1564,West Bengal,Murshidabad,Cotton,Kharif,2023,31.43,688.72,29.24,62.13,131.12,93.79,68.25,6.38,Sprinkler,150.62,8.98,3.06,96.18,7466.3,718108.73
1565,Maharashtra,Nashik,Potato,Rabi,2025,53.02,1507.24,20.13,43.0,117.18,20.85,52.21,7.73,Borewell,168.52,24.15,6.85,363.19,1790.34,650233.58
1566,Haryana,Hisar,Maize,Rabi,2020,60.9,831.38,35.06,67.39,85.31,21.99,10.75,5.98,Canal,242.01,67.8,5.2,316.68,1988.94,629857.52
1567,Kerala,Kollam,Tomato,Rabi,2021,13.74,542.78,32.54,91.88,97.26,83.21,136.71,5.97,Rainfed,58.86,7.77,4.91,67.46,2422.27,163406.33
1568,Telangana,Nalgonda,Potato,Kharif,2021,59.45,551.72,24.44,43.43,69.28,56.34,40.4,7.56,Canal,194.6,70.07,6.83,406.04,1707.24,693207.73
1569,Punjab,Jalandhar,Sugarcane,Zaid,2023,76.46,899.06,28.76,93.55,46.4,25.01,34.23,5.67,Rainfed,197.9,19.7,6.98,533.69,4107.16,2191950.22
1570,Haryana,Hisar,Sugarcane,Kharif,2024,96.39,324.61,29.64,83.74,70.29,98.6,91.17,7.97,Canal,183.06,16.98,8.23,793.29,3664.57,2907066.74
1571,Punjab,Patiala,Cotton,Rabi,2018,48.58,1397.13,32.79,43.12,52.72,61.47,43.92,7.94,Canal,202.64,71.83,3.25,157.88,7469.06,1179215.19
1572,Kerala,Kochi,Millet,Kharif,2023,82.4,1426.29,22.79,68.23,73.67,67.05,73.35,7.14,Rainfed,44.44,74.87,2.09,172.22,3287.83,566230.08
1573,Andhra Pradesh,Guntur,Tomato,Rabi,2023,66.65,804.01,24.56,59.65,79.85,73.22,118.06,6.37,Sprinkler,172.16,11.15,6.14,409.23,2625.96,1074621.61
1574,Punjab,Amritsar,Maize,Rabi,2020,28.74,1584.13,37.49,92.64,21.31,89.72,20.51,7.98,Canal,94.22,40.53,4.71,135.37,1700.24,230161.49
1575,Punjab,Patiala,Onion,Zaid,2020,47.98,401.49,18.87,53.91,35.28,20.09,132.14,8.26,Borewell,71.53,45.8,4.76,228.38,2537.89,579603.32
1576,Punjab,Ludhiana,Cotton,Rabi,2018,12.69,531.0,23.44,69.62,117.3,16.21,23.24,6.2,Borewell,34.37,76.22,2.42,30.71,7463.13,229192.72
1577,Tamil Nadu,Salem,Wheat,Rabi,2021,59.33,1298.07,26.61,61.46,111.04,15.66,117.46,7.57,Sprinkler,203.4,62.39,5.09,301.99,2411.98,728393.84
1578,Kerala,Thrissur,Groundnut,Kharif,2018,13.02,1004.66,19.64,76.86,72.61,87.4,13.25,5.88,Rainfed,183.91,24.61,2.02,26.3,5978.31,157229.55
1579,West Bengal,Kolkata,Wheat,Zaid,2024,84.64,1572.11,37.69,56.05,139.71,62.97,53.32,7.36,Drip,182.61,22.15,5.18,438.44,2484.25,1089194.57
1580,Kerala,Thrissur,Onion,Kharif,2022,16.76,855.12,25.23,82.42,67.62,19.99,43.55,5.58,Rainfed,216.85,33.88,4.8,80.45,2587.75,208184.49
1581,Kerala,Kochi,Onion,Kharif,2023,12.92,1502.0,31.56,74.46,107.78,48.94,124.67,7.42,Drip,47.69,4.6,5.31,68.61,2201.73,151060.7
1582,Telangana,Nalgonda,Sugarcane,Zaid,2022,14.28,1179.85,25.71,61.2,67.65,89.49,25.39,7.24,Rainfed,123.12,16.59,6.78,96.82,3195.39,309377.66
1583,Karnataka,Bangalore,Onion,Rabi,2020,43.5,1434.94,19.48,51.92,84.87,39.49,38.78,5.98,Sprinkler,64.74,7.96,5.18,225.33,1920.41,432725.99
1584,Uttar Pradesh,Lucknow,Rice,Zaid,2019,4.81,1147.93,28.78,72.54,97.11,94.63,64.43,6.05,Sprinkler,144.51,71.26,5.03,24.19,2571.58,62206.52
1585,West Bengal,Burdwan,Rice,Zaid,2018,43.17,350.41,18.54,94.98,67.42,19.46,23.57,7.78,Sprinkler,75.36,27.27,3.78,163.18,2118.63,345718.04
1586,Punjab,Patiala,Groundnut,Kharif,2025,87.82,1029.95,37.47,46.42,,18.83,47.55,5.1,Canal,191.8,6.85,2.52,221.31,6208.52,1374007.56
1587,Haryana,Karnal,Onion,Zaid,2022,20.29,1257.15,37.17,93.94,43.23,20.73,142.45,6.52,Canal,77.55,4.7,5.08,103.07,2419.37,249364.47
1588,Maharashtra,Satara,Rice,Rabi,2021,30.22,824.38,18.09,93.66,50.98,30.02,32.23,8.5,Borewell,82.28,29.2,4.12,124.51,2339.98,291350.91
1589,Telangana,Karimnagar,Millet,Kharif,2019,11.14,1683.6,22.56,75.41,79.58,76.03,145.95,7.42,Drip,156.87,23.49,2.91,32.42,3030.09,98235.52
1590,Uttar Pradesh,Varanasi,Rice,Rabi,2019,39.44,1328.64,29.93,87.72,65.78,21.5,124.29,8.3,Rainfed,168.95,31.82,4.31,169.99,2318.88,394186.41
1591,Telangana,Hyderabad,Onion,Rabi,2021,70.32,1261.35,37.31,78.57,93.63,45.88,127.49,6.33,Sprinkler,53.98,12.12,4.83,339.65,2081.79,707079.97
1592,Maharashtra,Kolhapur,Maize,Rabi,2018,75.56,1659.75,29.69,90.15,38.18,44.61,16.05,6.64,Sprinkler,135.34,41.2,5.67,428.43,2229.09,955009.03
1593,West Bengal,Kolkata,Onion,Kharif,2022,77.16,1668.3,32.94,80.35,66.57,56.31,75.43,8.25,Borewell,170.32,20.96,6.3,486.11,2547.19,1238214.53
1594,Punjab,Amritsar,Sugarcane,Kharif,2020,42.04,1237.1,21.85,63.24,124.73,51.05,123.19,7.74,Sprinkler,91.08,44.66,8.46,355.66,3133.11,1114321.9
1595,Haryana,Rohtak,Groundnut,Zaid,2023,75.78,1109.52,19.52,70.23,64.69,61.2,74.14,6.71,Canal,42.97,69.48,2.71,205.36,6595.05,1354359.47
1596,Telangana,Karimnagar,Sugarcane,Zaid,2020,47.65,951.22,31.37,81.49,63.84,74.43,41.1,5.03,Borewell,235.51,37.84,8.57,408.36,4156.33,1697278.92
1597,Haryana,Ambala,Millet,Rabi,2022,8.8,1235.35,20.85,56.37,107.15,13.53,84.33,6.98,Drip,109.06,78.33,2.76,24.29,3439.57,83547.16
1598,Maharashtra,Kolhapur,Potato,Zaid,2022,15.19,1614.03,26.08,50.97,104.59,12.28,11.33,6.02,Sprinkler,233.06,26.89,7.54,114.53,1641.49,187999.85
1599,Haryana,Karnal,Rice,Kharif,2022,48.17,1273.63,33.64,67.6,134.77,82.96,125.55,5.64,Sprinkler,174.57,38.93,5.32,256.26,2609.39,668682.28
1600,Uttar Pradesh,Agra,Potato,Rabi,2025,48.03,1783.13,35.74,52.26,38.41,64.06,102.0,6.47,Rainfed,27.89,5.33,5.39,258.88,1799.69,465903.75
1601,Uttar Pradesh,Meerut,Groundnut,Rabi,2023,66.91,585.19,21.91,40.44,126.42,23.06,77.06,6.47,Sprinkler,171.51,29.67,2.25,150.55,5275.37,794206.95
1602,Karnataka,Hassan,Groundnut,Kharif,2025,66.21,338.53,20.04,44.29,26.6,49.82,45.4,5.44,Drip,231.39,47.08,2.36,156.26,6406.83,1001131.26
1603,Andhra Pradesh,Nellore,Cotton,Zaid,2024,24.74,1225.82,31.98,73.25,63.55,85.68,96.49,5.78,Drip,237.72,15.09,3.97,98.22,6704.09,658475.72
1604,Telangana,Hyderabad,Cotton,Kharif,2025,37.57,719.69,36.44,42.18,26.85,27.51,27.36,7.56,Canal,179.0,53.44,2.86,107.45,5556.5,597045.93
1605,Andhra Pradesh,Krishna,Maize,Kharif,2018,53.02,1392.3,29.32,57.97,98.39,24.65,144.97,6.94,Drip,174.57,31.42,6.21,329.25,2121.07,698362.3
1606,Uttar Pradesh,Agra,Cotton,Rabi,2025,66.02,815.61,35.42,88.33,31.01,25.08,61.38,6.97,Drip,240.22,23.68,3.62,238.99,5669.35,1354917.96
1607,Telangana,Khammam,Millet,Zaid,2023,60.05,573.22,19.48,75.98,121.93,34.66,128.68,6.49,Borewell,47.98,26.59,1.86,111.69,2874.28,321028.33
1608,Tamil Nadu,Trichy,Potato,Rabi,2018,99.45,464.02,23.05,65.26,139.24,24.88,119.38,7.9,Rainfed,20.0,44.93,4.84,481.34,2144.4,1032185.5
1609,Kerala,Kochi,Sugarcane,Rabi,2019,8.8,1496.85,29.63,51.23,24.47,82.56,13.73,7.3,Canal,116.08,45.49,8.62,75.86,3331.38,252718.49
1610,Kerala,Kollam,Wheat,Zaid,2025,78.13,570.28,20.39,94.68,127.61,99.18,63.73,7.21,Borewell,202.72,25.08,4.03,314.86,2611.42,822231.7
1611,Haryana,Rohtak,Millet,Zaid,2021,36.11,515.27,35.71,46.47,34.13,18.19,59.46,7.39,Rainfed,102.1,63.04,1.44,52.0,3247.52,168871.04
1612,Andhra Pradesh,Krishna,Onion,Zaid,2019,20.6,1346.41,34.06,85.24,29.19,62.67,124.94,6.36,Borewell,191.7,13.52,5.94,122.36,2505.34,306553.4
1613,West Bengal,Burdwan,Sugarcane,Kharif,2021,60.22,1228.49,20.61,52.92,22.12,67.13,103.15,5.84,Sprinkler,134.48,25.55,8.62,519.1,4056.7,2105832.97
1614,Punjab,Jalandhar,Onion,Kharif,2024,58.95,1420.99,25.01,52.52,40.4,32.18,70.33,6.16,Sprinkler,93.22,62.75,5.57,328.35,1932.27,634460.85
1615,Andhra Pradesh,Nellore,Cotton,Kharif,2018,56.32,1076.35,29.5,86.31,114.25,39.32,124.12,6.41,Canal,82.47,25.07,2.79,157.13,6401.74,1005905.41
1616,Uttar Pradesh,Kanpur,Rice,Rabi,2020,24.08,804.33,25.45,78.7,137.5,25.75,115.43,7.06,Drip,58.37,21.48,4.65,111.97,2152.98,241069.17
1617,Haryana,Rohtak,Wheat,Zaid,2020,21.78,367.35,30.46,44.24,32.81,10.02,107.58,6.97,Rainfed,187.97,61.75,3.48,75.79,2280.29,172823.18
1618,Haryana,Hisar,Cotton,Kharif,2020,65.74,828.22,35.62,50.95,111.48,28.77,92.82,7.45,Sprinkler,189.59,19.0,3.17,208.4,6714.99,1399403.92
1619,Maharashtra,Nagpur,Potato,Zaid,2018,86.34,451.19,18.97,75.82,121.48,68.19,14.03,7.5,Sprinkler,153.74,73.12,6.13,529.26,1731.74,916540.71
1620,Andhra Pradesh,Chittoor,Onion,Zaid,2021,90.32,339.43,20.02,87.56,129.32,37.52,81.15,5.46,Sprinkler,177.14,16.41,5.43,490.44,2107.37,1033538.54
1621,Maharashtra,Satara,Potato,Kharif,2025,96.39,1196.63,26.01,55.88,131.58,93.16,108.41,8.17,Drip,207.09,9.33,8.52,821.24,1597.05,1311561.34
1622,Haryana,Karnal,Potato,Rabi,2019,95.66,671.12,19.71,48.52,137.95,81.74,104.3,8.21,Rainfed,28.47,32.71,4.69,448.65,2017.59,905191.75
1623,Telangana,Hyderabad,Groundnut,Zaid,2021,41.24,1422.81,25.93,44.08,27.62,26.72,68.37,6.62,Drip,36.16,41.37,2.4,98.98,5925.82,586537.66
1624,Kerala,Palakkad,Millet,Rabi,2020,39.21,1505.36,32.46,70.83,73.21,54.19,103.8,5.77,Sprinkler,50.35,21.81,2.4,94.1,2574.41,242251.98
1625,Haryana,Rohtak,Cotton,Zaid,2019,72.12,1687.47,19.56,82.98,87.54,22.56,88.14,7.7,Canal,199.82,69.44,3.4,245.21,6700.18,1642951.14
1626,Karnataka,Belgaum,Tomato,Kharif,2022,50.48,1772.5,19.16,90.88,88.08,89.96,42.45,5.39,Canal,147.51,75.19,6.85,345.79,2979.73,1030360.84
1627,Andhra Pradesh,Guntur,Tomato,Zaid,2022,34.06,1663.76,26.09,87.28,128.5,84.78,66.92,5.56,Sprinkler,133.06,18.76,7.0,238.42,2373.29,565839.8
1628,Karnataka,Hassan,Rice,Rabi,2025,38.29,614.82,34.67,54.5,131.16,72.41,104.01,6.64,Sprinkler,156.28,40.43,4.89,187.24,2746.97,514342.66
1629,Andhra Pradesh,Guntur,Groundnut,Rabi,2020,40.18,1134.46,31.04,88.6,95.23,16.29,28.66,7.03,Drip,38.13,22.71,2.87,115.32,5173.33,596588.42
1630,Kerala,Kollam,Onion,Zaid,2023,50.79,1460.7,34.27,93.92,82.84,49.83,85.55,6.62,Borewell,65.24,12.5,5.32,270.2,2332.72,630300.94
1631,Uttar Pradesh,Meerut,Rice,Kharif,2025,54.46,1797.63,19.62,85.44,89.41,15.29,119.27,5.26,Drip,50.99,44.92,5.1,277.75,2537.05,704665.64
1632,Andhra Pradesh,Nellore,Maize,Rabi,2020,92.07,387.8,31.98,62.39,104.61,55.29,11.58,7.14,Borewell,139.14,14.32,4.58,421.68,2130.03,898191.05
1633,Maharashtra,Satara,Potato,Rabi,2023,45.89,1555.21,29.69,43.8,77.53,99.03,110.44,8.47,Rainfed,163.63,12.77,6.11,280.39,2036.38,570980.59
1634,Punjab,Amritsar,Rice,Zaid,2019,84.12,1311.39,36.6,64.5,125.94,21.71,129.82,7.54,Rainfed,38.79,77.21,3.64,306.2,2149.91,658302.44
1635,Andhra Pradesh,Nellore,Onion,Kharif,2022,39.34,1465.26,31.24,79.97,100.59,82.31,27.1,7.93,Sprinkler,155.15,29.0,5.66,222.66,2446.14,544657.53
1636,Uttar Pradesh,Agra,Millet,Kharif,2020,31.31,338.79,33.57,57.18,45.72,71.42,148.47,5.05,Rainfed,93.65,53.32,1.76,55.11,3492.03,192445.77
1637,Punjab,Amritsar,Maize,Rabi,2018,8.9,358.92,34.23,68.24,133.54,17.45,93.68,8.07,Canal,90.45,38.25,4.45,39.61,1779.96,70504.22
1638,Telangana,Khammam,Rice,Zaid,2024,65.83,1697.17,27.28,57.7,80.05,75.73,67.92,5.71,Borewell,125.84,23.06,4.78,314.67,2738.72,861793.02
1639,Tamil Nadu,Trichy,Groundnut,Kharif,2018,75.6,638.74,22.23,75.72,78.29,39.56,144.9,8.44,Rainfed,46.12,79.4,1.92,145.15,5415.06,785995.96
1640,Kerala,Kannur,Groundnut,Rabi,2022,19.61,1386.6,22.64,47.92,25.04,53.67,121.49,6.96,Borewell,231.89,50.14,2.72,53.34,6394.63,341089.56
1641,Tamil Nadu,Madurai,Millet,Zaid,2020,2.19,1361.69,23.6,69.81,108.13,24.82,115.06,7.35,Drip,168.64,31.93,2.89,6.33,3538.62,22399.46
1642,Uttar Pradesh,Meerut,Sugarcane,Rabi,2023,12.96,1424.04,35.9,88.39,111.53,90.79,113.09,6.19,Drip,211.28,53.21,10.62,137.64,3599.17,495389.76
1643,Andhra Pradesh,Krishna,Rice,Zaid,2022,94.2,961.56,31.78,74.17,48.84,48.76,132.19,7.93,Drip,224.03,51.58,5.57,524.69,2669.52,1400670.45
1644,Telangana,Khammam,Onion,Rabi,2021,95.58,358.07,30.92,47.46,49.28,44.05,127.26,7.59,Canal,29.8,49.56,4.48,428.2,2273.03,973311.45
1645,Andhra Pradesh,Guntur,Wheat,Zaid,2022,48.08,1405.14,30.98,51.17,120.61,63.44,26.19,6.1,Sprinkler,165.93,62.02,4.62,222.13,2370.59,526579.16
1646,Telangana,Hyderabad,Groundnut,Rabi,2020,97.99,1461.44,24.7,86.57,97.37,88.34,109.3,6.82,Drip,92.75,14.92,2.84,278.29,6426.66,1788475.21
1647,Karnataka,Mandya,Sugarcane,Kharif,2022,50.92,778.49,21.93,46.02,119.11,68.64,33.66,7.76,Canal,241.15,18.57,9.07,461.84,3944.65,1821797.16
1648,West Bengal,Hooghly,Maize,Kharif,2022,92.27,530.15,31.04,73.31,69.73,86.73,146.05,7.33,Sprinkler,184.0,34.31,5.0,461.35,1743.52,804372.95
1649,Maharashtra,Satara,Cotton,Kharif,2020,53.36,1238.99,18.82,58.37,115.21,59.15,91.3,7.8,Borewell,138.73,70.68,2.96,157.95,5816.11,918654.57
1650,Telangana,Hyderabad,Tomato,Rabi,2019,51.41,513.45,36.54,93.46,126.95,39.58,11.77,6.37,Drip,106.12,12.4,5.67,291.49,2516.07,733409.24
1651,Punjab,Patiala,Potato,Zaid,2020,41.27,967.61,36.46,42.68,51.75,90.44,23.45,6.44,Sprinkler,69.56,52.3,6.66,274.86,1803.28,495649.54
1652,Punjab,Jalandhar,Wheat,Kharif,2023,60.38,919.85,19.18,78.3,27.65,72.15,100.22,7.52,Canal,34.12,65.74,4.05,244.54,2036.17,497925.01
1653,Punjab,Patiala,Rice,Zaid,2022,37.02,779.26,29.05,71.9,135.04,65.11,10.7,6.95,Sprinkler,119.26,62.34,5.21,192.87,2577.38,497099.28
1654,Punjab,Bathinda,Potato,Kharif,2019,23.08,1233.47,23.18,68.53,70.41,88.9,83.28,5.13,Borewell,162.54,74.55,6.96,160.64,2087.39,335318.33
1655,Uttar Pradesh,Lucknow,Maize,Kharif,2025,82.08,1483.25,18.38,88.67,43.45,93.99,54.22,7.42,Sprinkler,140.61,56.65,5.54,454.72,1975.32,898217.51
1656,Uttar Pradesh,Varanasi,Cotton,Kharif,2024,48.75,966.16,22.74,92.73,82.36,37.91,77.35,7.6,Canal,147.25,56.25,3.21,156.49,6153.77,963003.47
1657,Andhra Pradesh,Chittoor,Millet,Kharif,2022,65.14,580.97,24.04,51.72,63.06,13.23,49.62,7.28,Drip,202.4,11.07,2.43,158.29,3534.73,559512.41
1658,Telangana,Karimnagar,Rice,Kharif,2025,83.38,864.84,20.55,92.75,83.25,76.04,16.64,5.84,Canal,171.35,19.47,4.85,404.39,2224.55,899585.77
1659,Tamil Nadu,Thanjavur,Cotton,Kharif,2022,44.57,378.31,23.15,61.3,77.44,76.6,81.92,5.25,Drip,217.86,72.43,3.27,145.74,6222.42,906855.49
1660,Haryana,Rohtak,Maize,Kharif,2024,21.62,498.17,32.1,60.62,48.47,67.85,17.26,5.95,Canal,177.04,66.41,5.08,109.83,2091.05,229660.02
1661,Haryana,Hisar,Millet,Zaid,2022,92.88,858.68,21.35,62.79,70.17,28.58,30.93,6.78,Borewell,176.86,72.25,2.34,217.34,2575.84,559833.07
1662,Uttar Pradesh,Meerut,Tomato,Zaid,2018,25.75,586.08,22.68,55.23,94.15,69.64,30.79,7.59,Borewell,131.68,16.59,5.65,145.49,2736.4,398118.84
1663,Punjab,Ludhiana,Groundnut,Zaid,2023,11.18,823.48,30.7,47.92,90.31,22.49,129.38,5.1,Borewell,247.24,47.94,2.76,30.86,6469.94,199662.35
1664,West Bengal,Kolkata,Tomato,Rabi,2020,67.83,592.24,18.28,59.44,52.2,83.89,32.82,7.73,Drip,181.04,4.34,6.71,455.14,2812.95,1280286.06
1665,West Bengal,Kolkata,Maize,Zaid,2020,20.74,1611.07,31.63,64.43,108.58,42.36,111.37,6.73,Rainfed,71.19,2.39,4.09,84.83,1617.88,137244.76
1666,Tamil Nadu,Salem,Tomato,Zaid,2018,35.49,1205.6,21.63,93.18,117.62,54.65,111.19,8.39,Borewell,138.34,79.38,6.07,215.42,2328.96,501704.56
1667,Tamil Nadu,Thanjavur,Sugarcane,Rabi,2022,91.97,1164.37,21.23,85.14,31.1,68.4,69.51,7.84,Drip,62.82,31.95,8.16,750.48,3557.85,2670095.27
1668,Uttar Pradesh,Varanasi,Tomato,Zaid,2022,24.42,1549.82,35.01,75.29,104.08,17.86,116.69,5.63,Rainfed,237.57,42.74,5.92,144.57,2808.4,406010.39
1669,Kerala,Kannur,Wheat,Zaid,2022,33.74,554.77,22.95,87.92,122.19,79.56,95.57,7.98,Sprinkler,56.12,23.09,4.15,140.02,1938.94,271490.38
1670,Tamil Nadu,Thanjavur,Rice,Zaid,2024,96.53,1242.34,28.57,73.04,35.23,27.37,83.27,5.4,Drip,49.68,64.48,4.62,445.97,2808.24,1252390.79
1671,Maharashtra,Nashik,Cotton,Zaid,2023,78.4,1335.71,37.34,54.57,30.96,92.19,92.71,7.3,Drip,197.97,77.39,3.66,286.94,7105.57,2038872.26
1672,Kerala,Kannur,Potato,Rabi,2023,49.1,1221.69,34.41,84.18,72.66,12.34,55.8,6.47,Sprinkler,45.0,42.47,6.28,308.35,1761.79,543247.95
1673,Uttar Pradesh,Meerut,Rice,Rabi,2023,28.04,1133.81,28.28,49.19,47.14,67.27,141.24,7.75,Sprinkler,61.43,17.29,4.29,120.29,2342.73,281806.99
1674,Haryana,Hisar,Onion,Zaid,2020,38.15,871.54,23.63,82.89,118.22,99.4,147.15,7.32,Sprinkler,189.75,78.28,5.84,222.8,1922.35,428299.58
1675,Telangana,Karimnagar,Onion,Rabi,2025,74.85,1234.96,25.61,71.67,118.73,76.28,89.7,7.34,Rainfed,66.1,55.71,4.36,326.35,2624.52,856512.1
1676,Maharashtra,Pune,Sugarcane,Zaid,2020,80.8,1188.27,28.64,53.67,86.95,30.07,94.44,7.79,Drip,36.78,61.0,8.6,694.88,3287.8,2284626.46
1677,Telangana,Karimnagar,Millet,Rabi,2022,52.73,1396.12,18.78,89.98,52.6,54.72,13.89,6.19,Sprinkler,132.44,27.76,2.66,140.26,3200.34,448879.69
1678,Maharashtra,Nashik,Potato,Zaid,2023,95.29,1006.7,18.32,41.55,41.99,62.65,67.15,7.29,Rainfed,186.46,21.47,5.82,554.59,1918.32,1063881.09
1679,West Bengal,Murshidabad,Maize,Zaid,2025,31.71,1273.02,35.21,91.99,112.57,46.51,143.3,7.35,Borewell,145.11,46.16,5.11,162.04,2156.7,349471.67
1680,Haryana,Hisar,Sugarcane,Rabi,2025,74.84,623.98,25.71,87.16,117.23,35.46,14.83,5.38,Sprinkler,95.89,15.4,8.17,611.44,3156.51,1930016.47
1681,Kerala,Kochi,Millet,Kharif,2025,29.54,848.39,24.4,50.08,100.34,72.76,139.37,8.09,Borewell,53.47,64.31,2.3,67.94,3100.51,210648.65
1682,West Bengal,Nadia,Rice,Rabi,2025,89.86,1319.63,34.02,41.21,109.42,52.96,32.69,7.16,Drip,191.6,22.57,5.41,486.14,2771.07,1347127.97
1683,West Bengal,Nadia,Millet,Kharif,2019,53.8,451.36,35.49,88.68,136.04,57.98,149.12,6.56,Borewell,58.41,58.82,2.08,111.9,2809.34,314365.15
1684,Punjab,Ludhiana,Tomato,Kharif,2023,2.94,1427.65,22.53,50.66,77.26,24.37,45.95,6.76,Sprinkler,29.87,9.69,5.43,15.96,2580.87,41190.69
1685,Punjab,Patiala,Maize,Rabi,2024,98.9,1440.8,37.06,67.45,82.98,16.25,55.66,5.31,Rainfed,151.47,43.2,4.64,458.9,2224.14,1020657.85
1686,Tamil Nadu,Salem,Cotton,Zaid,2023,3.17,470.21,26.26,44.9,128.49,50.16,106.42,5.49,Canal,152.44,31.06,3.13,9.92,5844.77,57980.12
1687,Punjab,Patiala,Potato,Kharif,2022,68.43,909.09,30.41,64.01,47.87,12.74,128.68,6.14,Rainfed,149.95,32.98,5.61,383.89,1959.71,752313.07
1688,West Bengal,Hooghly,Cotton,Rabi,2025,51.49,1199.37,32.27,55.58,71.62,10.59,123.07,5.43,Canal,187.88,70.92,3.3,169.92,5704.24,969264.46
1689,Uttar Pradesh,Meerut,Cotton,Kharif,2021,19.37,458.32,30.27,53.0,26.02,12.06,70.36,6.49,Rainfed,44.35,78.17,2.31,44.74,5787.21,258919.78
1690,Andhra Pradesh,Nellore,Wheat,Zaid,2024,28.37,655.62,20.08,79.9,36.54,54.95,122.39,5.98,Borewell,60.0,4.23,3.41,96.74,1996.67,193157.86
1691,Uttar Pradesh,Meerut,Millet,Kharif,2025,19.58,1778.91,20.85,92.21,48.2,70.27,127.83,5.82,Sprinkler,114.75,72.16,2.58,50.52,3369.66,170235.22
1692,Haryana,Hisar,Onion,Kharif,2020,37.35,1638.78,34.23,81.48,61.24,26.61,13.05,5.89,Rainfed,109.64,42.28,4.2,156.87,1878.41,294666.18
1693,Andhra Pradesh,Guntur,Sugarcane,Zaid,2018,31.72,532.25,23.31,40.59,138.28,38.78,25.24,5.42,Borewell,137.64,18.67,7.48,237.27,3501.58,830819.89
1694,Uttar Pradesh,Kanpur,Rice,Rabi,2023,71.69,1007.4,24.58,90.55,21.25,24.58,24.32,5.15,Rainfed,212.88,22.63,4.09,293.21,2067.15,606109.05
1695,Maharashtra,Nagpur,Maize,Rabi,2024,22.57,855.27,24.72,42.53,82.19,11.05,90.4,8.13,Rainfed,42.45,66.38,3.6,81.25,2251.97,182972.56
1696,Kerala,Kannur,Cotton,Rabi,2020,7.96,1066.38,22.3,54.76,60.27,50.95,33.31,6.14,Rainfed,131.36,73.76,2.75,21.89,6662.81,145848.91
1697,Haryana,Ambala,Onion,Kharif,2021,10.35,729.41,31.93,86.45,49.07,71.33,37.32,7.24,Borewell,138.08,10.88,4.81,49.78,2037.18,101410.82
1698,West Bengal,Hooghly,Cotton,Rabi,2018,73.61,453.8,37.15,76.61,118.74,39.03,93.55,5.97,Borewell,146.97,20.79,3.38,248.8,6102.18,1518222.38
1699,Punjab,Amritsar,Wheat,Kharif,2018,40.94,904.58,32.52,84.5,109.5,19.02,132.67,6.02,Sprinkler,166.51,26.07,4.7,192.42,2437.96,469112.26
1700,Karnataka,Mandya,Maize,Kharif,2022,88.77,995.24,33.5,52.78,97.01,58.54,32.25,7.06,Canal,212.17,70.67,5.75,510.43,1948.37,994506.5
1701,Karnataka,Mysore,Wheat,Kharif,2019,92.06,757.81,28.13,78.21,68.28,11.92,95.42,6.48,Drip,190.08,65.06,4.82,443.73,2494.73,1106986.54
1702,Telangana,Karimnagar,Tomato,Zaid,2018,95.48,587.78,22.08,53.65,38.98,95.8,94.28,7.23,Borewell,27.46,47.7,4.7,448.76,2808.96,1260548.89
1703,Punjab,Ludhiana,Sugarcane,Rabi,2022,77.99,549.15,24.31,67.01,72.88,94.76,13.84,5.58,Canal,152.14,78.52,8.24,642.64,3720.57,2390987.1
1704,West Bengal,Burdwan,Groundnut,Kharif,2019,97.72,410.95,19.98,58.42,138.51,62.24,78.23,7.75,Canal,147.88,79.45,2.56,250.16,5224.4,1306935.9
1705,Haryana,Rohtak,Millet,Rabi,2021,91.52,1690.53,18.04,91.5,100.11,75.4,81.85,5.83,Sprinkler,211.81,10.7,2.81,257.17,2862.0,736020.54
1706,Uttar Pradesh,Meerut,Wheat,Rabi,2021,59.05,821.85,34.52,59.99,76.16,68.01,115.23,6.14,Borewell,178.79,53.0,3.8,224.39,2287.36,513260.71
1707,Andhra Pradesh,Krishna,Potato,Rabi,2020,24.6,534.41,23.43,67.59,59.45,99.74,41.34,7.44,Canal,108.25,66.96,6.18,152.03,1989.33,302437.84
1708,Telangana,Khammam,Millet,Zaid,2021,41.17,429.03,27.15,88.01,23.65,64.58,56.35,6.46,Sprinkler,20.82,72.08,2.25,92.63,2778.69,257390.05
1709,Punjab,Ludhiana,Maize,Kharif,2025,15.15,1495.56,21.93,86.98,73.05,89.0,42.57,7.04,Sprinkler,50.03,4.49,5.12,77.57,1701.09,131953.55
1710,Haryana,Rohtak,Cotton,Kharif,2020,74.36,1678.42,29.38,64.9,54.16,69.52,25.72,6.37,Rainfed,201.22,37.22,2.89,214.9,7063.54,1517954.75
1711,Uttar Pradesh,Agra,Millet,Kharif,2020,57.57,1720.27,20.89,55.25,121.65,63.32,66.18,5.93,Sprinkler,58.4,23.38,2.55,146.8,2856.08,419272.54
1712,Andhra Pradesh,Kurnool,Potato,Rabi,2018,5.83,1788.9,36.46,87.34,128.94,71.95,33.35,5.55,Rainfed,92.26,78.34,5.46,31.83,2007.87,63910.5
1713,Maharashtra,Kolhapur,Tomato,Rabi,2020,10.1,893.02,20.0,45.7,80.34,26.8,105.85,6.47,Rainfed,32.03,75.94,4.3,43.43,2876.75,124937.25
1714,Andhra Pradesh,Krishna,Potato,Rabi,2019,20.12,1047.72,25.33,70.69,92.26,12.89,14.6,7.53,Borewell,204.12,74.22,7.55,151.91,1728.38,262558.21
1715,Uttar Pradesh,Lucknow,Tomato,Zaid,2025,1.95,624.2,27.34,84.95,57.43,49.52,48.06,6.61,Rainfed,160.67,31.07,4.73,9.22,2691.25,24813.33
1716,Maharashtra,Nagpur,Potato,Rabi,2025,9.65,1655.18,34.69,68.73,37.15,69.24,44.84,7.26,Borewell,218.98,64.98,8.0,77.2,1943.06,150004.23
1717,Andhra Pradesh,Kurnool,Onion,Rabi,2019,80.79,662.04,35.1,92.9,111.45,61.65,14.45,6.9,Canal,164.78,30.37,5.06,408.8,2127.52,869730.18
1718,Punjab,Patiala,Potato,Rabi,2024,23.21,1503.05,34.14,63.29,32.08,67.27,108.36,8.15,Canal,119.65,31.86,7.27,168.74,1597.23,269516.59
1719,Tamil Nadu,Salem,Tomato,Kharif,2018,8.62,1248.9,22.94,85.57,119.15,69.21,51.9,5.66,Canal,213.23,43.4,6.84,58.96,2641.27,155729.28
1720,Kerala,Kochi,Tomato,Zaid,2025,53.09,1719.43,20.33,40.79,43.15,84.53,145.03,6.87,Drip,203.68,41.29,7.59,402.95,2395.29,965182.11
1721,Tamil Nadu,Trichy,Wheat,Kharif,2018,67.11,385.95,32.6,75.84,22.69,41.73,106.9,6.16,Rainfed,60.07,43.99,2.6,174.49,2365.34,412728.18
1722,Haryana,Ambala,Onion,Kharif,2025,6.95,1313.23,28.42,54.25,63.99,53.34,89.49,7.4,Sprinkler,158.88,79.46,5.37,37.32,2612.38,97494.02
1723,Telangana,Karimnagar,Wheat,Zaid,2020,72.79,1709.72,31.79,70.48,128.96,62.16,29.45,6.61,Rainfed,207.71,19.14,3.9,283.88,2383.47,676619.46
1724,Karnataka,Mandya,Onion,Kharif,2020,80.29,1703.07,30.2,93.52,21.12,17.2,117.68,7.4,Drip,215.34,36.51,6.85,549.99,2071.67,1139397.78
1725,Telangana,Nalgonda,Maize,Rabi,2020,64.69,420.63,37.51,79.31,90.58,11.54,88.09,6.23,Borewell,136.33,50.42,4.44,287.22,1672.86,480478.85
1726,Maharashtra,Kolhapur,Rice,Zaid,2024,35.37,1092.58,29.61,81.32,81.84,78.75,53.86,5.32,Borewell,130.99,37.38,4.64,164.12,2708.71,444553.49
1727,Maharashtra,Satara,Millet,Rabi,2020,98.5,396.04,26.31,88.11,126.29,37.95,89.12,5.94,Rainfed,84.23,10.52,2.02,198.97,3195.93,635894.19
1728,Haryana,Ambala,Rice,Rabi,2020,71.8,913.97,25.64,92.57,46.62,66.91,69.82,5.88,Rainfed,231.51,29.84,4.11,295.1,2623.92,774318.79
1729,Haryana,Hisar,Potato,Kharif,2021,26.88,724.06,20.58,45.94,91.0,44.59,95.2,5.56,Drip,110.96,46.01,6.83,183.59,2000.21,367218.55
1730,Telangana,Hyderabad,Wheat,Rabi,2023,15.21,620.36,24.88,79.54,99.04,93.43,49.19,7.37,Sprinkler,232.51,9.93,4.71,71.64,2039.89,146137.72
1731,Punjab,Bathinda,Rice,Zaid,2025,34.19,1391.08,35.4,86.35,71.12,10.14,112.87,8.08,Canal,65.85,66.54,4.42,151.12,2809.12,424514.21
1732,Kerala,Thrissur,Maize,Rabi,2021,37.14,736.71,24.87,61.9,105.23,68.62,71.71,6.39,Borewell,39.71,22.92,4.88,181.24,1828.6,331415.46
1733,Tamil Nadu,Thanjavur,Potato,Zaid,2019,89.62,1129.74,26.32,59.47,72.23,74.35,47.21,6.57,Rainfed,122.13,42.86,6.03,540.41,2082.26,1125274.13
1734,Kerala,Kochi,Tomato,Zaid,2020,3.49,1621.62,20.95,55.68,84.86,38.92,86.67,5.76,Rainfed,168.66,17.93,5.45,19.02,2732.24,51967.2
1735,Karnataka,Belgaum,Tomato,Kharif,2024,39.82,1267.97,24.06,68.36,135.84,84.98,110.4,6.68,Drip,96.17,37.91,6.86,273.17,2176.01,594420.65
1736,Karnataka,Mysore,Wheat,Rabi,2022,93.41,1498.27,30.12,70.08,110.12,79.43,79.89,6.24,Canal,187.28,16.36,4.92,459.58,2503.56,1150586.1
1737,Karnataka,Mandya,Rice,Kharif,2023,18.65,488.54,18.5,91.19,104.59,68.74,57.84,5.65,Canal,151.45,45.62,4.33,80.75,2793.3,225558.98
1738,Tamil Nadu,Coimbatore,Wheat,Rabi,2020,72.32,380.7,33.13,72.15,126.81,37.5,29.3,5.31,Drip,198.56,50.68,4.38,316.76,2300.45,728690.54
1739,Telangana,Karimnagar,Maize,Rabi,2022,59.7,1249.33,20.97,82.02,118.03,12.58,20.94,5.24,Borewell,47.43,47.16,4.68,279.4,1771.26,494890.04
1740,Maharashtra,Satara,Onion,Zaid,2019,4.03,310.35,20.01,61.3,80.41,86.31,87.29,7.13,Borewell,49.62,74.21,3.93,15.84,2024.79,32072.67
1741,Maharashtra,Kolhapur,Maize,Kharif,2020,68.3,1396.05,37.43,40.76,126.74,25.82,58.07,6.96,Sprinkler,36.89,37.04,4.52,308.72,1999.36,617242.42
1742,Haryana,Hisar,Wheat,Rabi,2018,39.97,1628.7,35.63,48.27,139.07,14.86,79.34,6.15,Sprinkler,99.53,35.34,4.6,183.86,2429.57,446700.74
1743,Andhra Pradesh,Kurnool,Potato,Rabi,2024,65.74,1119.32,28.79,73.46,43.91,46.92,84.48,7.73,Sprinkler,123.09,51.61,7.08,465.44,1700.31,791392.29
1744,Maharashtra,Nagpur,Potato,Kharif,2020,35.61,524.91,34.12,65.12,72.63,27.82,65.05,6.71,Drip,188.77,38.6,6.5,231.47,1936.35,448206.93
1745,West Bengal,Nadia,Onion,Zaid,2023,34.07,1403.33,20.36,64.45,135.4,43.67,,7.98,Rainfed,68.65,76.3,4.69,159.79,2499.92,399462.22
1746,Punjab,Patiala,Cotton,Zaid,2019,82.63,1615.12,24.36,93.37,49.99,38.22,84.05,5.98,Sprinkler,210.19,69.39,3.56,294.16,6820.77,2006397.7
1747,Uttar Pradesh,Varanasi,Onion,Zaid,2023,81.79,339.94,18.99,61.92,120.74,25.94,104.34,6.25,Rainfed,190.99,22.18,4.47,365.6,2519.05,920964.68
1748,West Bengal,Burdwan,Potato,Rabi,2023,95.5,627.1,36.77,55.08,45.69,17.67,,8.43,Canal,214.78,53.56,6.6,630.3,2050.51,1292436.45
1749,Andhra Pradesh,Guntur,Sugarcane,Zaid,2024,27.58,605.99,31.05,94.44,135.28,38.37,67.67,6.26,Sprinkler,221.91,33.95,9.18,253.18,2998.4,759134.91
1750,Telangana,Hyderabad,Potato,Rabi,2023,56.57,1554.31,18.97,65.52,41.64,23.11,76.06,6.3,Sprinkler,40.73,63.32,5.8,328.11,1734.04,568955.86
1751,Maharashtra,Kolhapur,Tomato,Zaid,2023,27.22,968.27,35.71,88.22,49.55,30.28,14.76,7.95,Rainfed,206.12,11.36,4.98,135.56,2511.62,340475.21
1752,Maharashtra,Satara,Rice,Kharif,2023,19.81,714.55,22.56,85.69,63.5,21.56,24.25,8.26,Rainfed,177.22,64.43,3.81,75.48,2194.45,165637.09
1753,Punjab,Bathinda,Millet,Zaid,2020,74.56,980.21,27.49,55.87,111.04,47.86,37.58,6.25,Rainfed,90.37,54.71,1.87,139.43,2608.97,363768.69
1754,Haryana,Hisar,Wheat,Kharif,2018,37.43,1486.47,35.1,76.65,69.5,55.03,16.58,5.98,Rainfed,126.77,49.41,3.43,128.38,2419.26,310584.6
1755,Tamil Nadu,Salem,Cotton,Zaid,2022,62.02,525.06,21.94,67.55,109.29,63.45,20.99,8.11,Drip,191.13,14.87,3.14,194.74,7637.24,1487276.12
1756,West Bengal,Nadia,Onion,Zaid,2020,98.07,1749.47,33.91,75.59,121.19,57.39,38.91,5.01,Rainfed,83.05,51.78,5.07,497.21,2431.51,1208971.09
1757,Tamil Nadu,Thanjavur,Cotton,Zaid,2025,64.98,1152.06,26.58,40.64,34.97,78.82,46.08,7.36,Drip,81.4,22.83,3.31,215.08,7383.78,1588103.4
1758,Uttar Pradesh,Varanasi,Tomato,Zaid,2022,61.82,1788.67,30.44,84.76,23.56,69.41,68.04,5.03,Sprinkler,217.18,43.22,6.96,430.27,2411.79,1037720.88
1759,Karnataka,Bangalore,Potato,Zaid,2021,50.59,1623.45,35.27,51.6,99.69,96.1,12.12,5.21,Rainfed,167.71,4.2,6.29,318.21,1542.99,490994.85
1760,Punjab,Jalandhar,Millet,Rabi,2024,52.54,1209.25,20.27,94.48,63.58,32.42,90.21,8.09,Sprinkler,102.27,32.28,1.89,99.3,2850.48,283052.66
1761,Andhra Pradesh,Kurnool,Groundnut,Kharif,2021,41.26,1770.38,25.68,91.69,120.79,99.14,47.2,7.95,Borewell,40.2,53.58,3.1,127.91,6327.38,809335.18
1762,West Bengal,Burdwan,Cotton,Rabi,2018,43.88,311.96,21.71,76.73,119.99,56.47,142.14,6.67,Drip,240.81,10.57,3.78,165.87,5678.72,941929.29
1763,Kerala,Palakkad,Sugarcane,Kharif,2018,70.46,1618.84,19.21,72.85,79.21,24.85,26.26,8.15,Drip,217.96,53.86,10.1,711.65,4129.41,2938694.63
1764,Maharashtra,Satara,Rice,Kharif,2019,32.7,1365.81,32.85,94.99,101.37,68.9,107.33,6.2,Drip,32.21,61.22,4.83,157.94,2723.63,430170.12
1765,West Bengal,Nadia,Wheat,Zaid,2019,55.78,1658.8,21.56,59.88,139.25,47.97,33.36,6.0,Canal,100.32,7.57,4.55,253.8,2310.57,586422.67
1766,Punjab,Bathinda,Maize,Kharif,2025,40.45,1336.58,33.82,49.47,87.62,23.27,106.44,5.5,Sprinkler,24.95,13.47,5.14,207.91,2264.35,470781.01
1767,Punjab,Patiala,Maize,Zaid,2019,18.19,659.55,28.34,74.31,21.18,50.93,20.0,8.12,Borewell,95.71,74.1,4.38,79.67,2007.78,159959.83
1768,West Bengal,Burdwan,Rice,Zaid,2025,36.46,1505.81,26.98,40.79,104.39,30.82,64.63,7.43,Sprinkler,58.87,5.23,4.69,171.0,2324.19,397436.49
1769,Telangana,Karimnagar,Cotton,Rabi,2021,84.02,1489.22,20.97,41.35,20.25,40.95,79.24,7.87,Sprinkler,170.96,22.62,3.39,284.83,5869.88,1671917.92
1770,Tamil Nadu,Coimbatore,Rice,Zaid,2023,34.59,1169.39,34.91,80.08,58.37,27.82,68.61,6.0,Sprinkler,187.95,58.2,4.77,164.99,2347.52,387317.32
1771,Tamil Nadu,Coimbatore,Potato,Zaid,2023,88.16,1573.01,25.22,66.12,138.85,66.8,121.08,5.05,Drip,81.17,75.4,7.88,694.7,1840.07,1278296.63
1772,Kerala,Kannur,Potato,Kharif,2024,66.94,1000.24,32.64,51.61,137.64,59.91,141.35,7.85,Drip,167.99,35.74,7.52,503.39,2033.21,1023497.58
1773,Uttar Pradesh,Agra,Tomato,Rabi,2021,22.25,919.45,27.89,57.78,127.44,42.36,50.24,6.23,Canal,157.46,41.59,6.14,136.61,2138.43,292130.92
1774,Kerala,Kollam,Tomato,Zaid,2022,94.16,660.14,20.66,55.25,56.12,36.91,88.26,5.88,Sprinkler,46.44,30.83,5.6,527.3,2443.78,1288605.19
1775,Punjab,Patiala,Wheat,Kharif,2018,35.29,1721.62,37.77,67.69,129.83,94.72,123.73,6.04,Canal,109.1,48.32,4.5,158.81,2105.2,334326.81
1776,Telangana,Karimnagar,Rice,Zaid,2019,76.12,1574.2,34.38,58.79,139.01,41.38,28.11,5.51,Drip,77.71,24.88,5.22,397.35,2680.53,1065108.6
1777,Uttar Pradesh,Agra,Millet,Zaid,2022,72.71,1690.94,35.03,58.3,85.07,58.21,103.91,6.19,Rainfed,111.43,54.63,1.86,135.24,3465.5,468674.22
1778,Kerala,Kannur,Sugarcane,Kharif,2021,65.41,931.53,29.51,61.1,116.02,35.26,132.0,8.14,Borewell,242.34,24.05,8.99,588.04,3163.83,1860458.59
1779,Karnataka,Bangalore,Cotton,Zaid,2019,99.7,614.81,24.5,43.1,69.04,76.71,24.1,7.85,Sprinkler,128.96,46.32,2.97,296.11,7343.6,2174513.4
1780,Andhra Pradesh,Krishna,Onion,Rabi,2018,40.96,1493.81,19.97,43.01,95.13,93.04,86.62,5.22,Borewell,81.62,28.78,5.26,215.45,2023.09,435874.74
1781,Haryana,Karnal,Onion,Zaid,2025,91.03,1144.29,20.47,53.85,89.98,61.92,20.78,7.64,Rainfed,81.01,55.85,4.08,371.4,2382.12,884719.37
1782,Tamil Nadu,Coimbatore,Groundnut,Kharif,2023,48.75,1230.57,23.92,89.34,70.78,66.09,66.26,7.93,Canal,137.26,53.51,2.86,139.42,6955.42,969724.66
1783,Kerala,Kochi,Cotton,Kharif,2018,17.69,1598.93,29.93,91.6,28.98,22.36,94.16,6.81,Canal,184.32,46.18,3.28,58.02,7186.41,416955.51
1784,Karnataka,Belgaum,Potato,Zaid,2018,67.76,1270.02,20.69,77.09,32.16,52.07,103.39,6.73,Rainfed,60.69,22.35,5.46,369.97,2110.63,780869.78
1785,Tamil Nadu,Coimbatore,Sugarcane,Rabi,2025,77.7,620.63,21.46,84.98,131.47,12.06,138.98,7.06,Rainfed,171.94,42.61,7.33,569.54,3935.64,2241504.41
1786,Andhra Pradesh,Chittoor,Groundnut,Kharif,2024,65.9,565.11,37.15,63.74,76.79,49.29,82.4,7.83,Sprinkler,134.54,50.02,2.66,175.29,6874.81,1205085.44
1787,Maharashtra,Kolhapur,Potato,Rabi,2018,8.2,1045.57,32.47,52.42,74.98,13.59,126.82,6.32,Drip,126.46,72.92,7.34,60.19,1828.63,110065.24
1788,Andhra Pradesh,Chittoor,Groundnut,Rabi,2019,33.01,1407.7,22.28,76.75,109.09,55.36,11.58,5.92,Canal,237.2,70.57,2.86,94.41,6413.43,605491.93
1789,Maharashtra,Nagpur,Sugarcane,Zaid,2022,24.56,830.29,35.21,81.22,101.83,26.59,63.52,6.32,Drip,176.13,23.84,9.07,222.76,3315.2,738493.95
1790,Kerala,Kochi,Tomato,Rabi,2018,76.94,873.44,23.26,61.9,48.94,29.57,52.33,8.02,Rainfed,136.78,22.84,4.42,340.07,2190.03,744763.5
1791,Punjab,Patiala,Millet,Rabi,2018,71.23,546.66,35.77,58.48,108.44,79.53,147.2,5.49,Sprinkler,230.36,33.81,2.39,170.24,2886.98,491479.48
1792,Maharashtra,Satara,Groundnut,Rabi,2021,63.58,683.87,18.31,73.93,32.53,73.5,28.42,6.55,Borewell,102.58,33.27,2.31,146.87,5591.96,821291.17
1793,West Bengal,Murshidabad,Tomato,Zaid,2025,96.89,1547.99,37.26,77.62,80.11,24.46,134.16,6.7,Borewell,127.05,63.39,6.29,609.44,2337.58,1424614.76
1794,Telangana,Hyderabad,Groundnut,Rabi,2019,16.54,890.87,31.15,50.03,135.93,18.0,94.33,5.32,Rainfed,122.12,44.78,2.13,35.23,6716.14,236609.61
1795,Uttar Pradesh,Lucknow,Maize,Kharif,2018,89.24,1156.71,33.39,47.13,53.05,57.48,55.31,7.77,Sprinkler,170.97,2.97,5.65,504.21,1728.15,871350.51
1796,Karnataka,Hassan,Potato,Kharif,2022,40.52,313.24,36.51,76.33,68.04,92.01,133.92,5.66,Sprinkler,140.69,5.84,6.51,263.79,1769.14,466681.44
1797,Maharashtra,Satara,Millet,Kharif,2019,46.9,1293.4,32.52,90.66,68.24,99.95,49.61,5.65,Canal,25.03,73.03,2.43,113.97,2614.91,298021.29
1798,Punjab,Jalandhar,Maize,Kharif,2018,26.23,1577.18,19.01,55.98,32.16,29.49,69.41,7.95,Borewell,182.56,33.56,4.96,130.1,2233.66,290599.17
1799,Uttar Pradesh,Agra,Onion,Zaid,2024,47.11,1408.36,25.76,87.12,38.55,64.69,98.01,5.32,Sprinkler,210.42,36.48,6.16,290.2,2121.69,615714.44
1800,Punjab,Patiala,Tomato,Kharif,2022,34.15,453.68,35.5,91.92,92.11,69.99,34.09,6.91,Drip,113.6,55.58,6.08,207.63,2390.3,496297.99
1801,Punjab,Amritsar,Onion,Rabi,2025,68.74,898.65,21.03,53.89,132.7,70.65,45.72,5.2,Drip,175.43,22.37,5.37,369.13,2499.63,922688.42
1802,Kerala,Kochi,Maize,Rabi,2023,15.41,1757.03,30.63,44.97,95.89,98.73,57.45,8.4,Canal,223.76,53.05,6.06,93.38,2250.97,210195.58
1803,Uttar Pradesh,Meerut,Millet,Kharif,2020,46.69,1436.61,26.25,85.49,101.41,39.67,98.3,6.77,Drip,26.22,58.78,2.85,133.07,3139.09,417718.71
1804,Kerala,Palakkad,Cotton,Zaid,2023,93.02,396.96,33.11,62.68,90.22,21.71,90.03,7.73,Sprinkler,149.08,22.32,3.07,285.57,6437.64,1838396.85
1805,Maharashtra,Pune,Cotton,Rabi,2022,20.86,1056.5,33.19,64.15,35.01,77.22,93.51,8.16,Rainfed,247.25,69.23,3.33,69.46,7719.64,536206.19
1806,Karnataka,Hassan,Potato,Zaid,2021,97.33,472.98,21.18,48.56,77.16,53.21,96.43,6.69,Rainfed,131.0,15.2,5.32,517.8,1557.75,806602.95
1807,Kerala,Kochi,Rice,Zaid,2019,91.09,708.24,21.94,60.29,70.29,57.7,97.51,7.96,Canal,203.32,39.22,5.41,492.8,2601.01,1281777.73
1808,Telangana,Khammam,Groundnut,Kharif,2025,50.12,1676.43,36.79,56.94,52.71,91.68,136.55,8.23,Drip,122.0,34.12,3.32,166.4,5027.57,836587.65
1809,Karnataka,Mandya,Rice,Rabi,2019,79.6,739.99,28.47,46.73,51.04,85.5,37.09,7.83,Drip,73.78,19.7,4.49,357.4,2486.33,888614.34
1810,Uttar Pradesh,Kanpur,Cotton,Zaid,2023,61.87,535.62,26.57,65.09,,37.29,95.57,5.76,Rainfed,99.65,25.83,2.39,147.87,7057.97,1043662.02
1811,Uttar Pradesh,Varanasi,Cotton,Zaid,2022,40.47,569.48,21.64,58.88,30.02,50.08,104.77,7.63,Sprinkler,103.44,16.96,3.1,125.46,6995.27,877626.57
1812,Kerala,Kannur,Millet,Kharif,2023,4.9,1664.78,35.92,82.52,71.74,91.38,97.02,8.05,Drip,33.76,40.03,2.64,12.94,2727.0,35287.38
1813,Andhra Pradesh,Kurnool,Wheat,Rabi,2025,74.48,358.78,29.39,68.55,31.84,19.04,46.72,5.86,Drip,195.71,7.45,3.82,284.51,2524.45,718231.27
1814,Kerala,Thrissur,Rice,Rabi,2020,7.06,491.82,35.74,43.23,79.33,32.07,21.34,5.89,Rainfed,24.53,7.18,3.1,21.89,2844.12,62257.79
1815,Punjab,Amritsar,Millet,Rabi,2021,7.2,427.75,28.54,86.49,83.74,71.1,89.06,5.81,Sprinkler,218.51,49.52,2.18,15.7,3035.93,47664.1
1816,Tamil Nadu,Trichy,Sugarcane,Rabi,2018,28.14,1793.26,23.96,42.8,71.34,69.6,42.79,8.27,Canal,108.44,10.25,9.43,265.36,4082.44,1083316.28
1817,Uttar Pradesh,Varanasi,Cotton,Zaid,2022,16.32,774.97,32.11,40.53,101.64,23.7,88.45,5.59,Rainfed,81.3,31.31,2.2,35.9,6734.7,241775.73
1818,Maharashtra,Nagpur,Onion,Kharif,2020,99.88,630.47,34.6,49.76,57.77,80.94,62.17,6.25,Drip,139.43,37.07,5.58,557.33,2598.92,1448456.08
1819,Karnataka,Mandya,Maize,Kharif,2018,93.75,685.49,18.71,68.95,56.8,52.04,139.8,7.49,Sprinkler,21.63,22.72,4.42,414.38,2267.8,939730.96
1820,Karnataka,Hassan,Onion,Kharif,2023,46.44,965.2,24.53,53.86,97.08,38.01,21.16,7.48,Canal,202.99,43.67,5.84,271.21,2040.53,553412.14
1821,Telangana,Nalgonda,Millet,Rabi,2019,67.98,1094.98,25.11,68.72,102.48,30.2,102.24,7.73,Sprinkler,248.09,33.58,3.01,204.62,2737.93,560235.24
1822,Uttar Pradesh,Agra,Millet,Rabi,2021,39.16,1439.84,35.86,70.76,102.46,56.83,114.26,6.91,Sprinkler,128.24,58.05,2.4,93.98,2774.51,260748.45
1823,Tamil Nadu,Madurai,Rice,Kharif,2018,21.71,1786.41,21.3,88.98,62.84,36.29,40.63,7.88,Sprinkler,173.49,71.98,5.75,124.83,2560.34,319607.24
1824,Andhra Pradesh,Krishna,Onion,Zaid,2023,37.56,1120.69,26.59,74.96,118.54,83.7,93.82,5.08,Borewell,69.11,19.98,5.28,198.32,2332.18,462517.94
1825,Tamil Nadu,Thanjavur,Millet,Kharif,2018,72.25,379.21,33.29,91.45,35.98,67.79,122.62,7.77,Rainfed,207.78,64.35,2.07,149.56,3546.92,530477.36
1826,Kerala,Thrissur,Sugarcane,Rabi,2018,89.19,461.61,32.02,43.31,114.18,27.84,14.04,8.19,Canal,226.02,27.73,8.43,751.87,3119.6,2345533.65
1827,Kerala,Kollam,Maize,Kharif,2021,81.82,1306.47,22.29,94.93,68.68,16.81,93.81,7.25,Sprinkler,147.01,14.28,5.25,429.55,2235.3,960173.12
1828,Haryana,Hisar,Tomato,Zaid,2018,19.64,385.58,37.16,60.32,113.68,73.49,83.85,6.14,Drip,231.18,44.54,6.57,129.03,2405.09,310328.76
1829,Telangana,Hyderabad,Millet,Rabi,2024,96.51,438.18,18.23,54.88,139.79,63.4,75.2,6.62,Borewell,148.9,57.65,2.2,212.32,3122.78,663028.65
1830,Maharashtra,Kolhapur,Rice,Rabi,2025,25.66,1471.15,34.99,90.64,51.41,35.69,59.35,6.06,Rainfed,90.88,50.69,4.24,108.8,2557.9,278299.52
1831,Maharashtra,Kolhapur,Tomato,Rabi,2018,12.82,1313.18,22.17,71.96,96.1,42.16,79.78,7.24,Rainfed,133.83,29.61,5.07,65.0,2660.18,172911.7
1832,West Bengal,Burdwan,Potato,Zaid,2022,22.01,1744.17,23.38,67.56,22.46,27.96,72.77,7.23,Borewell,204.29,47.55,6.98,153.63,1948.03,299275.85
1833,Karnataka,Belgaum,Millet,Rabi,2018,75.99,438.33,23.06,90.14,133.15,51.27,148.97,6.89,Sprinkler,191.93,13.55,2.43,184.66,3253.93,600870.71
1834,Haryana,Hisar,Wheat,Kharif,2023,57.51,1078.92,22.02,72.59,69.31,91.49,114.92,5.53,Drip,187.08,6.6,4.85,278.92,2281.29,636297.41
1835,Punjab,Amritsar,Rice,Zaid,2020,48.65,918.31,34.29,79.18,132.85,78.99,145.5,8.25,Drip,115.39,64.63,5.47,266.12,2774.85,738443.08
1836,Tamil Nadu,Thanjavur,Potato,Kharif,2019,9.12,578.85,27.92,87.54,92.51,88.33,70.41,6.7,Canal,104.32,7.05,6.32,57.64,1931.26,111317.83
1837,Haryana,Karnal,Maize,Rabi,2023,27.48,1057.95,32.03,82.3,74.95,24.32,128.13,5.16,Canal,64.11,47.59,4.73,129.98,1955.49,254174.59
1838,Karnataka,Mandya,Wheat,Zaid,2025,79.93,1754.21,32.11,72.4,55.72,35.48,43.9,7.6,Drip,169.96,29.22,4.63,370.08,1900.61,703377.75
1839,Maharashtra,Kolhapur,Wheat,Rabi,2023,36.97,1575.84,21.59,42.83,29.07,45.4,23.19,6.97,Sprinkler,92.64,18.17,3.96,146.4,2407.5,352458.0
1840,Maharashtra,Nagpur,Rice,Zaid,2024,25.24,1321.07,36.87,85.83,129.48,22.53,34.68,5.88,Rainfed,175.61,27.96,4.04,101.97,2780.21,283498.01
1841,Haryana,Rohtak,Sugarcane,Rabi,2024,69.53,1770.06,36.72,75.07,110.41,19.49,129.31,5.52,Sprinkler,235.25,52.07,9.83,683.48,3169.46,2166262.52
1842,Telangana,Hyderabad,Millet,Rabi,2020,92.02,1573.98,19.33,75.44,134.38,79.05,37.95,8.42,Sprinkler,196.36,11.92,2.44,224.53,3361.51,754759.84
1843,Uttar Pradesh,Varanasi,Potato,Rabi,2025,43.11,890.04,33.59,53.57,134.09,78.53,90.18,5.78,Drip,208.72,21.08,7.55,325.48,1544.62,502742.92
1844,Karnataka,Belgaum,Wheat,Zaid,2025,83.1,704.21,37.74,86.86,64.23,92.68,135.76,5.56,Borewell,207.54,42.79,4.36,362.32,2044.78,740864.69
1845,Telangana,Nalgonda,Rice,Kharif,2023,63.24,937.96,23.87,44.92,93.65,18.08,82.58,6.8,Canal,24.75,27.34,4.57,289.01,2821.34,815395.47
1846,Haryana,Karnal,Wheat,Zaid,2020,37.47,661.45,36.76,61.41,47.15,54.25,33.92,7.36,Canal,126.1,44.32,3.59,134.52,1979.29,266254.09
1847,Maharashtra,Pune,Rice,Kharif,2022,98.18,575.31,21.61,81.83,24.95,65.73,43.57,5.6,Sprinkler,239.57,63.59,4.42,433.96,2679.76,1162908.65
1848,Karnataka,Bangalore,Millet,Kharif,2019,34.87,1370.89,26.9,81.46,23.19,26.08,75.94,8.27,Sprinkler,107.51,69.76,2.68,93.45,3316.15,309894.22
1849,Kerala,Kannur,Rice,Kharif,2025,16.13,1698.93,37.15,53.46,120.08,59.62,57.08,8.0,Canal,173.26,16.53,5.2,83.88,2364.77,198356.91
1850,Karnataka,Hassan,Millet,Zaid,2025,85.71,1736.78,36.99,75.96,32.76,86.2,56.96,7.84,Canal,79.24,39.87,3.01,257.99,2688.11,693505.5
1851,Haryana,Panipat,Millet,Rabi,2023,38.7,1162.23,32.83,45.68,92.9,93.73,31.14,7.29,Rainfed,135.42,20.24,2.58,99.85,3029.97,302542.5
1852,Haryana,Ambala,Millet,Zaid,2023,34.93,399.43,22.76,43.68,21.65,29.84,105.15,6.11,Borewell,98.69,54.75,1.99,69.51,3328.53,231366.12
1853,Kerala,Thrissur,Cotton,Kharif,2025,29.17,814.86,23.4,51.97,37.72,63.52,43.42,7.91,Sprinkler,33.05,59.71,2.5,72.93,6028.54,439661.42
1854,Uttar Pradesh,Meerut,Maize,Kharif,2024,39.49,1486.52,31.61,88.22,22.69,21.19,129.39,7.92,Rainfed,79.66,38.02,4.13,163.09,1683.79,274609.31
1855,Tamil Nadu,Madurai,Cotton,Rabi,2018,41.76,1125.38,35.88,94.99,94.36,81.77,107.46,5.64,Sprinkler,108.13,26.98,3.18,132.8,7141.89,948442.99
1856,Haryana,Rohtak,Groundnut,Kharif,2018,50.16,1552.12,34.99,73.58,79.25,56.76,96.26,6.3,Canal,239.31,70.87,3.12,156.5,5192.37,812605.91
1857,Kerala,Kannur,Tomato,Kharif,2020,9.78,716.97,23.15,85.12,98.91,83.94,120.95,7.74,Canal,152.31,18.78,6.21,60.73,2836.1,172236.35
1858,Punjab,Amritsar,Groundnut,Zaid,2018,81.44,1612.13,31.47,85.61,104.54,71.87,17.93,5.38,Sprinkler,101.78,13.33,2.88,234.55,5326.16,1249250.83
1859,Telangana,Karimnagar,Millet,Kharif,2020,24.0,1477.12,32.57,59.89,48.79,72.27,112.2,8.39,Canal,80.5,11.58,2.34,56.16,2984.69,167620.19
1860,Haryana,Hisar,Millet,Kharif,2025,75.78,672.75,36.24,49.03,92.74,20.47,134.86,5.17,Canal,107.0,5.27,2.04,154.59,3350.89,518014.09
1861,Kerala,Palakkad,Sugarcane,Kharif,2021,64.87,1090.2,24.45,67.41,67.61,39.86,80.62,5.12,Canal,84.22,16.0,8.07,523.5,3671.9,1922239.65
1862,Uttar Pradesh,Meerut,Maize,Rabi,2021,42.99,1653.65,34.82,82.9,57.39,92.06,66.37,7.22,Borewell,145.73,29.76,5.1,219.25,2142.17,469670.77
1863,Uttar Pradesh,Kanpur,Rice,Rabi,2018,11.96,847.27,36.46,89.95,50.49,79.38,42.11,6.82,Drip,237.53,24.23,5.56,66.5,2234.51,148594.92
1864,Telangana,Khammam,Sugarcane,Zaid,2020,50.11,1350.24,20.94,81.64,43.68,68.41,65.11,7.38,Canal,201.0,45.34,8.85,443.47,3862.87,1713066.96
1865,Kerala,Thrissur,Potato,Rabi,2022,37.98,832.35,33.99,72.95,44.23,83.43,88.43,8.46,Canal,163.25,51.73,6.56,249.15,1876.28,467475.16
1866,Punjab,Amritsar,Wheat,Zaid,2019,21.67,739.74,28.38,57.65,108.59,16.02,53.81,7.29,Sprinkler,228.06,46.86,4.69,101.63,2585.0,262713.55
1867,Karnataka,Mandya,Wheat,Rabi,2021,23.18,1455.76,33.95,77.4,67.87,85.15,79.1,5.33,Borewell,137.11,23.42,4.65,107.79,2399.42,258633.48
1868,Telangana,Karimnagar,Maize,Kharif,2025,68.41,1346.37,22.27,94.86,113.17,45.72,136.98,6.91,Sprinkler,198.1,40.63,6.14,420.04,1972.16,828386.09
1869,Tamil Nadu,Salem,Rice,Zaid,2023,41.07,1602.79,29.0,46.93,120.44,86.44,108.68,6.63,Rainfed,24.2,6.03,3.92,160.99,2510.48,404162.18
1870,Andhra Pradesh,Kurnool,Millet,Kharif,2023,17.65,320.18,24.48,73.2,25.12,70.99,134.35,7.99,Sprinkler,105.75,9.57,2.22,39.18,2740.44,107370.44
1871,Andhra Pradesh,Nellore,Cotton,Kharif,2019,83.32,1604.83,34.22,91.56,49.16,50.11,57.94,7.48,Sprinkler,70.24,30.95,3.19,265.79,5909.91,1570794.98
1872,Punjab,Bathinda,Onion,Rabi,2023,78.16,858.31,19.88,73.6,133.96,56.19,20.12,7.23,Drip,123.28,59.97,5.33,416.59,1885.78,785597.09
1873,Kerala,Palakkad,Cotton,Kharif,2021,17.17,877.36,20.36,43.39,69.18,38.78,46.11,6.19,Drip,228.06,19.51,3.31,56.83,6330.14,359741.86
1874,Punjab,Ludhiana,Cotton,Rabi,2018,34.23,511.55,31.81,73.14,132.74,41.13,16.27,6.05,Rainfed,162.59,29.05,2.63,90.02,6956.28,626204.33
1875,Telangana,Warangal,Wheat,Zaid,2022,65.71,1686.36,22.61,41.95,117.07,72.41,14.76,6.85,Drip,128.35,76.36,5.18,340.38,2437.61,829713.69
1876,West Bengal,Burdwan,Millet,Rabi,2022,29.91,,23.62,51.55,45.42,55.72,66.98,5.81,Drip,99.62,31.76,2.26,67.6,3322.21,224581.4
1877,Telangana,Warangal,Potato,Zaid,2025,53.06,538.0,34.04,86.6,36.59,65.33,115.97,5.95,Canal,215.21,34.84,6.86,363.99,2073.91,754882.5
1878,Uttar Pradesh,Varanasi,Wheat,Rabi,2020,79.85,874.55,19.53,45.57,60.62,20.23,133.51,7.15,Drip,114.35,26.77,3.94,314.61,2207.59,694529.89
1879,Haryana,Hisar,Groundnut,Zaid,2021,5.8,393.98,31.55,51.82,99.5,20.93,114.58,5.71,Sprinkler,53.91,34.81,2.38,13.8,6103.54,84228.85
1880,West Bengal,Burdwan,Wheat,Zaid,2019,92.34,524.4,34.06,69.92,114.42,37.7,41.17,6.65,Rainfed,164.93,74.24,3.37,311.19,2023.03,629546.71
1881,Maharashtra,Nashik,Maize,Rabi,2021,19.27,562.71,31.36,84.82,133.52,24.9,13.59,7.44,Drip,202.86,20.46,5.41,104.25,2207.0,230079.75
1882,Karnataka,Hassan,Tomato,Rabi,2024,85.29,1774.48,24.25,92.98,100.02,20.23,46.85,6.8,Sprinkler,44.01,7.81,6.01,512.59,2568.6,1316638.67
1883,Telangana,Nalgonda,Onion,Kharif,2018,98.9,1511.1,31.87,85.42,114.21,21.68,65.61,8.45,Sprinkler,238.8,37.09,6.42,634.94,2609.28,1656736.24
1884,Tamil Nadu,Trichy,Millet,Zaid,2020,73.0,1068.31,37.14,73.83,56.34,84.27,126.03,6.46,Rainfed,190.12,79.55,1.96,143.08,2825.62,404289.71
1885,Tamil Nadu,Salem,Maize,Rabi,2024,28.59,1498.41,24.95,43.98,86.6,50.45,35.67,5.32,Sprinkler,221.49,40.89,6.0,171.54,1810.73,310612.62
1886,Maharashtra,Pune,Onion,Rabi,2020,68.92,778.71,25.27,65.82,118.09,88.86,11.55,7.29,Canal,153.33,57.41,5.26,362.52,2390.17,866484.43
1887,Tamil Nadu,Coimbatore,Groundnut,Zaid,2023,2.47,1569.87,36.08,44.77,129.08,93.17,117.0,7.6,Borewell,225.9,15.85,3.53,8.72,5734.67,50006.32
1888,Tamil Nadu,Salem,Millet,Kharif,2021,64.96,353.71,22.06,63.16,70.71,16.18,132.78,7.01,Borewell,71.94,57.22,2.13,138.36,3255.14,450381.17
1889,Tamil Nadu,Madurai,Potato,Zaid,2020,50.31,395.67,24.08,41.42,113.06,78.14,63.46,5.54,Sprinkler,78.11,79.9,5.89,296.33,1923.05,569857.41
1890,Telangana,Khammam,Rice,Kharif,2018,5.6,997.86,27.67,48.03,50.38,30.12,144.08,6.27,Drip,202.81,21.84,5.17,28.95,2383.47,69001.46
1891,West Bengal,Murshidabad,Millet,Kharif,2020,62.75,966.16,29.51,57.22,62.82,48.71,19.98,5.39,Rainfed,189.18,12.25,2.38,149.34,3483.92,520288.61
1892,Maharashtra,Satara,Onion,Zaid,2025,78.35,1114.52,35.12,78.59,92.23,57.54,146.03,7.86,Drip,96.32,3.52,5.76,451.3,1903.44,859022.47
1893,Andhra Pradesh,Chittoor,Tomato,Zaid,2025,54.59,1679.96,27.68,66.48,28.82,96.15,40.29,8.4,Rainfed,108.76,43.4,5.28,288.24,2381.33,686394.56
1894,Maharashtra,Kolhapur,Sugarcane,Zaid,2024,10.11,526.26,32.6,60.51,137.38,62.6,36.93,7.39,Canal,136.39,76.61,8.05,81.39,3141.92,255720.87
1895,Andhra Pradesh,Guntur,Onion,Kharif,2024,86.73,925.47,32.45,74.08,115.09,95.34,11.37,7.06,Sprinkler,199.35,16.59,6.33,549.0,2247.81,1234047.69
1896,West Bengal,Murshidabad,Sugarcane,Kharif,2018,56.81,411.83,30.7,49.3,56.19,13.33,127.49,7.46,Canal,105.68,33.72,7.69,436.87,3435.37,1500810.09
1897,Tamil Nadu,Trichy,Millet,Rabi,2025,16.33,373.49,37.02,64.22,90.04,27.97,10.96,7.65,Drip,247.9,44.68,2.79,45.56,2942.7,134069.41
1898,Telangana,Karimnagar,Onion,Rabi,2019,81.14,1580.07,30.9,40.25,29.13,91.06,142.92,8.47,Canal,111.06,12.15,5.72,464.12,2393.18,1110722.7
1899,Telangana,Warangal,Groundnut,Kharif,2021,88.12,590.95,36.35,40.73,70.63,73.06,100.66,7.34,Borewell,140.1,58.59,2.29,201.79,4964.74,1001834.88
1900,Punjab,Bathinda,Millet,Rabi,2022,20.69,452.69,20.17,40.01,111.96,90.57,43.65,7.78,Rainfed,248.87,13.09,2.68,55.45,3455.34,191598.6
1901,Telangana,Khammam,Cotton,Rabi,2019,38.36,511.51,25.67,92.48,101.61,27.27,44.53,7.73,Borewell,74.27,13.37,2.68,102.8,6177.45,635041.86
1902,Tamil Nadu,Madurai,Tomato,Zaid,2020,17.6,1017.15,30.88,45.56,60.13,89.57,20.28,7.9,Sprinkler,81.49,28.5,5.77,101.55,2140.79,217397.22
1903,Andhra Pradesh,Guntur,Groundnut,Zaid,2023,61.84,1497.36,26.42,58.39,107.05,79.04,136.58,7.08,Drip,41.52,10.92,3.1,191.7,5203.29,997470.69
1904,Andhra Pradesh,Chittoor,Potato,Kharif,2019,84.54,564.95,21.43,94.22,88.11,61.24,62.19,8.33,Canal,244.05,37.65,6.93,585.86,1591.23,932238.01
1905,Karnataka,Mandya,Cotton,Rabi,2024,32.36,1673.71,34.22,65.8,112.28,76.28,24.27,5.13,Canal,183.83,37.16,3.86,124.91,6613.6,826104.78
1906,Telangana,Karimnagar,Cotton,Kharif,2020,66.94,1067.7,28.43,71.86,50.97,30.13,61.77,5.58,Canal,165.45,19.53,3.23,216.22,6085.85,1315882.49
1907,Punjab,Jalandhar,Millet,Zaid,2022,1.69,1761.23,28.95,80.63,138.76,99.93,134.67,7.24,Canal,240.29,51.0,3.18,5.37,3109.16,16696.19
1908,Kerala,Kochi,Sugarcane,Kharif,2018,37.14,455.43,35.46,65.58,126.1,53.83,71.43,6.43,Borewell,63.26,73.62,6.91,256.64,3746.25,961437.6
1909,Karnataka,Mysore,Wheat,Kharif,2020,52.77,583.05,33.07,45.62,116.14,26.49,97.6,8.4,Borewell,80.5,44.34,3.8,200.53,2479.2,497153.98
1910,Karnataka,Hassan,Wheat,Kharif,2021,42.91,794.95,23.01,43.72,136.28,81.36,77.25,6.07,Drip,185.23,9.77,4.67,200.39,2269.66,454817.17
1911,Uttar Pradesh,Agra,Maize,Kharif,2019,90.18,478.18,21.57,68.31,53.53,71.74,20.88,7.32,Rainfed,31.78,67.0,3.52,317.43,1821.91,578328.89
1912,Maharashtra,Nashik,Groundnut,Rabi,2021,48.71,974.82,28.54,45.49,59.15,35.4,85.81,6.69,Drip,224.85,32.46,3.04,148.08,5086.17,753160.05
1913,Karnataka,Bangalore,Sugarcane,Rabi,2021,53.06,1441.04,18.09,90.12,32.87,73.16,12.8,5.1,Sprinkler,147.66,7.88,8.3,440.4,3365.94,1482359.98
1914,Uttar Pradesh,Varanasi,Maize,Rabi,2024,23.11,1720.95,29.55,63.97,132.34,60.89,100.21,5.48,Borewell,173.2,56.13,5.07,117.17,2122.62,248707.39
1915,Tamil Nadu,Coimbatore,Cotton,Rabi,2020,45.22,701.35,27.23,62.95,126.99,86.11,66.42,5.11,Canal,37.47,49.08,2.17,98.13,7256.29,712059.74
1916,Tamil Nadu,Salem,Tomato,Rabi,2018,7.33,1542.03,29.93,75.97,43.93,57.19,72.6,7.33,Rainfed,69.53,36.88,4.9,35.92,2979.54,107025.08
1917,Maharashtra,Nashik,Cotton,Zaid,2018,35.98,719.43,25.18,94.91,90.8,35.39,25.69,6.99,Canal,22.95,66.0,2.63,94.63,6531.88,618111.8
1918,Punjab,Patiala,Millet,Kharif,2020,48.4,1597.76,31.11,45.51,119.85,77.83,75.25,7.65,Borewell,58.81,59.12,2.1,101.64,2808.03,285408.17
1919,Kerala,Palakkad,Cotton,Zaid,2020,45.11,314.94,36.92,78.4,118.5,89.4,147.33,7.94,Rainfed,248.57,53.71,2.89,130.37,7775.92,1013746.69
1920,Andhra Pradesh,Guntur,Millet,Zaid,2023,12.75,814.52,29.8,74.61,71.45,60.23,127.5,7.67,Borewell,143.82,23.38,2.65,33.79,2913.23,98438.04
1921,Telangana,Hyderabad,Cotton,Rabi,2020,96.12,1352.08,18.99,44.56,104.96,11.7,99.99,5.12,Rainfed,56.36,46.43,2.76,265.29,7580.06,2010914.12
1922,Karnataka,Bangalore,Millet,Rabi,2023,42.17,1561.92,19.05,53.9,134.13,47.31,145.79,7.19,Canal,117.23,78.97,2.74,115.55,2876.2,332344.91
1923,Haryana,Rohtak,Millet,Kharif,2024,73.11,1429.99,28.36,73.32,32.14,96.71,128.48,6.36,Drip,137.55,55.09,3.25,237.61,2820.43,670162.37
1924,Punjab,Patiala,Onion,Rabi,2025,82.05,990.28,18.51,50.78,99.91,25.41,17.94,6.82,Rainfed,129.08,69.06,4.06,333.12,2079.61,692759.68
1925,Andhra Pradesh,Guntur,Onion,Rabi,2022,70.17,1646.1,27.75,62.0,28.63,60.95,128.46,8.46,Borewell,114.72,29.43,5.91,414.7,2500.99,1037160.55
1926,West Bengal,Kolkata,Potato,Rabi,2023,58.12,1097.29,32.08,75.03,41.98,21.13,78.0,5.56,Rainfed,117.62,25.44,5.58,324.31,1902.93,617139.23
1927,Andhra Pradesh,Guntur,Potato,Kharif,2024,11.16,433.58,27.41,86.56,66.79,46.26,79.42,5.37,Sprinkler,131.75,37.75,6.66,74.33,1598.84,118841.78
1928,Uttar Pradesh,Varanasi,Wheat,Rabi,2021,36.76,1226.71,22.36,45.66,40.86,16.74,69.73,5.77,Rainfed,44.79,45.42,3.1,113.96,2230.08,254139.92
1929,Punjab,Amritsar,Maize,Zaid,2018,22.48,1423.11,34.21,55.35,119.89,31.72,148.95,5.07,Drip,46.98,33.71,5.1,114.65,1632.74,187193.64
1930,Andhra Pradesh,Chittoor,Potato,Kharif,2021,10.06,701.75,27.06,83.32,31.41,28.86,120.78,7.37,Drip,97.64,65.66,6.35,63.88,1565.81,100023.94
1931,Tamil Nadu,Salem,Tomato,Zaid,2021,1.05,1135.52,28.56,82.41,91.17,39.96,27.63,7.39,Sprinkler,168.03,15.03,6.28,6.59,2530.25,16674.35
1932,Karnataka,Hassan,Potato,Kharif,2023,24.26,1595.81,34.02,63.55,20.02,64.44,11.37,7.5,Drip,87.98,65.32,7.45,180.74,2109.93,381348.75
1933,West Bengal,Nadia,Sugarcane,Zaid,2019,86.83,327.61,18.45,93.12,120.94,96.51,149.02,6.61,Sprinkler,137.3,37.54,8.39,728.5,3085.78,2247990.73
1934,Andhra Pradesh,Kurnool,Tomato,Rabi,2024,64.84,358.84,34.59,82.13,81.98,39.53,25.81,6.2,Drip,81.28,32.38,5.62,364.4,2447.8,891978.32
1935,Andhra Pradesh,Krishna,Cotton,Rabi,2021,25.98,928.43,37.33,56.39,68.44,92.78,67.21,6.55,Rainfed,45.4,56.9,2.05,53.26,6601.09,351574.05
1936,Telangana,Khammam,Tomato,Zaid,2025,35.42,1388.25,30.26,73.71,21.32,83.61,113.42,5.49,Canal,134.03,10.98,6.72,238.02,2201.43,523984.37
1937,Uttar Pradesh,Lucknow,Tomato,Kharif,2022,73.56,318.85,18.56,93.34,63.06,16.88,96.94,6.19,Canal,116.46,29.18,5.39,396.49,2186.33,866857.98
1938,Kerala,Thrissur,Tomato,Zaid,2023,75.72,1418.33,24.15,79.79,68.58,63.4,76.09,5.99,Drip,141.96,45.37,7.49,567.14,2519.83,1429096.39
1939,Punjab,Ludhiana,Sugarcane,Kharif,2024,43.87,570.36,35.0,90.08,57.69,68.53,88.01,7.28,Rainfed,102.69,68.63,6.32,277.26,3581.93,993125.91
1940,Maharashtra,Kolhapur,Tomato,Zaid,2018,31.35,617.28,33.0,89.76,120.36,21.81,42.02,6.96,Borewell,145.56,73.04,5.45,170.86,2867.36,489917.13
1941,Uttar Pradesh,Lucknow,Tomato,Rabi,2024,9.07,1383.82,22.24,90.09,53.81,40.69,106.05,6.67,Sprinkler,228.9,16.6,7.27,65.94,2166.29,142845.16
1942,Uttar Pradesh,Varanasi,Cotton,Rabi,2025,1.54,1367.28,31.28,59.2,89.92,41.25,119.93,7.34,Rainfed,73.58,20.64,2.64,4.07,6648.58,27059.72
1943,Telangana,Warangal,Rice,Zaid,2018,61.9,397.88,37.61,55.44,81.92,48.16,73.6,7.17,Rainfed,72.09,56.57,3.81,235.84,2440.75,575626.48
1944,Karnataka,Mandya,Maize,Rabi,2018,82.23,1722.95,36.77,77.59,44.23,88.27,103.53,6.93,Borewell,70.08,39.38,4.84,397.99,2108.5,839161.92
1945,Kerala,Kochi,Maize,Kharif,2022,97.0,1473.52,31.82,70.86,137.1,58.97,68.35,8.01,Borewell,97.47,31.75,4.85,470.45,1864.6,877201.07
1946,Uttar Pradesh,Kanpur,Maize,Kharif,2024,23.87,1332.74,32.05,47.18,88.37,35.88,53.56,7.92,Sprinkler,163.16,15.15,5.58,133.19,1799.37,239658.09
1947,Haryana,Ambala,Cotton,Zaid,2024,82.06,1241.42,31.32,44.3,129.92,32.42,60.67,5.81,Rainfed,99.72,48.88,2.44,200.23,7681.06,1537978.64
1948,Andhra Pradesh,Chittoor,Potato,Kharif,2019,58.24,329.73,35.31,56.03,57.97,98.57,30.56,5.11,Borewell,121.31,39.14,5.81,338.37,2044.15,691679.04
1949,Maharashtra,Kolhapur,Sugarcane,Kharif,2025,32.97,731.47,23.71,46.8,107.43,31.73,126.95,6.64,Sprinkler,183.18,42.31,8.93,294.42,3064.15,902147.04
1950,Tamil Nadu,Salem,Cotton,Rabi,2021,14.14,593.11,22.27,87.5,123.08,51.01,126.91,5.93,Borewell,45.51,56.54,3.51,49.63,5669.85,281394.66
1951,Telangana,Nalgonda,Sugarcane,Rabi,2019,49.99,1664.41,22.24,47.09,75.18,78.71,22.48,5.2,Canal,21.13,16.3,7.88,393.92,4049.98,1595368.12
1952,Maharashtra,Kolhapur,Potato,Rabi,2019,90.95,763.56,34.28,53.22,25.43,46.87,129.36,6.33,Canal,125.7,79.49,6.12,556.61,1981.42,1102878.19
1953,Tamil Nadu,Trichy,Potato,Rabi,2025,21.57,1323.61,37.15,91.05,31.88,28.71,35.75,6.82,Borewell,145.4,3.38,6.33,136.54,2049.68,279863.31
1954,Uttar Pradesh,Meerut,Millet,Rabi,2021,7.77,1694.68,37.18,93.22,75.51,44.47,108.83,6.12,Canal,189.12,77.74,2.9,22.53,2660.92,59950.53
1955,Maharashtra,Kolhapur,Wheat,Kharif,2025,49.89,1452.24,19.2,87.12,65.1,11.69,10.85,5.71,Borewell,227.12,67.66,4.42,220.51,2536.01,559215.57
1956,West Bengal,Hooghly,Wheat,Zaid,2025,20.55,506.16,36.68,90.32,80.38,18.36,144.54,5.75,Rainfed,131.02,45.06,3.33,68.43,2503.03,171282.34
1957,Telangana,Warangal,Sugarcane,Zaid,2023,53.72,557.83,29.45,47.29,123.7,57.43,108.82,6.31,Canal,140.64,43.85,8.07,433.52,3135.01,1359089.54
1958,Telangana,Nalgonda,Cotton,Zaid,2018,93.74,349.33,24.99,67.19,52.16,63.61,55.36,8.05,Borewell,142.36,51.2,3.06,286.84,7036.82,2018441.45
1959,Haryana,Hisar,Onion,Zaid,2024,63.43,1334.48,29.42,68.46,97.98,90.77,74.33,5.03,Rainfed,204.11,51.93,4.68,296.85,2148.62,637817.85
1960,Uttar Pradesh,Kanpur,Millet,Rabi,2021,96.41,882.4,36.72,65.66,127.18,91.98,59.65,7.07,Rainfed,92.9,19.9,2.07,199.57,2948.95,588521.95
1961,Tamil Nadu,Salem,Tomato,Kharif,2021,82.89,451.67,22.38,75.02,85.75,62.56,40.27,6.37,Drip,22.15,52.38,5.52,457.55,2386.16,1091787.51
1962,Punjab,Bathinda,Maize,Rabi,2019,95.99,1139.62,32.35,88.68,38.01,63.83,62.37,6.58,Sprinkler,199.57,53.98,5.49,526.99,1875.61,988427.71
1963,Haryana,Rohtak,Onion,Rabi,2021,80.35,1428.14,31.75,65.5,67.78,23.58,74.59,8.33,Sprinkler,147.34,25.09,5.77,463.62,2245.88,1041234.89
1964,Kerala,Palakkad,Wheat,Zaid,2024,60.05,1040.5,30.13,67.89,28.1,67.53,70.38,6.44,Canal,68.4,64.52,3.78,226.99,2598.61,589858.48
1965,Telangana,Karimnagar,Millet,Kharif,2019,21.87,710.06,34.31,94.95,86.79,22.06,56.32,5.16,Sprinkler,230.18,33.81,2.77,60.58,2806.88,170040.79
1966,Uttar Pradesh,Varanasi,Tomato,Zaid,2022,42.42,1037.41,23.27,44.81,26.02,55.35,45.36,6.67,Drip,123.19,38.97,6.1,258.76,2854.48,738625.24
1967,Uttar Pradesh,Lucknow,Tomato,Zaid,2024,11.5,1651.63,21.03,93.86,127.23,80.99,106.88,7.29,Sprinkler,24.13,35.41,6.38,73.37,2335.91,171385.72
1968,Punjab,Bathinda,Millet,Rabi,2023,83.53,784.77,25.82,81.48,35.36,44.82,133.62,6.42,Borewell,21.59,12.45,2.05,171.24,2675.76,458197.14
1969,Uttar Pradesh,Varanasi,Millet,Kharif,2025,37.76,1488.51,29.66,65.4,39.31,44.32,75.28,6.04,Sprinkler,65.54,28.17,2.31,87.23,2913.97,254185.6
1970,Kerala,Thrissur,Tomato,Rabi,2022,14.54,505.43,34.38,55.7,38.73,97.21,104.25,5.15,Drip,232.79,6.17,6.91,100.47,2274.51,228520.02
1971,Karnataka,Belgaum,Maize,Rabi,2020,87.84,578.23,34.78,75.19,124.35,77.93,47.36,7.82,Drip,174.21,10.03,5.37,471.7,2040.83,962659.51
1972,Kerala,Palakkad,Maize,Kharif,2021,93.66,645.07,24.47,42.03,48.56,40.21,142.08,7.82,Borewell,99.11,31.85,4.48,419.6,2050.08,860213.57
1973,Telangana,Nalgonda,Cotton,Rabi,2025,15.99,480.45,25.04,91.57,118.2,58.12,98.61,5.6,Borewell,146.05,56.79,3.1,49.57,7531.45,373333.98
1974,Maharashtra,Nagpur,Sugarcane,Zaid,2021,92.28,1603.64,34.94,58.9,56.63,40.59,88.44,5.36,Sprinkler,110.53,28.78,8.51,785.3,3365.2,2642691.56
1975,Uttar Pradesh,Lucknow,Tomato,Zaid,2021,2.27,536.63,26.66,40.29,72.09,70.12,32.77,6.57,Drip,69.01,53.51,6.1,13.85,2460.72,34080.97
1976,Andhra Pradesh,Chittoor,Tomato,Rabi,2022,35.46,1166.3,33.0,79.21,88.56,18.13,34.49,6.87,Borewell,203.58,53.0,6.03,213.82,2410.06,515319.03
1977,Haryana,Hisar,Wheat,Rabi,2020,42.67,504.07,32.43,58.05,77.8,84.56,128.95,7.97,Borewell,210.91,76.26,4.89,208.66,2339.29,488116.25
1978,Karnataka,Mandya,Potato,Rabi,2018,68.47,759.05,37.12,67.46,138.61,89.0,106.94,8.13,Borewell,72.78,47.18,6.1,417.67,2036.73,850681.02
1979,Haryana,Karnal,Onion,Kharif,2021,58.29,1384.27,32.48,82.53,111.9,,149.13,7.7,Canal,190.85,56.24,5.86,341.58,2036.59,695658.41
1980,Punjab,Ludhiana,Rice,Zaid,2020,30.24,1459.72,24.74,43.65,105.82,59.74,110.25,6.31,Rainfed,167.77,49.38,4.57,138.2,2530.97,349780.05
1981,Haryana,Hisar,Millet,Zaid,2018,67.77,605.88,33.79,63.76,30.55,69.67,69.27,5.44,Rainfed,166.37,42.47,2.32,157.23,3163.65,497420.69
1982,Punjab,Amritsar,Maize,Zaid,2024,80.49,1475.36,22.05,53.4,73.08,46.83,134.19,7.14,Rainfed,79.64,31.49,3.9,313.91,1909.14,599298.14
1983,Maharashtra,Kolhapur,Maize,Zaid,2021,72.35,1443.46,23.05,75.66,75.45,40.16,137.44,5.48,Drip,241.52,41.34,6.41,463.76,1991.69,923666.15
1984,Maharashtra,Pune,Cotton,Zaid,2020,14.4,1215.77,18.77,60.86,37.31,25.75,108.98,5.59,Drip,23.39,27.38,3.17,45.65,5604.48,255844.51
1985,Punjab,Jalandhar,Tomato,Rabi,2025,43.33,755.95,22.21,47.93,78.05,58.51,70.08,7.32,Canal,170.53,68.68,6.39,276.88,2504.11,693337.98
1986,Uttar Pradesh,Meerut,Tomato,Zaid,2023,65.1,567.48,27.55,61.27,73.99,47.97,28.39,5.46,Drip,79.23,48.66,5.92,385.39,2894.15,1115376.47
1987,Andhra Pradesh,Krishna,Sugarcane,Zaid,2022,1.74,695.34,31.81,90.22,34.32,52.3,60.55,8.41,Borewell,31.72,71.39,7.28,12.67,3072.09,38923.38
1988,West Bengal,Hooghly,Tomato,Rabi,2022,99.84,558.74,31.46,69.52,41.35,52.53,131.86,5.4,Canal,248.85,25.8,6.46,644.97,2360.78,1522632.28
1989,Uttar Pradesh,Kanpur,Cotton,Rabi,2018,89.05,1226.43,19.68,92.44,60.34,34.79,72.17,5.32,Borewell,143.69,70.02,2.93,260.92,6958.48,1815606.6
1990,Uttar Pradesh,Kanpur,Tomato,Zaid,2024,50.77,464.47,19.49,85.33,85.82,58.1,38.41,7.07,Rainfed,102.73,67.4,4.79,243.19,2198.82,534731.04
1991,Telangana,Warangal,Rice,Rabi,2018,36.32,1130.47,20.77,51.48,130.28,39.36,55.28,6.97,Sprinkler,133.88,65.39,4.92,178.69,2547.68,455244.94
1992,Tamil Nadu,Thanjavur,Groundnut,Kharif,2018,78.31,334.45,36.76,84.09,118.58,63.15,82.65,5.04,Borewell,67.78,38.0,2.31,180.9,5150.83,931785.15
1993,Karnataka,Bangalore,Onion,Rabi,2024,93.77,493.68,21.11,70.09,68.09,41.66,115.9,7.24,Sprinkler,186.75,62.11,5.77,541.05,2345.26,1268902.92
1994,Tamil Nadu,Trichy,Cotton,Rabi,2025,17.52,1270.58,29.9,92.41,30.29,58.64,137.33,5.02,Drip,106.53,71.25,3.59,62.9,7490.62,471160.0
1995,Haryana,Ambala,Wheat,Rabi,2022,2.0,843.66,25.23,42.36,100.59,29.21,123.4,5.77,Canal,56.06,48.26,4.29,8.58,2386.73,20478.14
1996,West Bengal,Kolkata,Wheat,Rabi,2023,80.2,822.65,36.26,69.71,61.88,21.83,93.13,7.04,Borewell,62.05,12.84,3.46,277.49,2091.25,580300.96
1997,Andhra Pradesh,Chittoor,Millet,Kharif,2019,56.5,902.99,21.31,52.97,60.31,81.22,83.57,7.01,Rainfed,98.96,56.99,1.68,94.92,3513.91,333540.34
1998,Andhra Pradesh,Kurnool,Rice,Kharif,2020,69.07,1596.76,25.34,65.05,36.83,14.91,66.29,5.19,Sprinkler,216.58,60.02,5.53,381.96,2809.74,1073208.29
1999,Maharashtra,Nashik,Millet,Kharif,2020,67.15,1346.57,18.61,87.95,40.49,12.31,46.39,8.21,Canal,52.91,31.0,2.43,163.17,2596.93,423741.07
2000,West Bengal,Murshidabad,Wheat,Zaid,2019,83.99,1633.67,18.17,55.71,84.08,66.92,139.13,6.79,Rainfed,244.73,8.15,4.62,388.03,2428.12,942183.4
2001,Kerala,Thrissur,Potato,Kharif,2018,56.35,1661.89,34.04,42.96,124.5,28.75,20.01,5.37,Rainfed,98.25,44.35,6.22,350.5,1963.3,688136.65
2002,Kerala,Kollam,Millet,Rabi,2021,33.58,395.46,36.39,66.82,47.51,62.08,22.3,6.48,Drip,170.61,44.4,2.57,86.3,3245.35,280073.7
2003,Telangana,Nalgonda,Maize,Kharif,2019,59.81,405.35,30.19,77.07,118.92,87.51,18.9,7.11,Canal,98.74,77.58,4.76,284.7,2064.3,587706.21
2004,Karnataka,Bangalore,Potato,Rabi,2025,80.76,1101.02,29.98,86.49,84.59,60.63,149.48,5.37,Sprinkler,224.1,26.83,7.68,620.24,2049.15,1270964.8
2005,Karnataka,Bangalore,Cotton,Rabi,2022,81.24,822.69,34.55,61.25,71.87,46.11,46.13,8.47,Canal,58.98,26.58,2.69,218.54,6274.53,1371235.79
2006,Tamil Nadu,Madurai,Potato,Rabi,2025,93.41,1111.15,25.01,85.52,47.61,22.31,147.97,5.06,Drip,42.84,27.27,6.85,639.86,1847.45,1182109.36
2007,Haryana,Rohtak,Millet,Rabi,2018,78.73,1450.11,24.41,88.73,119.55,14.7,91.03,8.5,Sprinkler,192.11,14.05,3.25,255.87,3452.83,883475.61
2008,Karnataka,Hassan,Groundnut,Rabi,2019,62.06,439.26,31.79,93.27,104.83,17.4,10.02,5.42,Sprinkler,120.82,5.59,2.63,163.22,6217.14,1014761.59
2009,Andhra Pradesh,Guntur,Maize,Rabi,2020,25.34,597.16,34.76,49.31,33.21,87.18,25.16,5.48,Sprinkler,126.53,56.73,4.62,117.07,2190.34,256423.1
2010,Haryana,Hisar,Potato,Zaid,2022,44.53,506.09,23.72,47.72,28.95,38.61,69.31,6.63,Sprinkler,23.41,17.57,5.58,248.48,1730.45,429982.22
2011,Andhra Pradesh,Chittoor,Onion,Rabi,2021,43.6,1365.18,36.98,44.29,23.97,42.63,117.82,6.2,Rainfed,234.4,9.85,4.87,212.33,2463.59,523094.06
2012,Telangana,Khammam,Wheat,Zaid,2025,43.83,1342.93,26.19,68.27,82.47,27.04,54.39,5.32,Drip,47.26,51.19,4.29,188.03,2557.51,480888.61
2013,Uttar Pradesh,Lucknow,Wheat,Rabi,2018,26.32,1763.06,27.25,80.34,85.7,72.91,12.81,6.82,Borewell,182.95,79.3,5.03,132.39,2059.5,272657.2
2014,Andhra Pradesh,Krishna,Sugarcane,Kharif,2023,60.55,589.08,26.04,74.6,28.47,43.24,83.41,6.97,Canal,76.52,61.63,7.31,442.62,3082.53,1364389.43
2015,Haryana,Karnal,Potato,Kharif,2024,15.54,,21.64,48.86,63.41,88.03,89.05,7.99,Borewell,166.73,46.14,6.63,103.03,2038.78,210055.5
2016,Uttar Pradesh,Agra,Rice,Zaid,2023,17.18,480.21,18.21,87.81,106.55,47.49,105.35,7.2,Canal,80.19,21.07,4.87,83.67,2657.02,222312.86
2017,Andhra Pradesh,Kurnool,Onion,Kharif,2024,20.06,1080.45,23.91,92.42,41.9,19.7,85.83,6.31,Rainfed,54.37,35.33,4.01,80.44,1935.6,155699.66
2018,Uttar Pradesh,Kanpur,Millet,Zaid,2021,45.11,1229.45,21.13,64.47,122.08,30.88,77.15,7.27,Canal,114.2,71.19,2.6,117.29,3561.77,417760.0
2019,Maharashtra,Pune,Maize,Zaid,2023,34.14,1729.09,22.32,72.58,29.67,77.72,131.74,8.45,Rainfed,29.94,71.1,4.24,144.75,2148.8,311038.8
2020,Uttar Pradesh,Kanpur,Potato,Rabi,2025,71.86,1314.59,22.95,82.86,33.93,82.93,22.69,7.59,Sprinkler,146.02,56.46,6.94,498.71,1932.93,963971.52
2021,Telangana,Nalgonda,Maize,Kharif,2023,2.19,529.58,31.76,55.09,95.84,,29.93,5.61,Rainfed,237.23,28.78,4.75,10.4,2217.76,23064.7
2022,West Bengal,Burdwan,Cotton,Rabi,2023,37.71,1699.12,35.34,58.72,26.92,20.67,74.39,7.53,Borewell,227.1,42.12,3.59,135.38,5581.77,755660.02
2023,West Bengal,Murshidabad,Onion,Zaid,2022,80.79,1564.16,33.44,81.29,32.69,27.83,126.61,7.52,Rainfed,200.31,16.79,5.09,411.22,2111.72,868381.5
2024,Maharashtra,Pune,Onion,Kharif,2024,73.92,539.09,19.73,68.48,127.38,84.91,140.75,8.06,Sprinkler,89.58,40.75,5.45,402.86,2323.45,936025.07
2025,Punjab,Bathinda,Maize,Rabi,2025,83.7,1378.44,26.77,52.91,129.09,79.3,26.81,6.88,Rainfed,39.17,7.98,4.31,360.75,1984.37,715861.48
2026,Haryana,Panipat,Cotton,Zaid,2024,45.48,991.24,32.7,56.94,101.64,96.69,58.84,6.04,Drip,241.16,43.85,3.76,171.0,7373.3,1260834.3
2027,Karnataka,Mandya,Sugarcane,Kharif,2022,9.71,1794.24,23.8,47.63,61.69,22.29,53.62,6.8,Rainfed,117.34,56.65,7.35,71.37,3399.15,242597.34
2028,Haryana,Karnal,Maize,Zaid,2024,92.21,310.3,25.12,40.37,84.57,59.63,87.8,7.53,Borewell,181.25,42.09,4.67,430.62,1708.76,735826.23
2029,Telangana,Warangal,Maize,Rabi,2020,52.69,1533.34,37.59,44.87,65.43,22.97,79.05,5.25,Rainfed,44.67,25.1,4.46,235.0,1976.09,464381.15
2030,West Bengal,Burdwan,Maize,Kharif,2022,93.14,1087.61,28.09,56.13,100.79,70.55,22.3,7.81,Canal,187.81,44.17,5.77,537.42,2198.25,1181383.51
2031,Andhra Pradesh,Krishna,Tomato,Zaid,2018,73.5,369.77,26.97,94.72,35.31,49.89,132.41,6.94,Canal,165.02,33.84,5.8,426.3,2292.58,977326.85
2032,Tamil Nadu,Coimbatore,Groundnut,Zaid,2024,71.15,442.39,18.7,42.04,89.22,87.73,46.43,5.12,Canal,56.56,26.14,2.38,169.34,5600.62,948408.99
2033,Uttar Pradesh,Lucknow,Wheat,Rabi,2022,11.68,1114.69,29.8,66.32,20.97,18.66,105.67,5.92,Canal,78.53,4.29,3.89,45.44,1870.3,84986.43
2034,Punjab,Jalandhar,Rice,Zaid,2018,55.28,1230.51,18.46,83.55,43.07,29.38,46.75,7.02,Borewell,224.48,5.39,4.89,270.32,2390.45,646186.44
2035,Haryana,Panipat,Cotton,Rabi,2025,82.16,1153.45,22.21,43.4,97.45,24.38,56.62,6.15,Canal,146.11,63.07,3.31,271.95,6206.43,1687838.64
2036,Haryana,Hisar,Potato,Rabi,2020,31.15,1343.05,19.35,42.38,133.38,79.64,126.41,6.91,Canal,127.14,26.24,7.35,228.95,1874.9,429258.35
2037,Karnataka,Hassan,Sugarcane,Zaid,2020,65.87,765.21,31.95,88.03,119.65,39.89,121.2,5.24,Rainfed,185.04,32.73,7.51,494.68,3329.11,1646844.13
2038,Punjab,Ludhiana,Sugarcane,Rabi,2019,28.27,784.03,32.58,71.09,100.03,17.86,147.4,5.64,Canal,117.37,68.67,8.25,233.23,3614.14,842925.87
2039,Punjab,Amritsar,Millet,Kharif,2018,97.25,720.48,22.53,88.86,103.41,45.56,46.7,5.5,Canal,46.39,17.51,2.44,237.29,2740.89,650385.79
2040,Andhra Pradesh,Nellore,Groundnut,Rabi,2025,14.28,526.71,37.15,89.75,25.11,45.92,83.09,6.8,Canal,30.78,68.37,1.61,22.99,6853.92,157571.62
2041,West Bengal,Hooghly,Cotton,Kharif,2021,11.79,1388.48,32.51,41.59,129.38,15.07,36.1,5.01,Drip,42.98,64.29,2.88,33.96,7137.59,242392.56
2042,Punjab,Bathinda,Rice,Zaid,2024,11.04,647.61,31.44,46.17,139.49,10.5,31.31,7.95,Sprinkler,97.55,64.52,4.01,44.27,2723.94,120588.82
2043,Tamil Nadu,Salem,Potato,Rabi,2020,84.5,1662.98,19.86,71.6,24.26,84.39,80.91,8.01,Canal,96.48,44.8,6.51,550.1,2107.82,1159511.78
2044,Maharashtra,Nashik,Cotton,Zaid,2022,10.13,898.47,35.51,47.66,53.98,10.87,49.83,6.33,Drip,238.91,16.73,3.29,33.33,7231.24,241017.23
2045,Tamil Nadu,Thanjavur,Potato,Kharif,2020,95.73,1388.11,21.32,94.2,74.01,33.16,12.65,7.35,Canal,156.67,79.44,6.75,646.18,2032.03,1313057.15
2046,Uttar Pradesh,Lucknow,Rice,Rabi,2018,73.08,1052.68,29.64,46.02,131.74,55.58,120.42,5.1,Canal,134.89,28.34,4.76,347.86,2583.19,898588.47
2047,Telangana,Khammam,Millet,Kharif,2019,89.26,1425.22,26.44,75.76,132.48,73.38,86.14,6.31,Canal,194.15,27.78,2.81,250.82,2924.64,733558.2
2048,West Bengal,Burdwan,Tomato,Zaid,2024,52.59,1036.2,21.01,44.51,43.96,86.96,10.42,7.95,Sprinkler,215.28,8.09,6.34,333.42,2916.05,972269.39
2049,Telangana,Hyderabad,Millet,Rabi,2020,24.09,1060.13,22.68,59.11,104.28,96.69,30.16,7.38,Borewell,226.33,13.6,2.36,56.85,3146.24,178863.74
2050,Telangana,Karimnagar,Potato,Kharif,2024,1.58,1672.33,23.91,65.95,110.67,50.56,147.28,7.78,Canal,122.75,18.89,7.6,12.01,1593.14,19133.61
2051,Uttar Pradesh,Lucknow,Tomato,Zaid,2023,30.77,1480.17,28.71,61.56,87.79,67.18,18.72,7.05,Rainfed,58.64,65.73,4.92,151.39,2554.48,386722.73
2052,Haryana,Panipat,Maize,Zaid,2018,70.26,1187.79,32.59,43.11,112.83,30.8,37.43,6.01,Drip,132.29,59.05,5.18,363.95,1921.38,699286.25
2053,Karnataka,Mandya,Groundnut,Zaid,2023,86.37,590.32,34.31,91.56,111.13,38.21,104.74,6.07,Drip,155.19,60.77,2.75,237.52,6815.39,1618791.43
2054,Andhra Pradesh,Chittoor,Wheat,Rabi,2020,30.15,720.31,35.45,45.08,35.86,93.98,69.73,8.19,Borewell,124.98,5.7,3.38,101.91,2431.23,247766.65
2055,Haryana,Panipat,Onion,Kharif,2018,22.97,841.5,21.09,57.9,90.66,81.09,42.31,5.72,Canal,189.14,58.68,5.53,127.02,2487.62,315977.49
2056,Telangana,Hyderabad,Sugarcane,Kharif,2020,97.54,512.56,35.94,88.78,79.24,12.31,49.46,7.84,Drip,113.06,40.39,7.94,774.47,3648.31,2825506.65
2057,West Bengal,Burdwan,Onion,Zaid,2020,14.0,331.54,27.76,51.62,22.83,67.83,57.22,6.74,Drip,167.88,15.61,5.7,79.8,2062.43,164581.91
2058,Kerala,Kollam,Tomato,Zaid,2018,6.17,1540.29,35.22,87.56,60.97,24.63,76.52,5.91,Canal,33.81,12.44,5.68,35.05,2571.18,90119.86
2059,Andhra Pradesh,Krishna,Sugarcane,Zaid,2021,78.16,694.18,34.24,91.04,37.19,39.02,126.51,5.61,Canal,168.98,47.47,8.17,638.57,3899.9,2490359.14
2060,West Bengal,Hooghly,Onion,Zaid,2019,37.06,1572.73,18.64,47.64,132.72,15.02,108.18,6.28,Sprinkler,137.12,52.56,5.81,215.32,2251.64,484823.12
2061,Tamil Nadu,Trichy,Potato,Kharif,2025,9.5,849.84,35.6,85.38,42.25,70.8,21.03,6.48,Borewell,59.52,37.68,5.76,54.72,1902.92,104127.78
2062,Telangana,Khammam,Wheat,Rabi,2022,82.67,712.86,29.73,50.43,104.31,32.35,65.65,8.25,Rainfed,246.15,31.01,3.52,291.0,2568.26,747363.66
2063,Andhra Pradesh,Krishna,Groundnut,Kharif,2021,48.81,1740.81,26.33,90.04,40.43,35.33,48.28,5.35,Drip,72.24,17.98,2.93,143.01,5404.29,772867.51
2064,Andhra Pradesh,Krishna,Wheat,Zaid,2025,7.39,1529.49,23.22,84.79,74.85,37.07,93.67,7.84,Drip,205.61,34.54,5.57,41.16,2069.92,85197.91
2065,Maharashtra,Nashik,Wheat,Kharif,2025,26.66,563.07,29.91,,47.24,46.68,61.95,7.53,Canal,44.12,26.47,3.34,89.04,2553.44,227358.3
2066,Tamil Nadu,Salem,Millet,Rabi,2022,23.7,1589.43,19.48,56.21,102.61,88.77,24.68,6.59,Sprinkler,241.4,37.44,3.08,73.0,3370.46,246043.58
2067,Haryana,Panipat,Tomato,Kharif,2025,63.03,900.68,23.53,56.73,68.59,79.43,29.8,5.55,Canal,174.36,4.15,6.35,400.24,2630.88,1052983.41
2068,Karnataka,Mysore,Potato,Zaid,2019,99.72,627.12,33.37,73.53,118.27,68.25,40.98,6.68,Borewell,232.15,71.33,6.92,690.06,1848.83,1275803.63
2069,Karnataka,Bangalore,Onion,Rabi,2023,9.49,1659.97,35.25,44.77,50.76,65.03,32.36,6.37,Rainfed,224.07,33.84,5.17,49.06,2542.78,124748.79
2070,Haryana,Ambala,Potato,Kharif,2023,26.85,1414.75,31.57,44.09,32.52,62.69,149.69,5.61,Sprinkler,82.8,59.58,6.59,176.94,2093.47,370418.58
2071,Punjab,Patiala,Sugarcane,Zaid,2025,65.84,1222.29,23.78,87.53,48.1,57.17,106.02,5.76,Sprinkler,247.57,52.88,9.42,620.21,3044.38,1888154.92
2072,Andhra Pradesh,Chittoor,Wheat,Rabi,2019,11.54,532.97,24.83,71.59,77.81,46.81,76.74,5.37,Sprinkler,42.32,12.83,3.51,40.51,2017.34,81722.44
2073,Karnataka,Belgaum,Potato,Rabi,2018,49.48,1229.64,27.05,42.6,98.84,18.95,119.92,7.27,Canal,69.45,46.6,6.33,313.21,2064.45,646606.38
2074,Karnataka,Mandya,Cotton,Zaid,2023,19.25,924.21,34.91,80.26,126.66,41.63,98.74,7.22,Drip,214.3,79.73,3.97,76.42,7703.55,588705.29
2075,Telangana,Karimnagar,Wheat,Zaid,2021,62.99,1384.48,27.9,84.3,114.53,44.19,44.57,5.08,Rainfed,152.89,79.19,4.07,256.37,1894.71,485746.8
2076,Haryana,Hisar,Millet,Rabi,2025,57.12,317.7,37.07,84.98,52.22,28.46,30.6,7.44,Drip,191.75,52.43,2.66,151.94,3354.2,509637.15
2077,Telangana,Khammam,Groundnut,Kharif,2020,63.47,1171.58,31.59,92.76,129.5,11.28,121.23,7.99,Borewell,53.98,50.53,1.97,125.04,6666.66,833599.17
2078,Andhra Pradesh,Krishna,Cotton,Kharif,2024,61.47,849.19,20.31,46.42,52.87,27.85,37.82,5.46,Canal,41.09,25.45,3.09,189.94,5909.68,1122484.62
2079,West Bengal,Murshidabad,Potato,Rabi,2024,36.35,1654.61,32.62,62.32,95.21,97.89,44.39,8.23,Borewell,60.14,61.26,6.36,231.19,1747.5,404004.53
2080,Haryana,Ambala,Sugarcane,Zaid,2025,84.43,927.54,35.86,92.23,85.55,61.92,101.15,5.01,Sprinkler,104.79,44.93,8.74,737.92,3486.47,2572735.94
2081,Tamil Nadu,Madurai,Sugarcane,Zaid,2021,71.01,1324.91,37.85,90.56,120.98,33.02,97.14,5.21,Sprinkler,202.59,67.78,9.4,667.49,3377.39,2254374.05
2082,Kerala,Palakkad,Millet,Rabi,2024,84.27,562.17,21.56,79.63,38.97,59.99,126.9,5.94,Borewell,153.19,52.43,2.74,230.9,2592.46,598599.01
2083,Uttar Pradesh,Varanasi,Groundnut,Zaid,2024,6.71,1637.13,25.56,86.94,139.6,94.95,103.98,6.51,Rainfed,201.18,41.47,2.08,13.96,5691.2,79449.15
2084,Tamil Nadu,Salem,Sugarcane,Rabi,2023,96.66,1715.53,33.54,59.8,70.95,90.73,130.09,5.44,Sprinkler,94.48,26.22,8.99,868.97,3955.47,3437184.77
2085,Kerala,Kollam,Sugarcane,Kharif,2021,8.39,1400.98,18.14,62.75,119.43,15.61,105.29,6.01,Borewell,112.11,48.27,7.96,66.78,3078.49,205581.56
2086,Andhra Pradesh,Kurnool,Onion,Kharif,2021,54.91,1527.26,20.59,62.81,89.77,18.19,56.52,8.43,Rainfed,45.64,40.12,4.42,242.7,2410.92,585130.28
2087,West Bengal,Burdwan,Onion,Zaid,2019,49.89,1157.0,28.06,91.73,70.89,10.61,28.68,7.03,Rainfed,97.15,48.11,4.2,209.54,2416.29,506309.41
2088,Haryana,Panipat,Millet,Rabi,2024,66.06,1092.67,36.18,64.79,98.78,16.09,119.38,6.79,Rainfed,110.21,65.29,2.08,137.4,2821.78,387712.57
2089,Maharashtra,Kolhapur,Cotton,Zaid,2019,91.69,930.88,22.26,79.02,29.22,77.72,116.71,5.95,Borewell,108.01,12.22,2.71,248.48,7522.11,1869093.89
2090,Andhra Pradesh,Kurnool,Maize,Kharif,2025,68.56,1008.01,19.65,72.39,110.08,98.84,26.73,5.95,Borewell,178.4,4.92,5.31,364.05,2004.45,729720.02
2091,Andhra Pradesh,Guntur,Groundnut,Kharif,2024,50.89,862.29,21.39,76.81,94.81,99.77,148.16,6.24,Canal,166.1,21.0,3.05,155.21,6498.99,1008708.24
2092,Andhra Pradesh,Krishna,Sugarcane,Zaid,2024,29.84,1609.24,34.58,66.93,51.97,30.12,44.62,6.88,Borewell,118.26,2.23,8.22,245.28,3724.78,913614.04
2093,Tamil Nadu,Madurai,Millet,Rabi,2020,84.94,1456.52,30.86,89.0,126.15,10.86,36.22,6.48,Drip,62.58,13.09,2.6,220.84,3208.11,708479.01
2094,Andhra Pradesh,Kurnool,Potato,Zaid,2020,56.29,950.3,22.05,69.99,86.78,22.2,60.57,7.33,Borewell,199.83,5.45,7.12,400.78,1604.91,643215.83
2095,Andhra Pradesh,Chittoor,Maize,Kharif,2024,47.63,526.09,22.79,92.02,109.13,10.1,98.44,6.73,Sprinkler,38.57,31.43,4.11,195.76,1671.97,327304.85
2096,Uttar Pradesh,Varanasi,Tomato,Kharif,2019,17.22,1182.94,34.33,80.14,112.39,95.23,94.19,5.54,Borewell,226.91,62.01,6.72,115.72,2670.43,309022.16
2097,Uttar Pradesh,Meerut,Millet,Zaid,2018,99.53,873.96,26.62,78.82,137.19,70.32,102.39,8.22,Drip,126.76,76.18,2.45,243.85,2989.91,729089.55
2098,Kerala,Palakkad,Groundnut,Rabi,2025,68.55,1127.53,23.88,86.03,78.78,98.84,49.69,6.85,Sprinkler,204.39,20.47,2.51,172.06,5931.38,1020553.24
2099,Maharashtra,Pune,Potato,Rabi,2024,97.34,1252.7,37.86,87.7,106.75,57.05,69.16,7.42,Drip,95.91,34.31,7.08,689.17,1541.8,1062562.31
2100,Punjab,Bathinda,Potato,Rabi,2020,67.99,318.84,35.44,61.92,54.19,22.21,45.03,6.27,Rainfed,78.58,62.92,5.22,354.91,1643.39,583255.54
2101,Haryana,Rohtak,Millet,Zaid,2024,45.12,1377.36,37.98,92.41,109.57,78.33,130.76,8.33,Canal,125.91,53.47,2.69,121.37,3029.02,367632.16
2102,Telangana,Khammam,Potato,Zaid,2019,37.98,569.49,22.44,79.35,67.93,36.31,33.62,7.03,Borewell,131.25,41.54,6.13,232.82,1946.57,453200.43
2103,Karnataka,Mandya,Rice,Zaid,2021,71.32,1657.04,28.59,93.22,93.13,13.5,95.72,5.31,Sprinkler,215.94,70.1,5.21,371.58,2466.92,916658.13
2104,Andhra Pradesh,Nellore,Rice,Rabi,2025,71.24,746.27,27.42,81.51,44.2,21.47,83.92,5.02,Borewell,129.48,29.85,3.99,284.25,2857.63,812281.33
2105,Punjab,Bathinda,Potato,Kharif,2024,88.45,1219.02,33.6,51.2,97.26,55.51,149.55,6.32,Rainfed,132.51,14.3,6.04,534.24,1973.85,1054509.62
2106,Telangana,Khammam,Groundnut,Rabi,2024,99.58,780.6,33.53,53.29,65.63,,60.57,5.83,Rainfed,52.7,15.89,2.09,208.12,5696.42,1185538.93
2107,Punjab,Jalandhar,Millet,Zaid,2019,12.79,344.38,18.31,46.23,36.25,77.68,133.97,5.98,Canal,168.84,29.32,1.93,24.68,3144.6,77608.73
2108,Tamil Nadu,Salem,Millet,Zaid,2020,96.18,592.66,23.5,75.83,104.5,79.58,27.4,7.28,Drip,171.2,6.4,2.53,243.34,3401.15,827635.84
2109,Maharashtra,Nashik,Rice,Kharif,2022,23.38,553.0,25.28,53.48,107.4,22.78,33.52,7.02,Canal,219.05,39.26,4.67,109.18,2429.44,265246.26
2110,West Bengal,Burdwan,Potato,Zaid,2024,55.79,1109.33,24.18,87.86,32.51,34.85,49.67,8.06,Borewell,84.08,64.51,6.03,336.41,1982.69,666996.74
2111,Tamil Nadu,Coimbatore,Onion,Zaid,2019,2.51,1677.89,33.4,72.48,40.24,71.8,144.82,6.09,Rainfed,203.47,24.56,5.67,14.23,2466.79,35102.42
2112,Punjab,Jalandhar,Groundnut,Zaid,2020,51.65,1259.98,34.73,79.37,47.35,86.75,114.95,6.81,Sprinkler,210.5,59.9,3.34,172.51,6668.18,1150327.73
2113,Maharashtra,Kolhapur,Onion,Zaid,2018,88.19,488.24,30.91,88.9,74.04,48.09,55.33,6.68,Canal,223.69,51.68,5.61,494.75,2356.68,1165967.43
2114,Kerala,Palakkad,Potato,Zaid,2022,1.72,759.11,24.55,75.19,69.47,50.12,52.27,6.2,Drip,50.11,20.87,6.22,10.7,1629.43,17434.9
2115,Tamil Nadu,Madurai,Groundnut,Rabi,2025,92.75,828.68,34.41,92.7,54.07,68.21,99.03,5.39,Rainfed,194.42,35.2,2.32,215.18,6492.48,1397051.85
2116,Kerala,Palakkad,Rice,Rabi,2022,56.52,871.91,33.94,62.08,131.54,71.6,97.0,7.65,Canal,171.03,6.89,4.21,237.95,2843.28,676558.48
2117,Haryana,Panipat,Maize,Kharif,2023,90.57,568.38,30.24,84.56,80.01,61.21,65.0,5.89,Drip,212.11,41.7,5.75,520.78,1625.53,846543.51
2118,Punjab,Jalandhar,Millet,Kharif,2024,19.78,369.13,18.54,40.62,76.3,62.31,97.43,7.56,Canal,94.17,35.78,2.21,43.71,2643.88,115563.99
2119,Uttar Pradesh,Meerut,Groundnut,Kharif,2018,56.52,686.14,29.76,67.74,47.17,59.46,19.83,5.26,Rainfed,88.5,51.37,2.07,117.0,5546.66,648959.22
2120,Karnataka,Bangalore,Groundnut,Kharif,2024,71.53,408.93,31.55,51.03,25.7,65.09,15.07,7.59,Drip,228.52,42.71,3.02,216.02,6766.01,1461593.48
2121,Tamil Nadu,Trichy,Rice,Zaid,2023,2.01,1078.05,33.41,83.54,29.09,60.2,76.86,5.75,Drip,61.36,4.38,4.29,8.62,2702.57,23296.15
2122,Karnataka,Mandya,Wheat,Zaid,2025,1.78,1310.52,35.93,76.95,116.75,70.18,116.31,8.03,Rainfed,201.75,11.69,3.73,6.64,1973.94,13106.96
2123,Tamil Nadu,Trichy,Tomato,Zaid,2025,63.69,476.74,18.48,91.65,112.9,44.58,123.48,7.63,Sprinkler,42.75,64.29,5.06,322.27,2602.73,838781.8
2124,West Bengal,Nadia,Potato,Rabi,2023,21.38,531.26,20.04,56.16,84.28,49.33,135.03,7.51,Rainfed,183.11,67.97,5.86,125.29,1971.63,247025.52
2125,West Bengal,Hooghly,Tomato,Zaid,2025,51.97,1408.29,35.87,75.76,94.6,44.79,40.36,8.24,Sprinkler,249.26,50.56,6.95,361.19,2588.77,935037.84
2126,Kerala,Kannur,Rice,Zaid,2022,4.18,1228.95,18.04,67.45,113.13,94.86,138.12,8.29,Drip,41.14,50.24,4.96,20.73,2507.91,51988.97
2127,Karnataka,Mysore,Sugarcane,Kharif,2021,94.06,505.25,18.85,84.12,41.19,52.96,65.38,6.7,Canal,99.05,52.54,7.87,740.25,3650.54,2702312.23
2128,Uttar Pradesh,Lucknow,Cotton,Kharif,2023,69.7,1539.02,30.47,51.38,93.85,68.11,79.68,8.18,Borewell,247.68,13.37,3.64,253.71,6759.6,1714978.12
2129,Andhra Pradesh,Kurnool,Tomato,Rabi,2018,65.57,1190.98,37.21,45.01,130.3,95.47,128.44,8.0,Canal,196.46,12.85,6.77,443.91,2327.04,1032996.33
2130,Telangana,Khammam,Maize,Rabi,2022,87.25,1120.29,22.76,76.96,107.01,53.82,75.77,8.09,Borewell,99.87,40.21,5.01,437.12,2263.26,989316.21
2131,Kerala,Kollam,Potato,Zaid,2021,32.36,1548.67,24.05,85.11,131.86,47.65,87.17,8.17,Canal,206.66,22.17,7.8,252.41,1944.31,490763.29
2132,Haryana,Panipat,Potato,Zaid,2021,82.13,526.91,18.02,76.4,138.12,24.68,87.34,7.34,Canal,181.91,7.7,6.61,542.88,1834.74,996043.65
2133,West Bengal,Kolkata,Maize,Zaid,2019,14.96,1258.76,26.94,46.19,45.31,16.98,149.57,5.94,Canal,212.35,10.27,5.14,76.89,2097.96,161312.14
2134,Maharashtra,Nagpur,Groundnut,Rabi,2022,15.72,536.51,28.94,82.84,83.72,27.62,99.49,5.46,Canal,215.27,10.4,2.84,44.64,6076.78,271267.46
2135,Maharashtra,Satara,Rice,Zaid,2023,96.16,537.14,20.36,45.11,117.55,66.48,80.95,7.56,Borewell,29.51,15.56,3.72,357.72,2211.13,790965.42
2136,Andhra Pradesh,Nellore,Sugarcane,Kharif,2022,58.84,1691.49,37.33,64.57,55.89,46.06,65.48,6.91,Sprinkler,35.54,43.32,8.03,472.49,3894.17,1839956.38
2137,Uttar Pradesh,Lucknow,Groundnut,Rabi,2023,78.8,1707.06,37.53,44.21,63.11,94.73,100.84,8.12,Borewell,119.02,78.18,2.34,184.39,5153.06,950172.73
2138,Andhra Pradesh,Chittoor,Maize,Zaid,2023,77.32,590.77,25.69,74.64,51.19,87.29,123.59,7.76,Drip,187.64,32.2,5.21,402.84,1681.97,677564.79
2139,Punjab,Jalandhar,Tomato,Rabi,2021,13.17,961.23,29.19,76.08,37.8,56.71,140.61,6.88,Canal,71.0,30.88,5.31,69.93,2478.9,173349.48
2140,Haryana,Rohtak,Wheat,Rabi,2019,50.31,467.53,18.4,67.92,53.87,39.24,21.53,6.26,Sprinkler,158.13,73.45,3.79,190.67,2261.59,431217.37
2141,Haryana,Ambala,Rice,Zaid,2025,26.27,1557.14,25.9,83.44,77.31,30.92,93.96,5.92,Sprinkler,106.59,73.88,4.92,129.25,2667.15,344729.14
2142,Punjab,Patiala,Cotton,Kharif,2018,72.1,398.36,25.65,73.9,55.44,46.58,84.68,6.7,Sprinkler,192.27,21.16,2.68,193.23,7345.96,1419459.85
2143,Kerala,Kannur,Tomato,Rabi,2024,47.45,930.8,21.23,83.84,41.96,94.43,144.86,6.79,Borewell,172.25,36.8,6.58,312.22,2777.56,867209.78
2144,Punjab,Patiala,Potato,Zaid,2025,34.05,1388.85,31.6,43.76,87.58,32.48,101.65,5.47,Drip,101.52,38.35,7.34,249.93,1570.45,392502.57
2145,Kerala,Palakkad,Groundnut,Kharif,2019,98.18,933.16,30.65,71.49,22.03,65.89,133.14,7.69,Rainfed,224.69,73.73,2.35,230.72,6329.3,1460296.1
2146,Kerala,Palakkad,Tomato,Rabi,2025,27.14,942.23,19.42,49.64,137.16,40.1,98.2,8.46,Canal,145.66,45.05,5.95,161.48,2931.65,473402.84
2147,Uttar Pradesh,Agra,Maize,Kharif,2024,89.66,1366.6,29.42,40.51,78.2,73.06,72.69,6.66,Canal,99.99,65.36,4.89,438.44,2177.79,954830.25
2148,Haryana,Rohtak,Rice,Rabi,2019,81.32,1502.73,22.77,90.4,36.83,14.19,23.05,6.03,Drip,118.8,50.92,5.0,406.6,2731.8,1110749.88
2149,West Bengal,Nadia,Onion,Rabi,2023,13.42,875.08,32.3,69.69,68.9,48.98,58.84,7.45,Canal,26.19,19.13,4.46,59.85,2421.24,144911.21
2150,Maharashtra,Satara,Millet,Rabi,2024,26.93,1462.68,31.12,94.71,84.84,79.35,76.53,6.09,Borewell,239.76,4.88,2.76,74.33,2856.65,212334.79
2151,Punjab,Amritsar,Cotton,Kharif,2024,65.02,1033.55,28.7,47.23,67.84,38.42,118.11,5.21,Drip,43.77,50.79,3.1,201.56,6407.52,1291499.73
2152,Kerala,Palakkad,Onion,Zaid,2025,56.42,1415.05,30.87,44.75,45.04,44.96,119.51,8.31,Rainfed,177.58,65.86,4.85,273.64,2075.08,567824.89
2153,Kerala,Kollam,Potato,Zaid,2022,34.23,690.39,27.42,54.73,88.12,17.11,140.21,5.95,Canal,130.86,51.33,6.8,232.76,1953.9,454789.76
2154,Haryana,Karnal,Wheat,Zaid,2020,50.63,1169.04,20.14,80.92,62.98,17.12,94.66,5.09,Sprinkler,84.66,7.22,3.77,190.88,2095.89,400063.48
2155,Punjab,Bathinda,Tomato,Kharif,2019,94.88,1761.49,32.63,91.25,133.5,89.14,148.74,6.32,Drip,92.55,49.19,7.15,678.39,2631.91,1785461.42
2156,Uttar Pradesh,Lucknow,Maize,Rabi,2025,42.19,1491.24,20.83,85.2,136.71,23.53,136.93,6.19,Drip,179.81,35.92,5.6,236.26,1907.38,450637.6
2157,Haryana,Ambala,Potato,Zaid,2018,7.03,1576.58,26.72,46.48,28.58,12.89,37.65,6.06,Sprinkler,245.68,5.18,7.6,53.43,1623.87,86763.37
2158,Haryana,Karnal,Onion,Kharif,2025,84.54,1300.91,19.89,54.34,28.75,44.41,82.01,8.37,Rainfed,243.91,68.76,4.99,421.85,2064.05,870719.49
2159,Maharashtra,Pune,Wheat,Zaid,2021,24.23,473.23,25.24,63.78,38.34,61.15,24.37,5.71,Sprinkler,77.82,17.15,3.96,95.95,1880.75,180457.96
2160,Maharashtra,Nashik,Tomato,Kharif,2022,28.37,1265.85,20.63,42.38,86.27,30.64,126.43,7.57,Canal,86.26,57.32,5.96,169.09,2583.53,436849.09
2161,Tamil Nadu,Thanjavur,Millet,Kharif,2019,46.75,534.96,25.42,56.81,81.85,97.32,32.5,5.88,Rainfed,217.95,2.47,2.17,101.45,3576.76,362862.3
2162,Uttar Pradesh,Kanpur,Cotton,Rabi,2022,38.83,1666.12,31.15,75.18,133.75,26.06,79.08,8.3,Drip,244.89,30.58,3.72,144.45,7502.61,1083752.01
2163,Punjab,Amritsar,Onion,Kharif,2019,24.68,1553.14,22.87,46.71,129.97,29.34,110.99,7.07,Drip,166.72,77.26,5.72,141.17,2567.43,362444.09
2164,Punjab,Amritsar,Rice,Rabi,2024,95.07,351.14,24.89,53.22,107.21,31.01,94.93,8.21,Rainfed,57.49,26.72,3.15,299.47,2537.23,759824.27
2165,Telangana,Karimnagar,Potato,Kharif,2023,28.95,983.15,26.85,59.74,98.34,43.04,118.5,8.16,Rainfed,221.98,10.11,5.97,172.83,1720.78,297402.41
2166,Maharashtra,Kolhapur,Cotton,Rabi,2020,70.53,1145.46,35.71,63.17,123.01,45.37,118.13,5.9,Rainfed,51.28,37.7,2.18,153.76,7142.18,1098181.6
2167,Karnataka,Bangalore,Onion,Zaid,2020,49.76,848.71,34.87,42.04,28.76,92.73,76.54,6.11,Canal,154.62,58.42,5.29,263.23,2431.81,640125.35
2168,Kerala,Thrissur,Millet,Rabi,2021,30.2,1476.93,30.64,75.34,33.83,57.06,144.32,6.27,Rainfed,65.76,62.98,1.46,44.09,3391.27,149521.09
2169,Telangana,Warangal,Onion,Kharif,2025,62.92,752.91,30.45,64.51,76.93,11.36,20.34,5.57,Canal,20.04,48.54,4.57,287.54,2401.26,690458.3
2170,West Bengal,Burdwan,Maize,Kharif,2018,22.33,752.54,30.05,76.45,29.42,42.92,66.3,5.95,Canal,248.98,36.64,5.32,118.8,1981.6,235414.08
2171,Uttar Pradesh,Meerut,Millet,Zaid,2020,73.31,923.43,21.41,81.48,129.65,67.97,89.01,5.25,Borewell,60.35,37.98,2.63,192.81,2917.39,562501.97
2172,Haryana,Ambala,Maize,Kharif,2023,31.33,431.49,36.72,45.01,101.89,26.02,138.4,7.94,Rainfed,29.86,44.79,3.57,111.85,2237.15,250225.23
2173,Punjab,Ludhiana,Millet,Rabi,2022,95.53,349.22,28.29,72.82,69.63,84.73,72.21,5.59,Drip,200.41,57.04,2.51,239.78,2942.8,705624.58
2174,Maharashtra,Satara,Millet,Kharif,2019,22.0,1152.14,31.71,48.79,118.57,13.49,79.42,6.39,Sprinkler,47.92,33.4,2.46,54.12,2608.21,141156.33
2175,Kerala,Thrissur,Groundnut,Rabi,2023,99.39,1596.3,30.64,93.46,62.82,47.93,68.7,8.01,Canal,148.37,9.59,2.8,278.29,5837.76,1624590.23
2176,Kerala,Palakkad,Maize,Kharif,2018,35.18,605.23,23.09,78.28,67.15,37.21,64.54,6.08,Borewell,220.59,24.07,5.29,186.1,1778.26,330934.19
2177,Andhra Pradesh,Krishna,Tomato,Kharif,2018,49.15,383.34,20.77,58.91,68.83,31.37,90.04,7.74,Rainfed,26.17,54.87,3.72,182.84,2161.67,395239.74
2178,Maharashtra,Satara,Millet,Rabi,2025,51.55,469.04,36.36,46.96,84.69,78.13,63.5,5.48,Sprinkler,216.2,52.56,2.81,144.86,2914.96,422261.11
2179,Haryana,Ambala,Millet,Zaid,2019,11.58,686.49,34.05,81.85,38.03,59.89,143.58,8.07,Borewell,223.87,74.36,2.68,31.03,3189.69,98976.08
2180,Uttar Pradesh,Agra,Wheat,Kharif,2021,99.99,787.49,34.87,70.82,77.56,94.99,106.8,6.26,Canal,74.96,45.33,3.71,370.96,2508.3,930478.97
2181,Punjab,Bathinda,Maize,Zaid,2023,57.98,927.86,36.91,65.44,21.57,14.59,103.62,7.06,Sprinkler,196.28,25.09,5.06,293.38,1855.35,544322.58
2182,Karnataka,Bangalore,Maize,Kharif,2020,16.23,1236.12,27.07,74.56,82.13,39.56,103.79,7.93,Rainfed,173.81,60.95,4.57,74.17,2134.67,158328.47
2183,Uttar Pradesh,Lucknow,Rice,Rabi,2024,69.09,1691.3,20.7,51.43,130.66,75.15,55.79,7.27,Drip,131.94,67.09,5.56,384.14,2366.74,909159.5
2184,Maharashtra,Pune,Sugarcane,Zaid,2022,15.22,1159.52,30.8,64.74,137.52,46.2,52.94,5.53,Rainfed,80.12,51.5,6.94,105.63,3421.23,361384.52
2185,Telangana,Warangal,Maize,Rabi,2023,27.83,1375.68,20.44,51.76,57.59,24.69,90.84,5.75,Canal,135.53,27.64,4.95,137.76,1770.01,243836.58
2186,Punjab,Bathinda,Groundnut,Kharif,2024,71.55,1796.29,24.68,54.37,112.14,83.98,13.69,5.21,Drip,28.25,35.1,2.83,202.49,6937.51,1404776.4
2187,Punjab,Jalandhar,Cotton,Zaid,2024,4.2,713.33,32.79,43.13,99.0,45.31,108.65,7.66,Borewell,107.04,2.45,3.09,12.98,7690.66,99824.77
2188,Andhra Pradesh,Chittoor,Maize,Kharif,2023,46.53,1350.82,27.85,80.9,78.87,31.5,81.5,7.38,Borewell,198.57,18.64,5.31,247.07,1812.14,447725.43
2189,Maharashtra,Pune,Sugarcane,Rabi,2018,37.09,1523.13,25.89,79.16,77.33,26.3,47.93,6.47,Drip,85.05,56.6,8.94,331.58,3190.82,1058012.1
2190,Uttar Pradesh,Agra,Cotton,Rabi,2022,42.05,1620.21,18.28,77.48,23.02,75.27,149.84,7.24,Borewell,230.12,30.05,3.72,156.43,7177.88,1122835.77
2191,Telangana,Warangal,Tomato,Zaid,2025,64.48,1425.06,21.57,87.06,88.78,54.01,45.82,6.66,Sprinkler,152.62,66.22,6.15,396.55,2205.29,874507.75
2192,Karnataka,Bangalore,Wheat,Rabi,2024,85.77,538.29,33.47,46.6,58.07,37.09,19.25,5.54,Rainfed,214.13,50.67,3.55,304.48,2095.95,638174.86
2193,Karnataka,Bangalore,Potato,Kharif,2020,7.05,1695.79,37.85,56.59,58.48,58.63,74.4,7.74,Borewell,210.95,4.75,7.27,51.25,1979.15,101431.44
2194,Maharashtra,Nashik,Groundnut,Kharif,2018,31.48,1518.77,32.77,65.38,103.36,15.2,80.01,8.47,Sprinkler,76.79,15.43,2.35,73.98,5611.16,415113.62
2195,Punjab,Ludhiana,Groundnut,Zaid,2024,53.1,490.54,23.69,90.55,71.84,79.03,30.74,8.27,Drip,66.94,11.3,2.47,131.16,5432.17,712483.42
2196,Haryana,Panipat,Potato,Zaid,2025,2.0,1541.26,33.39,68.5,122.95,59.01,141.2,5.11,Borewell,33.31,35.12,6.57,13.14,2122.4,27888.34
2197,Punjab,Bathinda,Groundnut,Kharif,2022,53.24,1431.16,31.71,87.04,44.34,62.54,116.03,5.9,Borewell,242.48,2.49,2.49,132.57,5521.18,731942.83
2198,Kerala,Kochi,Cotton,Rabi,2024,47.19,1157.62,28.6,45.36,21.84,90.27,138.9,7.57,Canal,191.15,74.68,3.5,165.16,5885.66,972075.61
2199,Telangana,Khammam,Onion,Rabi,2020,95.35,1039.01,37.04,54.23,134.18,52.85,130.9,5.21,Sprinkler,131.11,76.04,5.77,550.17,2451.45,1348714.25
2200,Telangana,Warangal,Rice,Zaid,2021,8.27,593.17,37.59,63.29,61.52,76.33,102.27,7.72,Drip,118.65,75.68,4.58,37.88,2442.91,92537.43
2201,Maharashtra,Kolhapur,Potato,Kharif,2024,79.14,1317.11,37.72,88.9,51.4,33.57,133.51,7.05,Canal,183.28,27.59,7.55,597.51,1716.78,1025793.22
2202,Telangana,Khammam,Onion,Rabi,2023,34.28,668.41,32.29,70.31,100.19,89.63,53.4,7.84,Borewell,27.83,18.02,4.64,159.06,1897.1,301752.73
2203,Maharashtra,Kolhapur,Cotton,Zaid,2018,32.54,1648.26,18.56,65.99,109.83,94.96,41.73,6.86,Rainfed,24.42,15.3,2.55,82.98,5949.0,493648.02
2204,Maharashtra,Nagpur,Cotton,Rabi,2025,24.01,1729.77,26.1,45.28,124.24,15.9,33.31,7.03,Drip,187.69,6.89,3.41,81.87,7673.98,628268.74
2205,Andhra Pradesh,Guntur,Cotton,Rabi,2021,32.32,,18.07,43.37,84.99,17.52,146.09,6.44,Drip,34.95,68.34,2.54,82.09,5892.95,483752.27
2206,Tamil Nadu,Thanjavur,Maize,Zaid,2018,54.81,472.27,34.76,44.13,48.53,50.11,120.57,5.87,Sprinkler,126.84,15.86,4.67,255.96,1755.44,449322.42
2207,Haryana,Hisar,Wheat,Kharif,2025,69.65,1058.03,20.37,55.44,124.33,97.14,99.25,6.23,Borewell,163.86,21.01,4.31,300.19,2193.51,658469.77
2208,Tamil Nadu,Madurai,Rice,Zaid,2023,73.56,1721.21,20.82,75.97,90.62,81.62,33.57,7.29,Borewell,110.91,70.35,4.79,352.35,2067.51,728487.15
2209,Telangana,Karimnagar,Potato,Zaid,2023,88.13,1223.93,21.97,87.4,138.68,22.12,59.86,6.09,Drip,30.22,23.42,6.77,596.64,1980.67,1181746.95
2210,Telangana,Karimnagar,Groundnut,Rabi,2021,81.79,401.77,20.67,89.31,31.92,32.05,143.4,5.3,Canal,83.47,59.88,2.11,172.58,6183.23,1067101.83
2211,Karnataka,Mandya,Groundnut,Rabi,2022,93.89,942.7,24.84,57.13,116.92,94.44,73.73,5.3,Rainfed,116.74,71.25,2.66,249.75,5283.51,1319556.62
2212,Andhra Pradesh,Chittoor,Groundnut,Rabi,2020,89.09,394.6,23.49,91.78,58.15,45.66,106.69,5.13,Borewell,156.3,44.48,2.53,225.4,5110.26,1151852.6
2213,Telangana,Hyderabad,Groundnut,Zaid,2021,4.91,1515.26,29.02,44.52,30.62,48.59,70.84,6.95,Borewell,20.29,52.74,2.67,13.11,5078.86,66583.85
2214,Telangana,Nalgonda,Cotton,Rabi,2024,4.79,985.98,20.44,66.13,70.39,44.05,79.55,5.26,Borewell,241.54,49.19,3.62,17.34,7638.7,132455.06
2215,Karnataka,Bangalore,Sugarcane,Rabi,2023,66.98,341.14,34.31,50.82,82.11,38.64,16.09,8.43,Sprinkler,249.79,32.57,8.44,565.31,3606.1,2038564.39
2216,Uttar Pradesh,Varanasi,Sugarcane,Zaid,2020,77.72,427.86,21.37,64.3,123.81,14.22,63.29,5.35,Rainfed,46.01,43.46,5.74,446.11,4097.44,1827908.96
2217,Punjab,Patiala,Potato,Rabi,2019,46.96,1413.44,29.15,70.77,128.29,44.88,85.17,8.13,Canal,196.3,70.43,7.45,349.85,1822.81,637710.08
2218,Kerala,Kollam,Millet,Rabi,2019,23.23,1264.91,22.43,68.38,124.99,29.03,53.48,6.42,Borewell,224.53,65.27,2.74,63.65,2718.05,173003.88
2219,Tamil Nadu,Coimbatore,Sugarcane,Kharif,2020,78.24,1578.5,19.92,83.17,108.97,58.53,118.17,5.53,Canal,186.78,25.47,9.29,726.85,2989.7,2173063.44
2220,Andhra Pradesh,Kurnool,Sugarcane,Kharif,2018,91.09,823.68,24.23,51.24,41.55,36.98,26.15,5.3,Rainfed,194.56,43.87,6.7,610.3,4077.7,2488620.31
2221,Karnataka,Mysore,Cotton,Zaid,2018,30.81,647.26,37.96,78.98,86.53,19.84,51.83,7.51,Rainfed,41.74,44.83,2.56,78.87,7745.33,610874.18
2222,Punjab,Patiala,Rice,Zaid,2022,8.76,1649.59,21.46,50.34,48.35,75.52,47.65,7.52,Borewell,223.61,59.46,5.37,47.04,2524.16,118736.49
2223,Karnataka,Mysore,Groundnut,Zaid,2025,56.15,1357.66,31.57,68.12,71.72,88.89,63.5,6.08,Sprinkler,235.58,24.49,3.28,184.17,5448.37,1003426.3
2224,Telangana,Warangal,Groundnut,Kharif,2025,5.35,916.75,29.13,42.36,137.04,25.55,38.85,7.37,Canal,249.81,9.36,3.66,19.58,5362.39,104995.6
2225,West Bengal,Burdwan,Rice,Zaid,2019,7.52,1163.73,26.91,88.12,129.74,36.26,86.97,6.37,Sprinkler,91.32,36.29,4.91,36.92,2782.74,102738.76
2226,Telangana,Hyderabad,Millet,Zaid,2020,17.69,668.19,30.08,80.14,63.95,19.52,148.28,5.3,Sprinkler,44.32,48.86,1.87,33.08,3133.92,103670.07
2227,Uttar Pradesh,Kanpur,Maize,Kharif,2022,7.71,1684.28,19.58,83.99,66.48,76.56,86.84,5.83,Sprinkler,159.13,5.14,5.59,43.1,2064.3,88971.33
2228,Punjab,Patiala,Groundnut,Kharif,2025,84.19,455.12,27.93,94.36,117.1,67.73,91.29,7.54,Drip,245.11,31.7,2.99,251.73,6606.4,1663029.07
2229,Punjab,Patiala,Groundnut,Zaid,2022,76.05,1436.86,32.42,66.17,78.38,60.0,25.55,7.72,Borewell,95.57,19.14,2.76,209.9,6166.57,1294363.04
2230,Uttar Pradesh,Agra,Potato,Zaid,2020,13.7,874.53,28.24,44.32,64.62,96.92,102.46,7.74,Rainfed,206.21,73.58,6.2,84.94,1729.04,146864.66
2231,Punjab,Ludhiana,Cotton,Rabi,2021,4.29,1046.95,30.69,66.51,32.19,56.26,88.93,8.37,Borewell,79.95,77.9,2.74,11.75,7474.8,87828.9
2232,Kerala,Thrissur,Potato,Zaid,2020,6.27,1009.22,31.78,77.9,66.9,15.69,79.14,5.85,Canal,241.73,25.4,7.2,45.14,1863.69,84126.97
2233,Uttar Pradesh,Lucknow,Tomato,Kharif,2024,28.74,1316.92,36.08,68.65,83.83,49.13,94.32,6.35,Rainfed,220.55,24.47,5.55,159.51,2389.32,381120.43
2234,Haryana,Rohtak,Cotton,Kharif,2023,39.5,1505.8,33.19,57.31,111.2,78.91,149.68,5.49,Rainfed,204.84,29.39,3.45,136.28,5564.76,758365.49
2235,Punjab,Ludhiana,Wheat,Rabi,2021,86.99,374.42,22.9,84.09,37.54,19.4,19.13,7.1,Drip,218.15,35.55,4.42,384.5,2608.34,1002906.73
2236,Karnataka,Mysore,Cotton,Zaid,2020,36.2,658.63,33.32,57.78,97.83,14.18,33.88,6.43,Drip,44.97,30.15,2.69,97.38,7340.43,714811.07
2237,Maharashtra,Nagpur,Sugarcane,Rabi,2018,68.52,797.06,19.39,88.4,62.04,88.99,109.09,7.65,Drip,189.27,43.78,9.29,636.55,3784.14,2408794.32
2238,West Bengal,Murshidabad,Cotton,Zaid,2019,89.43,665.39,20.53,69.49,74.3,70.12,132.79,5.58,Drip,236.03,27.93,3.68,329.1,5755.14,1894016.57
2239,Kerala,Kannur,Potato,Kharif,2025,47.23,1758.76,22.67,60.83,132.38,87.79,119.08,5.55,Canal,48.84,76.27,6.79,320.69,1721.92,552202.52
2240,Telangana,Karimnagar,Millet,Zaid,2020,39.96,1280.33,27.76,87.42,39.01,22.86,88.05,5.16,Sprinkler,132.82,37.87,2.87,114.69,3429.34,393311.0
2241,Punjab,Bathinda,Rice,Kharif,2020,93.09,1730.33,23.79,46.16,108.87,90.2,60.52,6.69,Sprinkler,99.99,29.14,5.58,519.44,2701.83,1403438.58
2242,Haryana,Ambala,Tomato,Zaid,2022,2.3,1636.19,31.43,93.2,100.05,87.11,21.93,6.32,Canal,165.01,71.07,7.19,16.54,2678.68,44305.37
2243,Telangana,Khammam,Tomato,Zaid,2022,40.19,789.26,27.09,75.83,89.78,48.17,88.21,5.51,Borewell,23.66,38.95,5.04,202.56,2836.38,574537.13
2244,Andhra Pradesh,Kurnool,Groundnut,Rabi,2018,31.38,1531.64,34.44,59.55,28.34,31.95,117.04,7.25,Drip,182.98,47.21,3.14,98.53,5152.07,507633.46
2245,Maharashtra,Pune,Tomato,Kharif,2024,99.7,475.18,29.19,60.22,46.03,79.19,48.0,5.01,Drip,233.19,48.78,6.79,676.96,2443.24,1653975.75
2246,Telangana,Khammam,Potato,Zaid,2023,80.54,964.9,37.05,89.31,96.51,57.62,58.53,5.51,Borewell,214.0,6.08,7.19,579.08,2114.4,1224406.75
2247,Haryana,Rohtak,Potato,Zaid,2021,82.22,1643.78,20.04,77.08,72.57,72.22,147.11,5.84,Canal,28.71,4.47,6.68,549.23,1763.25,968429.8
2248,Tamil Nadu,Salem,Groundnut,Zaid,2019,28.36,887.95,23.86,92.11,46.03,59.91,114.85,5.04,Borewell,136.61,33.86,3.05,86.5,6819.73,589906.65
2249,Telangana,Hyderabad,Tomato,Zaid,2023,35.21,1241.9,19.42,51.76,23.39,63.3,143.96,7.78,Sprinkler,85.98,56.09,5.97,210.2,2383.91,501097.88
2250,Punjab,Amritsar,Tomato,Zaid,2022,2.8,848.03,33.87,68.12,73.78,91.17,35.85,7.82,Sprinkler,38.5,26.82,5.61,15.71,2777.18,43629.5
2251,Telangana,Khammam,Tomato,Kharif,2024,87.4,319.5,22.15,55.42,133.21,50.08,77.43,5.55,Borewell,52.61,56.08,4.48,391.55,2823.55,1105561.0
2252,Kerala,Kannur,Wheat,Rabi,2022,67.05,1556.56,34.9,65.63,86.67,81.66,62.06,8.31,Sprinkler,101.04,75.1,4.72,316.48,2130.06,674121.39
2253,West Bengal,Murshidabad,Cotton,Zaid,2019,81.77,868.65,30.79,42.34,116.92,,140.38,8.35,Drip,142.08,46.4,3.37,275.56,6450.29,1777441.91
2254,Karnataka,Mandya,Sugarcane,Kharif,2019,99.26,1311.84,31.36,81.01,77.65,22.14,119.96,5.11,Canal,174.31,77.4,9.31,924.11,3725.28,3442568.5
2255,Karnataka,Bangalore,Cotton,Kharif,2018,14.69,731.11,25.06,64.24,79.72,24.48,44.58,7.49,Sprinkler,194.17,28.72,3.2,47.01,6977.75,328024.03
2256,Maharashtra,Satara,Tomato,Kharif,2024,92.49,1442.1,31.3,43.07,35.33,96.83,121.9,6.73,Drip,203.46,15.36,7.27,672.4,2657.41,1786842.48
2257,Andhra Pradesh,Krishna,Millet,Kharif,2021,69.06,815.6,20.26,59.07,119.17,30.31,22.09,7.11,Sprinkler,227.72,10.14,2.9,200.27,3381.49,677211.0
2258,Haryana,Karnal,Sugarcane,Kharif,2018,55.83,1142.32,33.41,72.03,21.55,75.03,41.73,7.9,Borewell,114.95,25.02,7.82,436.59,3061.45,1336598.46
2259,Maharashtra,Pune,Wheat,Zaid,2020,26.76,1082.42,19.19,69.91,57.4,98.79,19.76,6.99,Rainfed,217.92,67.52,3.81,101.96,2080.37,212114.53
2260,Punjab,Bathinda,Groundnut,Zaid,2020,8.7,937.33,20.82,57.31,120.6,90.36,49.88,7.4,Sprinkler,23.03,74.56,2.91,25.32,6752.95,170984.69
2261,Andhra Pradesh,Nellore,Rice,Rabi,2022,68.65,1613.66,24.57,94.2,55.57,55.72,42.32,6.8,Canal,197.27,27.19,5.78,396.8,2845.66,1129157.89
2262,Uttar Pradesh,Kanpur,Millet,Zaid,2025,24.39,1134.66,28.53,46.36,84.36,86.39,149.52,8.45,Rainfed,80.78,45.94,1.96,47.8,3293.99,157452.72
2263,Karnataka,Mandya,Maize,Zaid,2025,74.01,334.93,26.99,94.3,65.64,26.24,87.79,5.85,Rainfed,205.96,69.78,4.46,330.08,1688.27,557264.16
2264,Karnataka,Mysore,Onion,Rabi,2020,52.67,1482.09,31.32,67.44,57.53,55.5,46.33,8.27,Drip,82.74,8.47,6.03,317.6,1891.42,600714.99
2265,West Bengal,Kolkata,Maize,Rabi,2019,99.15,635.31,33.88,57.38,136.36,82.23,98.29,7.44,Drip,168.41,79.18,5.98,592.92,1632.65,968030.84
2266,Haryana,Panipat,Maize,Zaid,2024,41.89,630.45,36.87,91.11,131.73,76.3,12.65,5.84,Sprinkler,205.23,2.39,5.11,214.06,1933.46,413876.45
2267,Andhra Pradesh,Krishna,Onion,Rabi,2019,52.69,1498.02,34.26,52.19,134.38,22.38,147.02,5.09,Sprinkler,210.55,21.37,6.28,330.89,2114.36,699620.58
2268,Karnataka,Mysore,Groundnut,Kharif,2019,57.61,1383.81,27.62,88.96,37.38,49.48,86.01,7.46,Canal,117.78,18.29,2.59,149.21,6852.83,1022510.76
2269,Tamil Nadu,Madurai,Sugarcane,Zaid,2018,86.59,1172.21,35.65,61.62,52.72,89.71,75.94,6.88,Borewell,230.72,8.41,8.71,754.2,4195.16,3163989.67
2270,Tamil Nadu,Madurai,Maize,Kharif,2018,92.21,859.43,33.75,67.22,42.25,87.97,136.52,6.82,Sprinkler,146.5,13.84,4.86,448.14,1737.3,778553.62
2271,Punjab,Bathinda,Millet,Zaid,2022,54.6,799.52,30.97,67.94,46.24,17.29,119.53,7.87,Sprinkler,35.2,66.77,2.12,115.75,2826.84,327206.73
2272,Haryana,Panipat,Rice,Rabi,2020,22.68,1384.63,37.32,83.21,119.64,64.44,11.56,6.37,Borewell,80.88,5.51,4.47,101.38,2342.6,237492.79
2273,Tamil Nadu,Thanjavur,Potato,Rabi,2021,25.86,1317.57,32.65,73.29,123.88,88.64,130.5,5.54,Sprinkler,53.19,79.0,6.96,179.99,1666.47,299947.94
2274,Andhra Pradesh,Krishna,Potato,Rabi,2021,48.79,997.37,36.15,86.99,42.88,54.69,30.88,5.94,Drip,23.24,11.85,6.36,310.3,1797.91,557891.47
2275,Maharashtra,Satara,Wheat,Rabi,2022,59.45,1381.3,22.76,78.92,96.54,42.78,119.91,7.2,Borewell,115.03,27.47,4.45,264.55,2124.6,562062.93
2276,Karnataka,Mandya,Sugarcane,Kharif,2024,60.22,391.13,34.5,74.89,28.98,59.05,49.91,7.18,Drip,80.05,64.41,7.49,451.05,3405.29,1535956.05
2277,Haryana,Rohtak,Wheat,Zaid,2023,23.44,1602.95,28.31,74.23,56.58,98.57,128.68,6.41,Sprinkler,193.01,66.68,5.01,117.43,2218.49,260517.28
2278,Kerala,Kannur,Tomato,Rabi,2019,42.03,430.33,30.31,60.47,22.57,48.54,77.37,7.88,Borewell,156.04,6.83,5.82,244.61,2622.12,641396.77
2279,Maharashtra,Satara,Wheat,Rabi,2025,6.94,1481.28,18.25,52.11,48.15,19.97,142.87,7.18,Sprinkler,167.32,49.04,4.3,29.84,2158.13,64398.6
2280,Tamil Nadu,Madurai,Maize,Rabi,2024,67.0,611.72,18.97,94.5,69.05,14.05,91.87,6.69,Borewell,84.48,48.44,4.22,282.74,2145.05,606491.44
2281,Telangana,Karimnagar,Rice,Zaid,2023,34.53,1576.7,29.84,78.07,35.61,95.27,86.64,6.18,Borewell,176.09,58.9,4.9,169.2,2646.36,447764.11
2282,Uttar Pradesh,Lucknow,Maize,Zaid,2023,6.68,1051.2,26.07,73.01,40.09,14.31,105.69,5.42,Borewell,154.93,5.48,4.83,32.26,1675.17,54040.98
2283,Tamil Nadu,Trichy,Onion,Rabi,2019,47.94,498.06,27.98,43.66,72.07,,142.65,5.75,Canal,148.43,72.93,5.34,256.0,2447.6,626585.6
2284,Maharashtra,Nashik,Wheat,Zaid,2022,96.33,1252.56,31.73,85.04,96.94,75.67,17.31,6.34,Rainfed,122.42,22.51,4.29,413.26,2182.5,901939.95
2285,Karnataka,Mandya,Millet,Kharif,2024,58.57,1462.57,26.29,91.59,52.15,51.89,132.92,5.08,Rainfed,34.68,73.2,1.87,109.53,3428.79,375555.37
2286,Uttar Pradesh,Varanasi,Wheat,Zaid,2021,3.85,386.96,25.49,73.7,102.96,80.41,65.64,5.61,Rainfed,144.47,71.07,3.51,13.51,2198.23,29698.09
2287,Uttar Pradesh,Agra,Sugarcane,Rabi,2023,42.51,1324.62,26.52,88.3,96.55,75.57,113.36,6.73,Rainfed,152.37,68.86,7.84,333.28,3260.12,1086532.79
2288,Karnataka,Hassan,Potato,Rabi,2018,21.14,1183.88,29.6,53.37,68.07,86.1,62.8,7.27,Sprinkler,24.74,74.65,5.71,120.71,1688.81,203856.26
2289,Maharashtra,Nagpur,Onion,Zaid,2023,2.16,1618.9,34.07,54.45,139.48,36.09,147.85,6.12,Sprinkler,139.1,7.38,6.08,13.13,2045.86,26862.14
2290,Andhra Pradesh,Kurnool,Tomato,Kharif,2023,61.08,1611.88,32.3,63.65,95.86,96.26,49.78,8.29,Sprinkler,205.37,34.72,6.66,406.79,2345.72,954215.44
2291,Haryana,Rohtak,Tomato,Zaid,2020,23.23,1480.78,29.07,93.76,109.7,67.9,58.71,5.59,Canal,174.9,65.33,6.72,156.11,2418.76,377592.62
2292,Telangana,Nalgonda,Tomato,Kharif,2018,5.79,778.38,34.77,68.59,84.21,41.5,34.7,6.94,Rainfed,35.81,60.71,4.33,25.07,2515.71,63068.85
2293,Maharashtra,Nagpur,Cotton,Rabi,2020,1.33,1140.0,33.96,85.6,55.42,93.94,97.35,7.79,Sprinkler,220.32,28.38,3.73,4.96,5871.3,29121.65
2294,Tamil Nadu,Coimbatore,Millet,Rabi,2023,50.54,665.94,22.42,,92.46,33.09,61.13,8.11,Rainfed,157.32,2.51,2.32,117.25,3504.35,410885.04
2295,Telangana,Karimnagar,Tomato,Rabi,2025,56.17,1790.69,35.44,91.39,111.55,16.75,132.0,8.1,Sprinkler,41.74,10.2,6.35,356.68,2217.6,790973.57
2296,Kerala,Kannur,Potato,Zaid,2020,38.6,1296.78,30.62,81.11,96.86,92.22,59.91,6.5,Drip,102.23,13.1,7.03,271.36,1841.29,499652.45
2297,Telangana,Karimnagar,Maize,Zaid,2019,19.36,806.19,20.95,63.93,66.62,77.78,102.57,8.39,Sprinkler,156.21,66.24,4.88,94.48,2144.21,202584.96
2298,Tamil Nadu,Trichy,Groundnut,Kharif,2022,44.4,1735.49,31.32,48.64,92.53,86.47,122.79,6.95,Drip,101.35,48.35,2.86,126.98,6240.35,792399.64
2299,Tamil Nadu,Trichy,Onion,Kharif,2025,98.46,1590.68,36.88,62.6,46.46,12.61,90.27,6.14,Drip,105.94,17.82,6.02,592.73,2421.58,1435343.11
2300,Uttar Pradesh,Meerut,Sugarcane,Kharif,2023,99.19,1032.38,31.07,80.04,74.88,29.0,33.57,5.54,Sprinkler,160.58,24.96,8.27,820.3,3666.47,3007605.34
2301,Andhra Pradesh,Chittoor,Potato,Zaid,2021,31.22,646.75,37.06,93.98,127.47,89.49,15.57,7.34,Canal,230.12,40.9,7.23,225.72,2143.69,483873.71
2302,Haryana,Karnal,Tomato,Zaid,2022,52.46,449.43,20.88,55.84,54.08,88.02,53.0,6.65,Borewell,121.61,68.53,5.44,285.38,2195.46,626540.37
2303,Kerala,Kochi,Wheat,Kharif,2018,47.57,819.11,23.23,85.78,105.76,58.56,85.81,8.0,Canal,82.27,13.97,4.35,206.93,2418.31,500420.89
2304,Karnataka,Mandya,Onion,Rabi,2023,22.94,998.28,35.96,87.95,128.82,49.97,136.4,7.72,Rainfed,228.94,49.98,4.86,111.49,2383.88,265778.78
2305,Tamil Nadu,Thanjavur,Onion,Zaid,2018,87.02,834.44,34.94,58.79,129.92,97.8,135.74,8.49,Borewell,87.58,76.33,4.97,432.49,2246.66,971657.98
2306,Karnataka,Mandya,Sugarcane,Kharif,2023,59.68,1223.42,23.85,93.94,70.48,54.99,23.8,5.26,Borewell,133.89,65.47,8.39,500.72,3319.96,1662370.37
2307,Punjab,Ludhiana,Groundnut,Kharif,2025,74.79,860.42,35.7,83.21,35.89,47.8,118.04,5.15,Drip,56.3,15.91,2.15,160.8,6763.15,1087514.52
2308,Telangana,Warangal,Cotton,Zaid,2024,8.25,1557.96,19.78,60.23,67.62,51.01,67.68,5.82,Borewell,103.71,21.14,3.04,25.08,6827.97,171245.49
2309,Uttar Pradesh,Varanasi,Tomato,Zaid,2022,77.99,1304.07,19.26,42.16,128.82,46.84,127.15,5.1,Drip,212.84,70.82,7.52,586.48,2616.3,1534407.62
2310,Tamil Nadu,Madurai,Groundnut,Zaid,2018,96.47,320.83,27.54,75.82,94.56,68.73,32.14,6.51,Sprinkler,83.79,79.2,2.54,245.03,5424.27,1329108.88
2311,Kerala,Kollam,Wheat,Kharif,2022,83.47,1572.31,28.43,65.75,67.6,55.2,16.12,5.73,Sprinkler,73.11,30.77,4.43,369.77,1909.61,706116.49
2312,Andhra Pradesh,Nellore,Wheat,Kharif,2022,99.71,586.24,30.47,67.73,86.94,93.61,89.28,5.58,Drip,168.1,34.92,4.11,409.81,2494.93,1022447.26
2313,Maharashtra,Nashik,Wheat,Kharif,2021,22.25,1714.86,30.65,78.04,81.99,38.79,138.99,5.24,Canal,159.35,66.78,4.33,96.34,2404.76,231674.58
2314,Tamil Nadu,Thanjavur,Sugarcane,Kharif,2018,93.36,590.72,28.34,71.44,47.6,78.29,112.24,7.94,Borewell,22.27,7.55,7.01,654.45,3521.72,2304789.65
2315,Karnataka,Hassan,Tomato,Kharif,2018,48.17,918.0,28.58,80.82,93.58,63.71,135.48,5.63,Sprinkler,30.84,53.46,5.88,283.24,2656.29,752367.58
2316,Haryana,Rohtak,Onion,Zaid,2019,97.75,402.24,37.91,77.73,68.23,75.72,127.93,7.85,Canal,217.14,47.03,5.4,527.85,1915.72,1011212.8
2317,Uttar Pradesh,Kanpur,Cotton,Rabi,2025,65.43,1319.44,28.43,46.67,79.71,77.81,50.75,7.9,Borewell,61.07,5.99,2.86,187.13,6506.09,1217484.62
2318,Telangana,Nalgonda,Wheat,Zaid,2021,32.53,1325.64,34.68,81.93,129.35,54.03,27.93,5.21,Drip,190.52,33.66,5.15,167.53,2047.45,343009.3
2319,Haryana,Ambala,Cotton,Kharif,2022,65.27,1070.79,37.82,79.53,89.53,65.82,13.44,5.28,Drip,57.12,10.66,3.08,201.03,5612.74,1128329.12
2320,Punjab,Patiala,Rice,Kharif,2019,19.81,1000.75,29.52,63.98,113.46,29.79,65.51,8.35,Drip,128.77,28.33,5.11,101.23,2842.55,287751.34
2321,West Bengal,Murshidabad,Cotton,Rabi,2023,74.63,1429.43,25.25,41.14,115.47,47.03,147.85,7.38,Borewell,240.32,7.99,4.01,299.27,7676.38,2297310.24
2322,Uttar Pradesh,Kanpur,Rice,Zaid,2023,34.11,397.17,26.9,66.14,72.56,17.27,51.94,5.44,Drip,132.27,27.41,4.33,147.7,2065.48,305071.4
2323,Haryana,Ambala,Sugarcane,Zaid,2023,47.93,1716.67,26.94,40.19,50.68,84.75,124.3,5.57,Drip,149.26,79.51,10.45,500.87,3893.23,1950002.11
2324,Punjab,Amritsar,Cotton,Rabi,2019,96.01,634.36,31.92,86.5,88.37,42.41,144.7,6.54,Borewell,197.25,18.92,3.35,321.63,6847.67,2202416.1
2325,Maharashtra,Nashik,Wheat,Kharif,2022,78.25,949.73,33.89,84.08,28.53,71.48,62.42,8.05,Canal,158.39,55.99,4.37,341.95,2045.45,699441.63
2326,Andhra Pradesh,Chittoor,Sugarcane,Rabi,2020,25.93,1097.33,29.1,91.3,56.63,29.87,134.88,8.45,Rainfed,42.82,47.14,7.15,185.4,3961.73,734504.74
2327,Haryana,Rohtak,Potato,Zaid,2018,5.23,909.98,26.76,75.89,105.0,40.38,78.37,7.48,Drip,216.63,14.87,7.75,40.53,1788.14,72473.31
2328,West Bengal,Hooghly,Maize,Zaid,2022,99.61,996.02,21.3,92.52,42.04,74.63,95.11,7.86,Drip,247.5,43.98,5.52,549.85,2090.94,1149703.36
2329,Uttar Pradesh,Lucknow,Tomato,Kharif,2022,38.31,933.18,37.76,45.04,132.87,20.15,101.13,6.51,Canal,60.56,42.27,5.59,214.15,2296.45,491784.77
2330,West Bengal,Murshidabad,Cotton,Kharif,2020,53.99,1674.57,23.85,43.11,46.05,44.11,84.32,8.42,Borewell,96.39,56.15,2.55,137.67,6771.56,932240.67
2331,Uttar Pradesh,Kanpur,Onion,Rabi,2024,20.21,961.32,31.81,76.15,97.0,76.38,27.19,5.9,Canal,138.73,69.82,5.26,106.3,2583.47,274622.86
2332,Karnataka,Mysore,Millet,Rabi,2019,32.46,1040.36,26.38,83.69,79.14,48.78,42.0,8.23,Canal,182.51,7.79,2.56,83.1,3060.87,254358.3
2333,Punjab,Amritsar,Rice,Rabi,2022,78.64,1266.76,24.29,58.0,79.54,79.16,108.18,5.88,Rainfed,157.63,74.36,4.31,338.94,2801.18,949431.95
2334,Haryana,Rohtak,Potato,Kharif,2024,26.42,1010.25,35.66,46.75,84.49,59.93,101.26,6.77,Borewell,171.23,68.94,7.08,187.05,1703.91,318716.37
2335,Uttar Pradesh,Kanpur,Rice,Kharif,2021,81.21,389.09,28.56,46.99,45.93,15.68,17.86,6.55,Sprinkler,176.27,22.47,4.49,364.63,2356.78,859352.69
2336,Karnataka,Mysore,Onion,Zaid,2023,37.52,1042.36,25.71,85.63,118.46,52.02,66.26,8.37,Canal,31.12,47.51,4.88,183.1,2005.45,367197.9
2337,West Bengal,Hooghly,Potato,Kharif,2019,93.8,494.89,18.73,78.32,134.64,40.02,46.6,6.02,Sprinkler,79.91,43.5,6.41,601.26,1562.31,939354.51
2338,Telangana,Karimnagar,Cotton,Rabi,2021,11.99,792.91,24.97,58.57,134.06,98.21,146.25,7.47,Borewell,91.31,32.13,3.04,36.45,6407.49,233553.01
2339,Punjab,Ludhiana,Potato,Kharif,2024,51.03,415.17,32.94,65.19,114.81,62.68,78.51,7.36,Sprinkler,32.06,50.75,5.42,276.58,2132.69,589859.4
2340,Uttar Pradesh,Lucknow,Wheat,Rabi,2023,18.11,308.35,26.12,81.76,101.48,54.03,62.75,6.19,Canal,48.93,3.86,3.71,67.19,1932.57,129849.38
2341,Telangana,Karimnagar,Onion,Kharif,2025,96.08,418.87,21.79,55.24,133.49,89.79,21.87,7.01,Borewell,133.12,20.81,5.17,496.73,2471.04,1227439.7
2342,Kerala,Kochi,Rice,Kharif,2021,8.66,1630.94,30.34,61.43,89.56,50.89,11.61,7.51,Sprinkler,241.19,14.11,5.35,46.33,2301.9,106647.03
2343,Haryana,Panipat,Millet,Rabi,2024,1.69,881.54,28.01,56.01,88.13,95.24,94.02,5.52,Rainfed,207.64,6.7,1.94,3.28,2925.77,9596.53
2344,Andhra Pradesh,Chittoor,Sugarcane,Kharif,2020,59.27,1077.42,24.83,48.06,130.26,21.12,115.42,7.1,Canal,71.77,58.95,7.97,472.38,3888.04,1836632.34
2345,Kerala,Kollam,Groundnut,Rabi,2025,60.65,1075.31,31.31,92.58,132.81,67.86,77.61,7.25,Canal,109.48,10.1,2.03,123.12,6024.25,741705.66
2346,Karnataka,Mysore,Groundnut,Zaid,2022,94.75,1695.34,26.93,73.64,108.69,75.08,53.12,8.11,Drip,75.49,6.65,2.83,268.14,5579.76,1496156.85
2347,Telangana,Khammam,Onion,Kharif,2025,82.62,1363.22,22.47,46.71,22.73,43.15,30.22,8.09,Drip,146.6,25.04,5.68,469.28,2498.23,1172369.37
2348,Maharashtra,Nashik,Millet,Zaid,2025,21.75,1214.39,36.03,89.87,74.7,76.39,138.27,7.38,Drip,48.15,54.4,2.24,48.72,2694.74,131287.73
2349,Telangana,Khammam,Onion,Rabi,2024,55.07,691.19,18.67,43.39,109.38,21.42,38.67,8.18,Drip,121.87,43.36,5.48,301.78,1994.05,601764.41
2350,Telangana,Nalgonda,Millet,Zaid,2021,98.52,1719.6,34.79,57.51,125.55,31.05,145.17,7.99,Rainfed,100.53,54.45,2.08,204.92,3547.72,726998.78
2351,Telangana,Warangal,Millet,Zaid,2023,48.86,933.59,32.73,90.43,23.17,20.17,146.07,8.06,Canal,232.6,53.34,2.85,139.25,2645.23,368348.28
2352,Telangana,Hyderabad,Potato,Kharif,2018,3.19,768.63,33.62,48.88,,14.38,74.7,7.68,Sprinkler,185.64,48.3,6.97,22.23,1980.61,44028.96
2353,Haryana,Panipat,Groundnut,Zaid,2024,70.1,726.2,26.42,60.25,54.42,82.06,45.89,5.78,Drip,23.02,74.68,2.74,192.07,5882.04,1129763.42
2354,Punjab,Jalandhar,Potato,Kharif,2023,3.01,1135.84,35.42,41.34,66.06,64.35,60.42,7.51,Borewell,86.88,58.67,6.03,18.15,2087.12,37881.23
2355,Telangana,Nalgonda,Sugarcane,Rabi,2021,72.21,1192.67,19.28,43.85,50.01,46.92,126.27,5.7,Drip,114.75,10.56,8.64,623.89,3824.11,2385823.99
2356,Maharashtra,Pune,Tomato,Rabi,2022,33.82,784.9,32.64,56.03,36.9,68.17,121.3,8.33,Rainfed,121.62,53.04,4.66,157.6,2417.64,381020.06
2357,West Bengal,Nadia,Sugarcane,Kharif,2018,71.91,1799.14,22.71,86.02,65.26,93.19,147.68,6.38,Drip,142.94,7.68,10.19,732.76,3407.1,2496586.6
2358,Telangana,Warangal,Groundnut,Rabi,2023,13.98,499.45,19.41,91.17,125.95,74.28,99.09,7.05,Canal,65.24,46.6,2.64,36.91,5838.11,215484.64
2359,Tamil Nadu,Madurai,Rice,Kharif,2022,25.35,1238.84,24.11,81.07,42.11,63.81,109.14,6.36,Rainfed,160.5,8.08,4.09,103.68,2672.83,277119.01
2360,Uttar Pradesh,Meerut,Groundnut,Zaid,2024,46.69,1419.05,27.63,61.25,87.77,73.92,31.46,7.55,Borewell,159.57,49.78,3.34,155.94,5703.22,889360.13
2361,Maharashtra,Satara,Maize,Zaid,2023,56.26,700.3,28.02,84.39,87.28,45.36,33.99,5.25,Borewell,214.93,28.06,5.43,305.49,1638.4,500514.82
2362,Haryana,Hisar,Tomato,Zaid,2019,60.83,424.08,32.36,89.29,28.62,74.22,65.79,6.69,Borewell,235.45,63.98,6.26,380.8,2693.39,1025642.91
2363,Karnataka,Mysore,Groundnut,Zaid,2018,33.1,1444.51,28.17,66.88,123.88,41.9,72.93,6.65,Sprinkler,230.19,69.43,2.71,89.7,6362.71,570735.09
2364,Punjab,Bathinda,Wheat,Zaid,2022,58.79,1287.56,22.98,76.4,24.45,95.29,60.66,8.21,Rainfed,240.92,66.13,4.07,239.28,1977.83,473255.16
2365,Uttar Pradesh,Agra,Wheat,Kharif,2025,49.04,769.28,32.64,76.36,85.04,68.58,81.93,7.41,Drip,64.39,29.91,4.43,217.25,2127.72,462247.17
2366,West Bengal,Hooghly,Wheat,Zaid,2022,56.74,1525.48,25.42,78.9,123.49,57.74,76.62,7.97,Rainfed,36.89,38.24,3.67,208.24,2083.98,433968.0
2367,Maharashtra,Kolhapur,Onion,Kharif,2020,12.37,434.94,25.58,56.35,46.78,35.65,58.18,7.22,Canal,234.03,64.34,5.67,70.14,2326.22,163161.07
2368,Karnataka,Mandya,Tomato,Rabi,2021,67.72,1201.58,25.06,84.21,136.88,84.94,78.01,5.85,Borewell,126.76,19.93,5.94,402.26,2612.58,1050936.43
2369,Haryana,Ambala,Potato,Kharif,2018,36.65,1375.08,23.84,51.87,104.94,63.74,96.0,7.11,Borewell,130.23,3.59,6.68,244.82,1758.93,430621.24
2370,Telangana,Warangal,Tomato,Rabi,2020,21.32,878.94,23.17,48.06,98.47,58.33,105.09,6.25,Canal,217.63,23.38,6.55,139.65,2565.23,358234.37
2371,Haryana,Hisar,Cotton,Zaid,2018,1.39,1180.85,20.5,41.41,21.62,49.27,50.44,6.12,Drip,138.9,46.66,3.58,4.98,6907.99,34401.79
2372,Telangana,Warangal,Cotton,Zaid,2019,1.46,483.07,36.04,71.3,64.38,80.58,79.22,7.45,Sprinkler,61.0,22.63,2.89,4.22,5800.28,24477.18
2373,Uttar Pradesh,Kanpur,Potato,Rabi,2019,81.03,366.93,28.67,53.45,94.64,47.81,147.81,7.73,Canal,243.8,35.65,6.95,563.16,2093.47,1178958.57
2374,Haryana,Hisar,Groundnut,Rabi,2019,16.63,1727.55,18.82,76.18,113.29,52.22,17.82,5.16,Canal,203.21,47.22,3.02,50.22,5932.37,297923.62
2375,Haryana,Karnal,Maize,Zaid,2019,2.27,1597.08,22.61,65.02,86.21,32.18,39.25,7.64,Rainfed,154.46,42.49,4.34,9.85,1977.05,19473.94
2376,Karnataka,Mandya,Cotton,Zaid,2025,37.33,520.81,19.0,41.57,100.04,54.46,115.32,5.67,Rainfed,88.97,35.11,1.99,74.29,5556.86,412819.13
2377,Uttar Pradesh,Varanasi,Sugarcane,Zaid,2018,12.64,467.7,36.43,70.57,45.79,86.69,80.86,8.44,Canal,184.87,59.06,8.42,106.43,3168.86,337261.77
2378,Telangana,Hyderabad,Wheat,Zaid,2020,56.75,600.76,19.21,63.05,114.82,62.18,60.48,6.0,Borewell,167.84,22.37,4.12,233.81,2270.3,530818.84
2379,Maharashtra,Satara,Sugarcane,Rabi,2024,3.04,934.58,27.06,85.52,120.75,48.24,126.19,8.26,Drip,225.98,31.89,10.02,30.46,3216.75,97982.21
2380,Andhra Pradesh,Kurnool,Tomato,Kharif,2022,25.93,771.86,34.64,78.79,79.47,95.0,13.25,7.78,Sprinkler,50.69,27.31,5.49,142.36,2332.84,332103.1
2381,Tamil Nadu,Madurai,Tomato,Rabi,2024,84.77,989.62,34.9,52.8,96.18,98.06,105.58,8.14,Rainfed,240.72,5.32,5.88,498.45,2371.83,1182238.66
2382,Kerala,Thrissur,Onion,Kharif,2024,74.04,1108.59,37.17,67.64,106.96,51.15,36.61,7.61,Rainfed,43.04,72.1,4.27,316.15,2588.06,818215.17
2383,Maharashtra,Satara,Maize,Zaid,2025,63.38,1227.78,27.75,66.51,112.09,69.91,97.72,6.3,Drip,108.61,74.35,5.35,339.08,2103.21,713156.45
2384,Tamil Nadu,Thanjavur,Maize,Rabi,2022,46.48,340.56,21.93,80.37,55.08,42.06,74.15,7.38,Sprinkler,105.85,74.85,4.19,194.75,2250.64,438312.14
2385,Kerala,Kannur,Potato,Kharif,2025,66.4,582.72,21.69,66.58,104.46,17.24,143.46,5.68,Canal,77.01,74.88,6.17,409.69,2141.96,877539.59
2386,Kerala,Kollam,Rice,Zaid,2021,71.1,760.56,29.75,52.9,82.0,75.28,78.25,5.66,Canal,206.16,32.86,4.92,349.81,2588.28,905406.23
2387,Andhra Pradesh,Chittoor,Maize,Zaid,2021,27.06,1013.45,18.27,68.02,61.31,62.03,112.03,7.45,Drip,83.45,40.99,5.14,139.09,2139.4,297569.15
2388,West Bengal,Murshidabad,Cotton,Kharif,2021,39.05,931.17,20.95,88.03,61.76,29.61,127.77,7.77,Sprinkler,225.1,51.15,3.35,130.82,6349.0,830576.18
2389,West Bengal,Kolkata,Rice,Kharif,2021,89.3,1353.06,33.93,40.04,51.98,25.28,48.39,8.38,Canal,134.18,49.04,4.83,431.32,2792.27,1204361.9
2390,Karnataka,Belgaum,Onion,Kharif,2024,42.95,1194.04,20.85,44.07,84.69,86.15,55.16,5.14,Drip,216.04,17.16,5.94,255.12,2190.23,558771.48
2391,Maharashtra,Pune,Wheat,Zaid,2025,35.48,931.86,25.49,66.13,122.62,21.18,121.05,7.29,Borewell,91.37,31.24,4.12,146.18,2326.95,340153.55
2392,Haryana,Hisar,Rice,Rabi,2022,5.99,527.52,20.51,75.45,98.57,22.84,64.95,6.98,Borewell,187.86,43.31,4.53,27.13,2477.69,67219.73
2393,Kerala,Palakkad,Rice,Zaid,2025,63.07,1238.62,27.52,56.27,50.79,79.51,80.72,5.3,Rainfed,194.48,47.9,4.19,264.26,2201.87,581866.17
2394,Telangana,Nalgonda,Tomato,Kharif,2024,46.8,882.92,33.43,74.56,39.04,38.94,114.08,6.34,Canal,240.25,77.18,6.27,293.44,2775.77,814521.95
2395,Uttar Pradesh,Agra,Wheat,Zaid,2023,99.47,1129.89,27.64,85.9,66.29,80.41,70.39,6.8,Canal,228.59,24.4,4.93,490.39,2219.18,1088263.68
2396,Karnataka,Bangalore,Rice,Kharif,2023,67.81,1479.8,31.28,77.45,78.86,34.04,90.49,5.38,Canal,24.08,75.15,4.34,294.3,2268.06,667490.06
2397,Maharashtra,Pune,Wheat,Zaid,2023,79.58,717.81,27.16,87.11,44.46,84.85,55.69,6.44,Borewell,77.47,61.61,3.88,308.77,2196.67,678265.8
2398,Uttar Pradesh,Varanasi,Millet,Rabi,2020,85.79,1601.1,20.72,53.15,32.71,97.53,10.7,7.3,Sprinkler,53.12,56.46,2.33,199.89,2662.72,532251.1
2399,Kerala,Kochi,Maize,Rabi,2025,82.31,410.05,18.85,54.28,29.39,29.3,98.7,7.86,Drip,188.08,52.88,4.56,375.33,2240.99,841110.78
2400,Karnataka,Hassan,Groundnut,Zaid,2019,31.83,1478.57,18.56,92.55,60.0,43.88,18.32,5.55,Drip,68.68,53.2,2.53,80.53,5161.37,415645.13
2401,Maharashtra,Satara,Millet,Kharif,2020,13.57,1063.62,32.06,71.27,54.96,36.84,41.25,6.35,Canal,211.76,69.88,2.28,30.94,2802.37,86705.33
2402,Punjab,Ludhiana,Wheat,Zaid,2023,67.08,,33.47,48.31,126.89,90.8,75.23,8.05,Rainfed,91.56,3.68,3.45,231.43,2163.74,500754.35
2403,Tamil Nadu,Coimbatore,Groundnut,Kharif,2018,47.62,804.0,32.92,52.33,69.48,63.51,129.07,5.89,Drip,37.68,9.39,2.82,134.29,6904.08,927148.9
2404,Maharashtra,Nagpur,Groundnut,Zaid,2023,77.49,1607.48,37.6,90.79,29.31,86.94,143.45,6.93,Rainfed,86.25,47.83,2.47,191.4,6735.43,1289161.3
2405,Andhra Pradesh,Krishna,Maize,Rabi,2018,62.61,1064.21,23.65,75.4,47.91,90.58,143.01,5.19,Sprinkler,149.01,45.61,5.52,345.61,2116.43,731459.37
2406,Telangana,Hyderabad,Sugarcane,Zaid,2020,46.12,489.54,23.98,45.21,41.68,28.33,43.92,5.89,Drip,232.15,44.21,9.0,415.08,3102.76,1287893.62
2407,Maharashtra,Kolhapur,Millet,Kharif,2023,16.31,1523.96,25.09,40.49,33.39,99.59,118.21,7.03,Sprinkler,168.94,76.79,2.93,47.79,3483.41,166472.16
2408,Telangana,Khammam,Rice,Zaid,2019,7.33,984.22,36.86,65.59,80.25,75.08,103.53,5.78,Drip,157.68,2.08,5.21,38.19,2147.1,81997.75
2409,Karnataka,Mysore,Potato,Zaid,2021,44.64,387.24,20.16,93.35,72.58,58.31,120.67,5.42,Sprinkler,21.26,60.43,5.24,233.91,1799.16,420841.52
2410,Haryana,Rohtak,Groundnut,Zaid,2021,91.62,1235.37,25.77,49.64,134.7,73.05,27.29,6.39,Borewell,96.73,36.31,2.92,267.53,6537.56,1748993.43
2411,Punjab,Patiala,Wheat,Kharif,2021,2.42,882.55,32.51,51.98,109.35,73.43,38.24,6.23,Borewell,33.92,57.02,3.58,8.66,2527.17,21885.29
2412,Telangana,Karimnagar,Potato,Kharif,2021,97.83,1500.08,19.37,78.17,125.61,94.18,138.23,5.1,Drip,45.83,19.36,7.14,698.51,1952.52,1363854.75
2413,Karnataka,Hassan,Millet,Kharif,2024,95.71,1737.23,37.27,40.51,108.82,17.56,68.13,7.45,Sprinkler,49.38,38.84,2.28,218.22,3503.43,764518.49
2414,Kerala,Kollam,Cotton,Zaid,2018,48.65,359.69,21.5,93.4,73.59,92.65,142.12,8.43,Drip,197.72,57.3,3.09,150.33,6843.62,1028801.39
2415,Telangana,Khammam,Groundnut,Rabi,2021,51.38,1689.41,22.46,77.14,58.51,88.81,65.29,6.08,Drip,230.17,38.52,3.54,181.89,6957.46,1265492.4
2416,Andhra Pradesh,Krishna,Onion,Zaid,2022,81.73,590.76,31.13,41.08,54.74,89.78,29.28,8.28,Rainfed,114.7,72.61,4.02,328.55,2276.53,747953.93
2417,Maharashtra,Nagpur,Sugarcane,Rabi,2020,76.36,1602.14,37.34,72.05,43.48,82.9,68.07,5.62,Rainfed,249.05,62.91,8.0,610.88,3528.37,2155410.67
2418,Andhra Pradesh,Nellore,Tomato,Kharif,2020,92.87,675.23,19.99,60.6,139.12,77.38,16.69,8.15,Borewell,167.65,55.2,5.77,535.86,2763.35,1480768.73
2419,Andhra Pradesh,Chittoor,Tomato,Zaid,2022,86.85,420.64,28.25,46.1,22.21,48.51,48.25,8.13,Drip,34.18,37.99,5.44,472.46,2166.24,1023461.75
2420,Haryana,Ambala,Maize,Zaid,2020,8.4,658.43,37.92,70.55,129.33,93.07,129.63,6.91,Canal,226.22,70.31,5.16,43.34,1903.87,82513.73
2421,Tamil Nadu,Coimbatore,Wheat,Rabi,2022,68.37,693.76,30.31,52.73,106.89,82.24,26.26,5.66,Rainfed,248.36,67.81,4.35,297.41,1969.92,585873.91
2422,Kerala,Kochi,Sugarcane,Rabi,2025,38.45,437.14,19.4,71.62,101.67,71.03,95.96,8.07,Borewell,117.38,10.74,7.66,294.53,3875.3,1141392.11
2423,Kerala,Palakkad,Onion,Zaid,2025,45.44,706.78,30.59,92.08,99.92,13.16,10.14,5.09,Drip,40.39,26.28,4.71,214.02,1970.68,421764.93
2424,Punjab,Amritsar,Tomato,Zaid,2021,98.58,1405.96,23.59,44.7,93.42,94.45,148.49,7.97,Rainfed,237.31,44.24,6.26,617.11,2393.87,1477281.12
2425,Maharashtra,Satara,Rice,Kharif,2018,83.22,710.14,35.68,63.47,20.96,97.35,125.4,7.15,Rainfed,136.64,45.44,3.48,289.61,2259.12,654263.74
2426,Tamil Nadu,Thanjavur,Potato,Kharif,2025,92.81,739.97,27.93,63.95,83.33,14.81,148.86,6.48,Sprinkler,71.07,79.66,6.02,558.72,2016.44,1126625.36
2427,Maharashtra,Nashik,Wheat,Zaid,2024,89.45,1402.41,24.06,52.17,101.51,53.33,141.97,7.38,Drip,246.76,7.58,5.24,468.72,2228.6,1044589.39
2428,West Bengal,Murshidabad,Rice,Rabi,2019,62.74,1052.32,29.07,40.19,91.87,33.92,38.46,5.96,Sprinkler,185.68,34.97,5.21,326.88,2336.81,763856.45
2429,Punjab,Amritsar,Onion,Kharif,2025,63.79,1452.3,26.12,58.04,23.39,,71.73,6.76,Borewell,189.41,67.36,5.67,361.69,2378.95,860442.43
2430,Punjab,Ludhiana,Maize,Zaid,2024,35.81,1442.49,37.7,85.49,102.96,79.32,149.24,7.7,Canal,97.49,77.67,5.35,191.58,2213.59,424079.57
2431,Punjab,Bathinda,Rice,Kharif,2024,97.08,1665.9,36.56,53.98,90.98,76.41,71.58,7.82,Sprinkler,47.38,4.54,5.23,507.73,2146.45,1089817.06
2432,Tamil Nadu,Coimbatore,Maize,Kharif,2024,84.78,,33.1,40.92,139.5,76.02,74.98,7.2,Rainfed,194.11,75.78,4.38,371.34,1960.74,728101.19
2433,West Bengal,Burdwan,Groundnut,Kharif,2025,7.79,477.43,25.42,89.89,24.71,71.65,63.9,7.68,Canal,74.12,59.69,2.28,17.76,6592.32,117079.6
2434,Punjab,Patiala,Groundnut,Kharif,2018,75.02,1612.4,29.44,77.93,126.63,93.79,123.5,5.51,Drip,221.91,74.14,3.04,228.06,5963.59,1360056.34
2435,Andhra Pradesh,Krishna,Wheat,Kharif,2021,3.94,1652.56,27.46,92.93,115.71,15.13,66.28,7.44,Canal,102.83,52.02,4.38,17.26,2118.81,36570.66
2436,Haryana,Karnal,Rice,Zaid,2018,39.56,1786.13,34.18,57.78,113.79,82.76,46.54,5.51,Drip,30.82,63.14,4.8,189.89,2421.54,459826.23
2437,Uttar Pradesh,Varanasi,Millet,Rabi,2019,67.01,1037.18,33.13,91.04,119.93,75.88,56.3,7.06,Canal,90.05,39.0,2.64,176.91,3156.71,558453.57
2438,Karnataka,Belgaum,Onion,Rabi,2024,27.47,846.09,21.87,47.44,92.84,23.18,16.21,5.12,Canal,32.08,23.06,4.79,131.58,1954.47,257169.16
2439,Maharashtra,Pune,Millet,Zaid,2018,55.69,749.5,30.54,88.52,57.1,32.17,119.45,6.5,Canal,73.4,10.96,2.41,134.21,2694.64,361647.63
2440,Andhra Pradesh,Kurnool,Groundnut,Kharif,2025,9.59,1174.97,35.06,65.11,73.17,17.31,93.29,6.47,Borewell,91.17,7.58,2.53,24.26,6459.01,156695.58
2441,Maharashtra,Nagpur,Tomato,Zaid,2025,15.7,925.67,36.99,49.42,89.06,50.54,96.85,6.41,Canal,191.22,20.61,6.49,101.89,2168.27,220925.03
2442,Telangana,Karimnagar,Groundnut,Zaid,2023,99.8,914.65,19.11,63.66,86.96,15.03,69.31,7.65,Drip,101.84,28.77,2.84,283.43,5468.75,1550007.81
2443,Kerala,Kochi,Maize,Kharif,2024,54.26,364.25,18.26,48.3,71.79,30.26,68.86,6.15,Borewell,50.95,62.45,3.96,214.87,2064.91,443687.21
2444,West Bengal,Nadia,Tomato,Rabi,2020,33.25,446.52,25.01,92.43,107.37,20.79,121.84,5.34,Sprinkler,77.95,21.05,5.58,185.53,2716.4,503973.69
2445,Kerala,Kollam,Tomato,Kharif,2018,87.87,1103.98,31.92,90.37,138.62,73.72,70.13,6.8,Borewell,136.99,41.59,6.13,538.64,2870.91,1546386.96
2446,Maharashtra,Kolhapur,Tomato,Zaid,2023,26.94,841.41,33.24,66.56,93.32,19.18,67.96,7.84,Sprinkler,158.84,44.18,5.98,161.1,2474.62,398661.28
2447,Andhra Pradesh,Krishna,Maize,Rabi,2019,36.41,1715.16,24.63,78.61,53.59,98.29,67.47,5.13,Drip,89.99,9.49,5.57,202.8,1643.91,333384.95
2448,Punjab,Patiala,Tomato,Zaid,2022,25.8,342.19,34.93,40.67,21.24,43.0,147.24,8.14,Canal,234.56,74.26,6.13,158.15,2528.9,399945.54
2449,Andhra Pradesh,Krishna,Wheat,Kharif,2020,15.69,769.45,23.57,83.08,57.57,19.35,88.39,5.86,Sprinkler,77.75,41.32,3.74,58.68,2282.74,133951.18
2450,Karnataka,Bangalore,Maize,Rabi,2024,63.55,1058.54,19.98,85.16,82.59,56.72,55.54,6.14,Rainfed,32.39,23.72,3.72,236.41,2232.22,527719.13
2451,Tamil Nadu,Thanjavur,Onion,Rabi,2021,99.18,550.03,19.64,44.93,22.3,33.96,52.9,8.48,Borewell,76.92,21.56,4.07,403.66,2012.8,812486.85
2452,Haryana,Ambala,Potato,Kharif,2023,83.44,1523.75,22.19,82.55,80.02,72.54,20.86,7.97,Sprinkler,100.0,40.19,6.89,574.9,1917.48,1102359.25
2453,Karnataka,Mysore,Rice,Zaid,2021,80.58,432.18,19.01,90.83,89.59,88.45,68.92,7.8,Borewell,114.79,55.9,4.52,364.22,2539.34,924878.41
2454,Maharashtra,Pune,Sugarcane,Zaid,2021,39.38,1160.38,20.99,68.17,37.55,78.01,62.22,8.22,Drip,194.33,46.29,8.92,351.27,3448.69,1211421.34
2455,Karnataka,Hassan,Groundnut,Rabi,2025,15.76,1014.68,27.0,54.84,54.63,79.14,129.08,7.74,Canal,78.26,14.58,2.37,37.35,6524.79,243700.91
2456,Kerala,Kollam,Maize,Zaid,2023,4.82,311.08,20.88,58.61,72.37,41.93,110.67,7.5,Rainfed,88.83,25.42,3.65,17.59,2274.66,40011.27
2457,Andhra Pradesh,Chittoor,Potato,Zaid,2018,93.42,1223.61,31.16,92.0,23.17,68.56,142.27,6.26,Sprinkler,63.66,13.33,6.68,624.05,1901.4,1186568.67
2458,Punjab,Patiala,Cotton,Kharif,2018,1.37,1604.72,24.1,51.4,109.73,41.07,117.1,7.2,Canal,55.48,11.12,2.94,4.03,7483.97,30160.4
2459,Punjab,Patiala,Tomato,Zaid,2022,68.65,1642.73,35.78,67.26,27.56,92.48,68.16,5.54,Rainfed,30.9,79.0,4.63,317.85,2257.38,717508.23
2460,Uttar Pradesh,Varanasi,Tomato,Zaid,2024,51.22,1783.05,37.1,88.03,77.08,38.49,74.36,7.25,Sprinkler,246.36,77.59,7.67,392.86,2924.54,1148934.78
2461,West Bengal,Burdwan,Cotton,Zaid,2022,83.26,303.79,18.35,50.79,41.66,52.73,65.07,6.29,Sprinkler,106.43,43.85,2.68,223.14,7441.09,1660404.82
2462,Karnataka,Mandya,Potato,Kharif,2018,63.79,861.72,31.75,87.18,51.39,25.26,95.0,5.88,Canal,225.74,41.59,7.08,451.63,1959.77,885090.93
2463,Telangana,Khammam,Millet,Zaid,2024,8.43,1365.19,22.65,57.89,48.61,28.74,108.49,8.08,Canal,48.51,46.5,2.6,21.92,3160.77,69284.08
2464,Punjab,Patiala,Millet,Zaid,2021,54.14,1124.18,23.92,76.7,131.21,13.39,75.81,5.67,Borewell,72.53,68.17,2.72,147.26,2607.41,383967.2
2465,Tamil Nadu,Thanjavur,Millet,Kharif,2024,41.15,326.42,35.1,46.57,62.46,44.14,20.81,7.85,Sprinkler,96.75,20.41,2.03,83.53,2788.72,232941.78
2466,Maharashtra,Satara,Groundnut,Kharif,2019,77.91,567.65,18.14,82.22,26.29,93.16,120.85,5.36,Borewell,228.22,44.41,2.55,198.67,6357.93,1263129.95
2467,Maharashtra,Satara,Rice,Rabi,2020,45.42,1694.92,35.06,47.15,21.22,84.02,49.03,5.66,Sprinkler,162.44,75.63,4.95,224.83,2855.76,642060.52
2468,Karnataka,Mysore,Rice,Kharif,2024,75.6,1345.09,37.81,43.79,63.43,17.05,140.9,7.06,Canal,21.53,34.32,4.45,336.42,2261.52,760820.56
2469,Maharashtra,Satara,Millet,Rabi,2020,82.7,915.6,32.81,67.35,25.1,12.06,144.03,7.25,Sprinkler,44.43,79.54,1.88,155.48,3257.98,506550.73
2470,Andhra Pradesh,Nellore,Tomato,Rabi,2020,76.14,1720.23,18.27,89.52,24.52,36.47,62.24,6.22,Borewell,227.85,42.33,6.92,526.89,2602.01,1370973.05
2471,Tamil Nadu,Thanjavur,Potato,Rabi,2019,8.61,548.99,29.59,60.58,26.55,19.57,136.18,5.98,Rainfed,161.07,60.07,5.18,44.6,1546.59,68977.91
2472,Telangana,Nalgonda,Cotton,Zaid,2018,86.79,878.72,31.03,87.41,138.03,71.15,59.97,5.74,Rainfed,213.19,26.3,2.78,241.28,5895.48,1422461.41
2473,Haryana,Panipat,Potato,Zaid,2025,68.16,540.4,24.68,46.59,115.67,18.82,121.74,5.74,Drip,65.73,46.79,6.67,454.63,1791.91,814656.04
2474,Andhra Pradesh,Guntur,Tomato,Rabi,2019,79.53,319.02,20.1,60.84,59.44,25.24,87.88,6.79,Borewell,121.82,71.75,5.24,416.74,2133.69,889193.97
2475,Telangana,Khammam,Cotton,Kharif,2023,51.07,1500.7,22.39,53.18,27.93,60.74,52.96,5.93,Rainfed,162.16,63.51,3.18,162.4,6508.73,1057017.75
2476,Uttar Pradesh,Meerut,Onion,Zaid,2022,36.87,1657.62,27.43,46.89,74.29,21.75,64.72,7.06,Borewell,82.03,15.71,5.53,203.89,2040.13,415962.11
2477,Maharashtra,Nashik,Millet,Rabi,2022,66.99,713.44,22.23,45.35,139.68,46.19,130.94,6.92,Canal,83.79,14.98,2.7,180.87,3321.6,600777.79
2478,Haryana,Rohtak,Groundnut,Kharif,2022,43.81,549.86,32.89,47.62,76.41,99.82,59.85,6.5,Canal,198.06,21.74,2.74,120.04,6358.44,763267.14
2479,West Bengal,Burdwan,Onion,Kharif,2025,70.32,980.46,21.21,70.19,34.65,69.92,12.87,5.44,Sprinkler,55.93,32.36,4.8,337.54,2629.49,887558.05
2480,Telangana,Hyderabad,Wheat,Kharif,2024,38.23,1598.24,20.86,46.52,95.59,51.44,15.06,8.23,Drip,86.66,71.52,4.51,172.42,2135.33,368173.6
2481,Tamil Nadu,Madurai,Groundnut,Zaid,2020,29.39,1572.05,21.61,73.77,111.85,94.98,146.04,7.7,Drip,107.95,15.44,3.09,90.82,5229.0,474897.78
2482,Andhra Pradesh,Krishna,Groundnut,Kharif,2019,79.29,511.37,30.21,94.94,93.63,52.9,46.0,8.3,Canal,226.81,58.55,3.15,249.76,5958.68,1488239.92
2483,Karnataka,Belgaum,Maize,Kharif,2023,86.78,852.14,29.54,55.71,131.8,86.25,129.31,7.02,Sprinkler,60.4,74.75,4.93,427.83,2264.0,968607.12
2484,Tamil Nadu,Madurai,Sugarcane,Rabi,2020,68.74,1439.77,36.58,80.13,58.45,52.03,133.93,7.75,Borewell,36.58,20.31,7.54,518.3,3576.59,1853746.6
2485,Kerala,Kannur,Millet,Zaid,2024,36.79,1280.2,34.99,65.28,87.82,19.67,17.99,6.32,Sprinkler,216.28,44.92,3.04,111.84,3085.39,345070.02
2486,Karnataka,Mandya,Potato,Rabi,2019,5.77,1172.46,36.2,93.2,32.4,61.6,93.67,7.76,Sprinkler,46.77,44.12,6.08,35.08,1598.51,56075.73
2487,Karnataka,Mysore,Potato,Zaid,2018,75.74,898.67,37.19,78.25,53.72,31.17,105.31,8.14,Canal,154.83,79.06,6.64,502.91,1599.23,804268.76
2488,Punjab,Jalandhar,Groundnut,Kharif,2024,5.56,1287.77,23.86,53.16,33.11,95.82,51.2,6.03,Borewell,116.37,30.83,2.32,12.9,5484.23,70746.57
2489,Tamil Nadu,Thanjavur,Wheat,Zaid,2021,55.82,1436.42,29.96,68.22,120.18,45.75,24.13,7.77,Rainfed,61.19,36.87,3.47,193.7,2585.27,500766.8
2490,Kerala,Kochi,Millet,Rabi,2025,74.27,1246.17,21.09,44.27,21.19,82.16,19.36,6.84,Canal,43.81,15.7,2.1,155.97,3447.42,537694.1
2491,West Bengal,Nadia,Potato,Zaid,2021,90.61,1593.54,34.5,86.0,24.4,99.41,80.37,8.05,Canal,208.44,25.82,7.15,647.86,1536.5,995436.89
2492,Karnataka,Hassan,Tomato,Zaid,2020,22.26,1711.7,23.58,47.92,34.56,70.66,135.18,5.57,Canal,197.61,40.25,7.41,164.95,2230.16,367864.89
2493,Punjab,Bathinda,Rice,Zaid,2020,28.28,860.52,33.21,52.79,30.71,50.11,122.59,5.35,Canal,236.76,78.4,4.84,136.88,2416.82,330814.32
2494,Tamil Nadu,Trichy,Onion,Zaid,2019,73.18,1752.27,26.89,93.39,128.62,42.41,61.52,7.98,Borewell,165.24,23.43,5.78,422.98,2459.51,1040323.54
2495,Karnataka,Bangalore,Wheat,Rabi,2022,88.27,1265.98,32.99,94.56,56.37,59.31,142.16,7.28,Canal,105.0,74.95,4.28,377.8,2136.83,807294.37
2496,Uttar Pradesh,Kanpur,Potato,Zaid,2018,33.54,344.55,23.42,65.38,72.09,46.54,89.06,5.9,Drip,222.0,38.52,7.06,236.79,1677.02,397101.57
2497,Haryana,Panipat,Rice,Zaid,2022,11.08,1581.81,29.97,45.74,24.92,31.24,96.2,5.76,Canal,186.17,34.04,5.36,59.39,2845.39,168987.71
2498,Karnataka,Hassan,Groundnut,Kharif,2023,80.28,783.24,35.42,88.97,97.44,89.89,81.17,7.52,Drip,34.29,57.53,2.64,211.94,6396.84,1355746.27
2499,Karnataka,Bangalore,Groundnut,Zaid,2025,79.91,1506.68,24.49,68.62,79.84,36.82,133.76,5.19,Sprinkler,119.57,64.44,3.02,241.33,5719.15,1380202.47
2500,Maharashtra,Pune,Groundnut,Zaid,2024,78.04,558.89,22.88,40.18,125.91,16.81,67.82,6.6,Rainfed,225.74,27.52,2.24,174.81,6213.41,1086166.2
2501,Tamil Nadu,Madurai,Tomato,Rabi,2018,41.14,1145.4,19.73,60.26,80.66,68.94,51.66,7.65,Drip,54.3,3.36,5.69,234.09,2492.88,583558.28
2502,Haryana,Hisar,Wheat,Kharif,2018,46.26,1286.36,21.59,74.02,78.03,29.15,14.0,5.93,Drip,190.11,15.95,4.57,211.41,2186.61,462271.22
2503,Karnataka,Mandya,Cotton,Rabi,2022,81.44,807.22,32.57,90.02,21.34,98.83,78.67,7.75,Sprinkler,75.15,45.58,2.84,231.29,6506.97,1504997.09
2504,Uttar Pradesh,Meerut,Groundnut,Rabi,2018,28.59,1166.87,32.14,87.96,69.22,99.7,12.97,6.07,Borewell,166.45,38.25,2.36,67.47,5673.89,382817.36
2505,Tamil Nadu,Trichy,Potato,Kharif,2021,98.61,1275.6,37.16,55.98,103.25,27.22,61.36,6.2,Drip,80.74,73.45,6.9,680.41,1684.4,1146082.6
2506,Maharashtra,Kolhapur,Sugarcane,Zaid,2022,91.62,1769.02,33.3,48.33,58.56,92.68,102.72,7.22,Borewell,204.98,59.57,9.04,828.24,3944.81,3267249.43
2507,Haryana,Rohtak,Rice,Zaid,2018,74.06,1529.87,31.08,47.2,64.44,66.73,79.87,6.82,Drip,206.17,57.67,5.66,419.18,2236.44,937470.92
2508,Andhra Pradesh,Chittoor,Sugarcane,Kharif,2025,58.99,572.76,22.1,49.16,107.58,89.92,65.07,5.48,Drip,50.98,42.04,8.18,482.54,3083.79,1488052.03
2509,Punjab,Bathinda,Potato,Zaid,2025,77.5,567.94,32.0,83.49,34.29,10.71,52.81,7.86,Borewell,65.1,39.46,5.69,440.98,1636.74,721769.61
2510,Karnataka,Bangalore,Groundnut,Rabi,2018,33.09,935.53,29.77,43.58,62.28,30.16,53.68,5.0,Sprinkler,118.38,23.5,2.67,88.35,6539.02,577722.42
2511,Tamil Nadu,Salem,Wheat,Kharif,2024,29.27,1467.67,22.74,41.4,35.57,63.85,141.97,6.92,Rainfed,162.27,64.91,3.75,109.76,2120.43,232738.4
2512,Karnataka,Bangalore,Millet,Zaid,2024,55.54,656.71,25.6,40.43,74.56,39.11,14.58,5.41,Sprinkler,215.99,24.35,2.42,134.41,2632.55,353841.05
2513,Haryana,Hisar,Onion,Kharif,2021,32.97,936.17,26.64,92.12,20.42,94.42,11.98,7.32,Rainfed,162.07,62.55,4.42,145.73,2439.95,355573.91
2514,Maharashtra,Satara,Tomato,Rabi,2022,10.61,1236.99,23.26,65.54,124.31,10.28,39.98,5.34,Sprinkler,154.63,55.83,6.65,70.56,2150.85,151763.98
2515,Andhra Pradesh,Kurnool,Maize,Zaid,2025,33.62,1008.35,24.34,85.79,80.43,30.63,100.77,8.11,Canal,30.46,62.45,4.62,155.32,2205.99,342634.37
2516,Tamil Nadu,Madurai,Potato,Rabi,2022,83.07,978.57,22.43,76.56,50.28,13.46,134.56,7.79,Canal,105.04,26.32,6.32,525.0,1765.73,927008.25
2517,Kerala,Palakkad,Onion,Zaid,2019,92.03,1275.37,33.52,81.11,122.43,54.38,35.44,7.69,Canal,36.22,26.47,4.86,447.27,2274.03,1017105.4
2518,Uttar Pradesh,Agra,Cotton,Rabi,2022,1.85,379.04,35.85,89.56,34.75,84.35,142.45,6.08,Rainfed,85.81,38.11,2.21,4.09,5855.72,23949.89
2519,Andhra Pradesh,Guntur,Cotton,Rabi,2018,9.42,422.64,30.09,86.01,77.93,90.47,56.17,6.56,Rainfed,39.55,51.22,1.85,17.43,6857.02,119517.86
2520,Maharashtra,Nashik,Cotton,Rabi,2019,10.92,453.96,28.16,54.69,115.9,73.21,21.81,5.57,Rainfed,234.51,24.2,2.44,26.64,7018.52,186973.37
2521,West Bengal,Hooghly,Sugarcane,Kharif,2019,43.64,1517.49,22.34,43.16,57.03,40.4,20.22,7.5,Sprinkler,223.32,15.54,8.88,387.52,3337.5,1293348.0
2522,Andhra Pradesh,Nellore,Cotton,Kharif,2022,20.81,1384.77,32.67,54.49,119.87,32.92,36.87,5.51,Sprinkler,222.88,46.97,3.62,75.33,7565.03,569873.71
2523,Punjab,Patiala,Tomato,Kharif,2018,77.36,1494.21,26.47,53.17,118.67,51.06,75.32,7.73,Rainfed,208.68,5.23,6.13,474.22,2654.54,1258835.96
2524,Kerala,Kochi,Potato,Zaid,2021,56.67,1062.05,19.65,64.93,60.8,47.11,86.93,5.42,Canal,67.18,41.47,5.71,323.59,2087.14,675377.63
2525,Haryana,Ambala,Maize,Kharif,2023,10.41,849.1,36.39,74.1,105.55,96.39,138.54,8.43,Canal,193.38,46.05,4.92,51.22,1732.7,88748.89
2526,Telangana,Nalgonda,Potato,Rabi,2019,81.83,576.94,21.29,79.81,137.03,42.99,67.7,6.42,Rainfed,211.14,53.25,6.01,491.8,1668.78,820706.0
2527,West Bengal,Burdwan,Sugarcane,Kharif,2022,77.21,1224.55,35.78,47.14,103.06,69.19,54.24,8.06,Drip,85.65,13.87,8.71,672.5,3434.01,2309371.73
2528,Uttar Pradesh,Meerut,Maize,Rabi,2021,79.08,1709.15,19.15,43.27,105.21,19.31,97.33,6.47,Canal,146.85,41.33,5.52,436.52,1653.13,721624.31
2529,Uttar Pradesh,Meerut,Maize,Kharif,2024,38.04,1301.84,34.08,47.74,109.48,14.61,22.4,6.97,Sprinkler,148.27,4.42,5.0,190.2,1822.88,346711.78
2530,Punjab,Amritsar,Maize,Zaid,2021,73.89,503.7,35.98,77.85,33.93,92.03,78.27,8.23,Canal,220.38,34.31,5.24,387.18,2119.22,820519.6
2531,Uttar Pradesh,Meerut,Maize,Rabi,2021,84.98,1166.53,28.01,92.47,69.02,31.84,37.43,7.3,Rainfed,76.58,10.34,4.14,351.82,1926.75,677869.18
2532,Maharashtra,Nashik,Sugarcane,Rabi,2019,79.84,1521.62,31.6,54.93,23.54,27.13,49.38,8.24,Canal,121.31,66.16,8.2,654.69,4020.53,2632200.79
2533,Maharashtra,Nashik,Tomato,Zaid,2023,78.75,1715.77,35.33,82.69,70.38,80.5,39.8,7.56,Canal,215.46,34.24,6.99,550.46,2252.8,1240076.29
2534,Andhra Pradesh,Nellore,Sugarcane,Rabi,2018,79.95,415.58,28.4,61.31,36.0,11.05,149.82,7.75,Rainfed,249.52,8.27,7.26,580.44,3883.62,2254208.39
2535,Karnataka,Mysore,Rice,Kharif,2019,91.62,361.73,25.25,84.12,104.53,68.98,47.18,5.27,Drip,45.62,55.16,4.23,387.55,2082.34,807010.87
2536,Punjab,Patiala,Onion,Zaid,2020,54.32,948.01,36.29,58.12,29.37,95.99,21.92,7.7,Drip,233.57,63.25,5.69,309.08,1945.86,601426.41
2537,Haryana,Ambala,Tomato,Kharif,2019,11.48,1428.75,25.4,47.87,121.44,53.92,143.91,5.42,Borewell,245.84,34.49,7.01,80.47,2767.6,222708.77
2538,Andhra Pradesh,Kurnool,Sugarcane,Kharif,2021,44.27,898.99,30.16,85.95,107.74,22.43,34.75,7.25,Sprinkler,85.06,50.28,8.18,362.13,3863.58,1399118.23
2539,Telangana,Karimnagar,Onion,Zaid,2018,21.49,1723.14,30.93,41.58,123.31,95.81,112.39,6.44,Rainfed,53.33,19.21,5.13,110.24,2111.82,232807.04
2540,West Bengal,Nadia,Wheat,Kharif,2018,4.39,374.7,21.92,75.79,128.68,78.64,141.74,6.46,Drip,86.97,19.22,4.28,18.79,2461.07,46243.51
2541,Tamil Nadu,Coimbatore,Potato,Kharif,2020,22.55,1288.23,37.08,86.78,84.81,52.84,115.93,7.83,Rainfed,230.29,17.64,6.05,136.43,2047.8,279381.35
2542,Andhra Pradesh,Kurnool,Onion,Zaid,2019,28.1,1334.82,21.4,79.32,126.46,61.05,90.4,7.17,Sprinkler,205.39,52.57,6.07,170.57,2109.09,359747.48
2543,Uttar Pradesh,Meerut,Onion,Rabi,2023,47.38,408.2,37.6,94.67,86.42,75.4,36.16,7.88,Drip,128.18,73.23,4.98,235.95,2270.04,535615.94
2544,Uttar Pradesh,Lucknow,Groundnut,Rabi,2024,64.44,1253.55,33.56,90.85,70.48,47.98,90.41,6.88,Canal,26.48,8.91,2.56,164.97,6401.81,1056106.6
2545,Haryana,Panipat,Wheat,Rabi,2021,37.98,1017.7,20.1,76.73,92.3,60.68,116.82,6.11,Drip,195.36,35.63,4.59,174.33,2386.11,415970.56
2546,Tamil Nadu,Trichy,Maize,Zaid,2024,15.2,1144.2,21.24,61.3,73.1,63.39,80.25,6.11,Canal,109.06,52.61,4.97,75.54,2277.15,172015.91
2547,Karnataka,Belgaum,Maize,Zaid,2021,83.86,370.34,32.22,73.28,128.91,17.2,80.38,6.8,Canal,202.4,37.92,5.28,442.78,1901.15,841791.2
2548,Kerala,Kollam,Potato,Rabi,2025,31.68,930.88,23.57,55.93,81.9,47.64,130.7,7.78,Drip,119.14,6.37,6.94,219.86,2001.33,440012.41
2549,Punjab,Patiala,Tomato,Kharif,2022,46.04,656.13,21.61,69.76,81.16,62.15,33.68,7.03,Canal,245.16,15.08,6.99,321.82,2186.45,703643.34
2550,Maharashtra,Kolhapur,Potato,Zaid,2021,98.01,608.38,23.2,44.95,129.64,10.96,28.68,7.65,Borewell,205.23,23.68,6.37,624.32,1637.17,1022117.97
2551,Andhra Pradesh,Krishna,Potato,Kharif,2018,43.55,1611.74,37.15,71.36,108.16,40.67,136.16,7.77,Sprinkler,222.49,11.89,8.0,348.4,1796.44,625879.7
2552,West Bengal,Burdwan,Rice,Kharif,2020,76.38,442.47,35.94,72.47,59.56,66.45,77.41,7.31,Borewell,129.55,78.53,4.23,323.09,2421.28,782291.36
2553,Kerala,Kannur,Maize,Rabi,2020,11.26,540.18,37.29,47.59,53.19,52.08,35.34,6.19,Drip,235.15,10.02,5.07,57.09,2164.83,123590.14
2554,Andhra Pradesh,Nellore,Tomato,Zaid,2018,57.55,1434.09,22.82,65.53,134.13,48.52,116.02,7.55,Borewell,31.01,57.66,5.99,344.72,2549.03,878701.62
2555,Maharashtra,Kolhapur,Wheat,Rabi,2018,37.34,495.0,34.67,87.49,49.3,12.66,147.59,5.83,Borewell,29.15,22.38,3.34,124.72,2614.45,326074.2
2556,Telangana,Khammam,Cotton,Zaid,2020,35.2,1742.33,34.23,89.96,31.88,89.17,41.51,6.39,Drip,157.52,10.51,3.42,120.38,7305.92,879486.65
2557,Andhra Pradesh,Nellore,Tomato,Rabi,2022,17.26,1448.05,32.53,94.53,36.74,51.54,80.49,6.07,Canal,145.06,38.7,6.39,110.29,2234.83,246479.4
2558,Maharashtra,Kolhapur,Groundnut,Kharif,2019,98.65,1596.61,28.17,73.56,37.19,24.6,60.29,6.08,Sprinkler,86.42,78.53,2.67,263.4,6734.37,1773833.06
2559,Tamil Nadu,Coimbatore,Potato,Rabi,2023,53.15,1128.15,37.78,89.9,103.15,77.32,38.53,8.27,Sprinkler,111.33,48.93,7.05,374.71,2085.69,781528.9
2560,West Bengal,Nadia,Groundnut,Kharif,2018,70.59,739.43,23.09,65.02,132.08,91.66,31.82,7.88,Drip,124.1,2.39,2.55,180.0,5642.67,1015680.6
2561,Maharashtra,Nashik,Potato,Kharif,2023,63.44,1082.85,27.98,61.06,92.43,86.29,65.23,5.18,Drip,186.79,79.81,7.78,493.56,1978.79,976651.59
2562,Haryana,Karnal,Rice,Rabi,2019,31.58,372.77,21.2,83.39,104.21,36.44,146.63,7.35,Canal,167.04,23.27,4.71,148.74,2196.92,326769.88
2563,Telangana,Khammam,Potato,Kharif,2020,34.77,1505.15,31.27,91.81,70.5,86.0,71.84,5.46,Sprinkler,149.27,67.43,7.5,260.78,2130.04,555471.83
2564,Andhra Pradesh,Krishna,Wheat,Rabi,2022,98.76,1657.33,24.56,70.1,120.57,30.9,82.71,7.31,Borewell,87.74,43.16,4.49,443.43,2299.7,1019755.97
2565,Uttar Pradesh,Lucknow,Rice,Rabi,2025,35.87,1701.4,35.34,57.84,59.92,64.92,111.09,6.21,Rainfed,212.1,9.87,4.86,174.33,2508.61,437325.98
2566,West Bengal,Hooghly,Wheat,Rabi,2022,35.41,1116.3,33.42,56.06,34.26,41.29,15.55,6.92,Drip,29.36,12.83,4.22,149.43,2079.19,310693.36
2567,Maharashtra,Satara,Sugarcane,Rabi,2025,23.55,462.79,34.42,75.33,49.48,58.39,16.31,7.51,Canal,175.28,28.29,7.62,179.45,3524.51,632473.32
2568,Karnataka,Belgaum,Maize,Rabi,2024,95.1,1498.23,26.46,93.1,32.89,25.17,108.28,5.56,Borewell,69.14,20.0,4.94,469.79,1814.95,852645.36
2569,West Bengal,Kolkata,Onion,Rabi,2018,62.56,1760.78,19.87,58.84,133.06,77.52,137.02,5.74,Sprinkler,117.22,27.34,6.01,375.99,2427.51,912719.48
2570,Andhra Pradesh,Kurnool,Groundnut,Zaid,2021,47.36,1120.95,33.27,65.93,93.08,19.3,129.83,8.02,Canal,28.01,55.64,2.72,128.82,5483.65,706403.79
2571,Uttar Pradesh,Varanasi,Sugarcane,Zaid,2022,43.87,1033.33,19.51,44.69,81.06,62.21,101.88,7.34,Sprinkler,22.25,57.41,7.81,342.62,3741.41,1281881.89
2572,Telangana,Hyderabad,Potato,Zaid,2020,97.49,1763.77,28.75,58.49,86.84,90.01,89.81,5.66,Drip,162.91,32.12,8.28,807.22,1536.83,1240559.91
2573,Tamil Nadu,Madurai,Groundnut,Kharif,2022,79.85,1588.54,32.4,42.82,83.65,50.75,116.1,7.71,Drip,162.18,34.2,2.63,210.01,6378.99,1339651.69
2574,Tamil Nadu,Salem,Millet,Zaid,2019,88.92,622.48,21.09,45.62,87.63,23.63,49.12,7.97,Drip,236.75,28.89,2.82,250.75,3107.6,779230.7
2575,Kerala,Kollam,Rice,Zaid,2019,43.7,1457.55,37.88,93.43,78.1,55.55,46.01,6.51,Sprinkler,99.08,10.33,4.82,210.63,2589.25,545373.73
2576,Andhra Pradesh,Guntur,Potato,Rabi,2018,49.26,1329.25,22.05,61.64,69.42,91.6,96.14,5.54,Canal,171.01,33.76,7.26,357.63,1869.84,668710.88
2577,Punjab,Bathinda,Tomato,Rabi,2025,70.01,1165.4,29.76,83.57,69.86,68.16,30.11,7.53,Sprinkler,231.47,67.24,7.29,510.37,2872.71,1466145.0
2578,Punjab,Bathinda,Millet,Rabi,2022,28.06,1462.53,26.74,92.79,84.2,68.78,49.31,5.69,Rainfed,190.14,12.92,2.1,58.93,3366.47,198386.08
2579,Maharashtra,Kolhapur,Groundnut,Kharif,2024,81.69,944.18,28.26,57.46,108.68,66.34,114.72,7.5,Borewell,55.02,7.45,2.78,227.1,5738.36,1303181.56
2580,Andhra Pradesh,Chittoor,Millet,Kharif,2022,7.92,1423.76,24.82,48.49,88.82,96.6,137.18,6.97,Rainfed,36.32,27.4,1.6,12.67,2743.87,34764.83
2581,Karnataka,Bangalore,Maize,Kharif,2024,59.57,316.61,22.52,65.05,100.25,39.91,101.89,8.24,Rainfed,159.87,30.73,3.66,218.03,2206.74,481135.52
2582,West Bengal,Hooghly,Wheat,Rabi,2022,34.21,1319.18,21.18,73.78,30.07,38.3,10.75,6.11,Canal,32.03,61.92,3.84,131.37,2541.35,333857.15
2583,Haryana,Panipat,Millet,Kharif,2020,3.96,1020.04,27.38,81.35,30.95,28.58,36.31,6.78,Borewell,208.06,36.31,2.53,10.02,3137.46,31437.35
2584,Punjab,Ludhiana,Onion,Kharif,2021,76.1,1387.94,33.02,57.69,64.87,36.05,144.23,5.73,Borewell,224.74,47.42,5.99,455.84,2218.41,1011240.01
2585,Karnataka,Mandya,Onion,Zaid,2018,56.77,423.93,32.65,86.72,66.08,39.77,89.09,5.64,Drip,50.44,12.27,4.53,257.17,2469.13,634986.16
2586,Karnataka,Belgaum,Onion,Rabi,2018,26.58,1173.84,21.15,49.95,22.83,88.22,59.07,6.46,Drip,167.78,37.09,5.75,152.83,2320.69,354671.05
2587,Maharashtra,Satara,Millet,Rabi,2022,65.66,341.55,34.52,46.06,92.52,25.08,45.8,8.42,Drip,112.4,58.14,2.54,166.78,3154.34,526080.83
2588,Andhra Pradesh,Nellore,Millet,Kharif,2023,6.23,353.58,36.96,63.21,21.33,21.09,20.49,6.31,Rainfed,48.9,43.91,2.24,13.96,2895.67,40423.55
2589,West Bengal,Nadia,Millet,Kharif,2022,17.54,627.73,34.38,57.02,135.34,11.49,33.46,6.63,Rainfed,134.05,10.41,1.4,24.56,3546.53,87102.78
2590,Maharashtra,Pune,Onion,Zaid,2025,96.08,1063.72,37.56,94.25,31.03,40.1,67.9,6.87,Borewell,180.37,16.71,5.12,491.93,1940.15,954417.99
2591,Maharashtra,Satara,Rice,Zaid,2024,52.78,1432.37,23.79,47.11,80.42,28.49,115.06,7.63,Rainfed,178.2,20.83,4.37,230.65,2798.96,645580.12
2592,Punjab,Amritsar,Wheat,Rabi,2020,13.07,1692.32,22.13,51.89,110.76,94.08,126.15,6.41,Rainfed,208.73,52.9,3.94,51.5,2517.72,129662.58
2593,Kerala,Palakkad,Tomato,Kharif,2020,88.73,1357.52,20.65,89.58,40.19,32.19,47.64,8.37,Borewell,127.33,24.25,5.82,516.41,2421.29,1250378.37
2594,Tamil Nadu,Thanjavur,Maize,Kharif,2022,42.26,1324.62,32.37,55.33,43.13,39.99,116.11,7.98,Rainfed,121.04,49.1,4.37,184.68,1905.33,351876.34
2595,Andhra Pradesh,Kurnool,Tomato,Rabi,2023,32.75,1515.1,35.02,44.07,40.81,71.15,102.65,8.18,Drip,116.44,46.06,6.96,227.94,2330.72,531264.32
2596,West Bengal,Nadia,Wheat,Kharif,2022,99.65,1677.61,25.69,82.6,32.11,84.1,140.45,7.4,Sprinkler,65.39,71.84,4.56,454.4,2274.74,1033641.86
2597,West Bengal,Murshidabad,Tomato,Rabi,2021,85.62,1096.16,32.27,79.16,80.17,26.2,70.1,8.05,Sprinkler,110.38,27.17,6.03,516.29,2287.16,1180837.84
2598,West Bengal,Murshidabad,Maize,Rabi,2020,87.51,1423.42,35.61,71.3,25.42,18.45,96.92,7.93,Rainfed,218.32,39.86,3.97,347.41,1915.86,665588.92
2599,Maharashtra,Pune,Wheat,Zaid,2023,99.79,1717.81,26.43,64.22,123.37,87.85,66.93,5.37,Canal,238.95,77.95,5.13,511.92,2258.27,1156053.58
2600,Tamil Nadu,Thanjavur,Groundnut,Rabi,2020,97.63,1069.96,19.75,48.5,125.8,66.54,40.08,6.04,Sprinkler,248.7,72.66,2.62,255.79,6307.32,1613349.38
2601,Uttar Pradesh,Agra,Tomato,Kharif,2024,49.24,305.74,26.15,81.12,125.36,73.57,20.27,8.13,Canal,136.61,44.75,6.04,297.41,2567.0,763451.47
2602,Telangana,Hyderabad,Rice,Zaid,2024,33.82,714.67,34.46,61.26,42.6,41.18,146.01,8.42,Sprinkler,59.75,74.87,4.36,147.46,2229.59,328775.34
2603,Uttar Pradesh,Meerut,Maize,Kharif,2021,86.43,534.75,27.44,70.35,113.53,38.04,138.51,6.15,Borewell,136.34,31.04,5.16,445.98,2075.8,925765.28
2604,Andhra Pradesh,Krishna,Potato,Rabi,2018,5.4,862.13,37.79,77.61,136.18,96.26,21.14,5.07,Sprinkler,205.39,59.55,6.84,36.94,1552.34,57343.44
2605,Kerala,Kollam,Millet,Kharif,2018,73.95,863.01,22.85,49.24,25.81,24.59,63.24,5.84,Borewell,247.79,8.14,2.12,156.77,3267.81,512294.57
2606,Maharashtra,Satara,Wheat,Kharif,2025,44.1,543.26,35.73,91.37,23.53,10.36,137.83,5.53,Canal,105.87,63.26,3.84,169.34,2183.13,369691.23
2607,Karnataka,Bangalore,Wheat,Kharif,2019,70.51,747.11,37.22,81.85,85.71,51.21,89.24,7.0,Canal,156.52,16.25,3.63,255.95,1949.0,498846.55
2608,Maharashtra,Nashik,Sugarcane,Zaid,2020,50.25,410.79,37.91,76.76,116.16,77.54,66.17,5.43,Canal,57.59,50.28,7.65,384.41,3660.44,1407109.74
2609,Tamil Nadu,Thanjavur,Potato,Zaid,2025,48.59,373.08,27.32,83.33,55.34,67.98,116.92,7.0,Sprinkler,123.37,10.71,6.22,302.23,1651.16,499030.09
2610,Andhra Pradesh,Nellore,Tomato,Zaid,2020,93.37,953.56,31.85,58.24,95.07,44.11,121.98,8.39,Rainfed,209.21,4.31,5.61,523.81,2884.53,1510945.66
2611,Tamil Nadu,Salem,Tomato,Zaid,2022,33.73,1508.88,33.89,66.4,99.63,28.09,72.68,7.47,Borewell,144.17,23.34,5.94,200.36,2918.26,584702.57
2612,Andhra Pradesh,Krishna,Cotton,Zaid,2019,36.99,1467.56,30.09,47.16,44.03,87.76,73.34,5.33,Canal,63.12,56.51,3.25,120.22,7490.11,900461.02
2613,Maharashtra,Pune,Potato,Kharif,2018,6.27,1060.29,19.05,67.37,30.37,22.24,67.35,6.88,Borewell,217.72,46.49,6.87,43.07,1826.49,78666.92
2614,Uttar Pradesh,Agra,Onion,Zaid,2025,75.15,865.48,36.92,48.76,70.07,75.79,40.19,8.45,Drip,44.48,39.15,4.93,370.49,2598.12,962577.48
2615,Kerala,Palakkad,Rice,Zaid,2022,87.76,831.51,37.11,74.25,24.41,75.27,62.31,7.1,Borewell,89.48,19.89,3.66,321.2,2380.37,764574.84
2616,Telangana,Warangal,Tomato,Zaid,2023,67.5,1072.95,32.73,84.93,122.59,80.66,31.98,5.86,Borewell,77.02,2.71,5.89,397.57,2730.04,1085382.0
2617,Tamil Nadu,Madurai,Millet,Rabi,2018,69.35,1498.9,25.72,54.33,56.11,26.2,64.38,5.46,Drip,35.2,17.02,2.44,169.21,3050.57,516186.95
2618,Tamil Nadu,Salem,Wheat,Kharif,2024,65.01,1555.71,34.53,80.66,72.29,51.07,58.18,6.75,Canal,113.25,37.97,4.6,299.05,2245.76,671594.53
2619,West Bengal,Burdwan,Tomato,Kharif,2023,64.59,1018.66,21.18,79.2,70.13,20.2,18.98,8.42,Sprinkler,195.21,9.11,6.86,443.09,2520.55,1116830.5
2620,Karnataka,Hassan,Maize,Zaid,2024,88.83,1161.48,20.5,74.68,110.57,77.84,96.83,5.73,Drip,212.72,53.68,6.22,552.52,1892.03,1045384.42
2621,Punjab,Patiala,Cotton,Rabi,2019,94.54,1780.1,20.74,60.99,39.32,84.79,101.26,5.06,Sprinkler,135.4,19.19,3.86,364.92,6386.85,2330689.3
2622,Tamil Nadu,Trichy,Millet,Kharif,2018,50.24,532.49,20.32,89.59,56.53,81.14,122.89,8.15,Drip,138.72,63.68,2.13,107.01,2930.0,313539.3
2623,Uttar Pradesh,Agra,Millet,Zaid,2024,14.68,1514.34,20.17,88.99,59.61,56.94,129.38,5.36,Canal,38.99,10.54,2.32,34.06,2584.16,88016.49
2624,Telangana,Khammam,Groundnut,Rabi,2020,75.95,621.07,22.57,60.37,32.75,62.49,143.24,7.13,Rainfed,151.23,21.32,2.4,182.28,6483.99,1181901.7
2625,West Bengal,Murshidabad,Rice,Rabi,2019,12.71,633.56,20.85,49.29,51.35,60.8,55.85,8.34,Borewell,219.71,47.58,5.23,66.47,2251.9,149683.79
2626,Kerala,Kannur,Groundnut,Rabi,2023,64.67,1460.17,34.33,58.98,99.61,37.13,27.78,7.82,Borewell,140.35,49.73,3.0,194.01,4934.3,957303.54
2627,Haryana,Ambala,Wheat,Zaid,2018,48.15,745.35,34.89,71.48,34.57,11.4,112.45,7.2,Borewell,85.57,38.51,4.02,193.56,2533.63,490409.42
2628,Karnataka,Belgaum,Cotton,Zaid,2025,51.06,,20.61,52.66,28.73,89.65,27.17,7.44,Rainfed,60.24,40.41,2.32,118.46,7690.67,911036.77
2629,Uttar Pradesh,Agra,Onion,Rabi,2021,84.74,1159.48,36.96,44.52,57.88,75.56,113.01,5.0,Drip,242.16,72.62,6.5,550.81,2098.19,1155704.03
2630,Karnataka,Hassan,Maize,Zaid,2025,48.33,1045.91,28.41,80.51,30.63,76.68,40.74,5.34,Rainfed,229.4,71.13,4.27,206.37,1948.71,402155.28
2631,Telangana,Warangal,Cotton,Zaid,2019,86.41,829.61,20.19,81.17,110.03,82.07,31.19,7.32,Borewell,46.5,39.54,2.81,242.81,5529.02,1342501.35
2632,Uttar Pradesh,Meerut,Maize,Rabi,2019,22.13,1255.06,25.58,75.46,26.47,93.6,44.58,8.12,Drip,249.65,29.95,5.75,127.25,2252.3,286605.18
2633,Uttar Pradesh,Agra,Groundnut,Rabi,2019,14.75,1580.24,18.22,77.59,66.17,57.23,19.22,6.35,Drip,208.85,17.46,2.66,39.23,5591.43,219351.8
2634,Haryana,Ambala,Millet,Kharif,2025,81.11,1264.78,31.78,55.4,134.87,75.61,68.58,7.62,Rainfed,182.18,35.88,2.71,219.81,3409.45,749431.2
2635,Haryana,Ambala,Maize,Rabi,2019,85.83,1612.47,34.07,45.02,101.67,93.44,135.37,6.33,Canal,23.2,47.16,4.88,418.85,1695.3,710076.41
2636,Karnataka,Hassan,Tomato,Kharif,2020,53.36,969.36,27.03,49.22,61.13,87.45,121.29,8.47,Rainfed,156.87,76.47,5.23,279.07,2284.12,637429.37
2637,Karnataka,Belgaum,Rice,Rabi,2021,14.15,979.86,26.57,94.33,95.53,73.09,102.95,6.82,Borewell,20.33,45.24,4.38,61.98,2645.03,163938.96
2638,Uttar Pradesh,Meerut,Potato,Rabi,2022,24.7,897.15,29.89,70.75,90.22,79.45,27.86,8.39,Borewell,119.17,43.37,6.36,157.09,1777.94,279296.59
2639,Tamil Nadu,Thanjavur,Rice,Zaid,2025,65.28,787.31,30.8,94.34,109.4,41.2,22.93,7.7,Borewell,175.26,70.59,4.75,310.08,2283.62,708104.89
2640,Tamil Nadu,Madurai,Onion,Rabi,2025,36.07,436.16,20.05,42.24,101.61,86.95,31.94,6.41,Canal,75.38,72.73,4.82,173.86,2098.89,364913.02
2641,Punjab,Bathinda,Cotton,Zaid,2022,76.31,1750.41,34.12,91.0,69.28,99.35,48.04,6.62,Rainfed,180.43,19.43,3.28,250.3,6589.74,1649411.92
2642,Maharashtra,Pune,Maize,Rabi,2018,84.0,590.99,25.3,59.18,91.38,82.86,75.72,5.4,Sprinkler,58.04,22.78,4.78,401.52,2207.73,886447.75
2643,Maharashtra,Kolhapur,Onion,Zaid,2022,23.46,1251.46,32.18,67.1,25.42,22.78,92.51,6.61,Borewell,165.28,6.6,5.62,131.85,2107.27,277843.55
2644,Karnataka,Mysore,Maize,Zaid,2018,56.39,1305.17,35.01,79.84,79.54,52.23,74.5,5.51,Drip,173.57,50.17,5.03,283.64,2231.1,632829.2
2645,Telangana,Warangal,Tomato,Kharif,2025,26.25,685.87,31.69,54.68,87.16,86.42,110.8,6.71,Borewell,123.59,18.55,6.26,164.32,2157.07,354449.74
2646,Uttar Pradesh,Lucknow,Maize,Kharif,2021,95.25,1209.15,18.73,78.2,93.36,53.4,96.02,8.06,Sprinkler,132.21,23.3,5.23,498.16,1888.7,940874.79
2647,Tamil Nadu,Salem,Rice,Zaid,2025,58.46,1620.98,23.49,59.89,129.04,69.51,71.52,6.81,Rainfed,171.12,36.99,4.28,250.21,2226.15,557004.99
2648,Tamil Nadu,Salem,Rice,Kharif,2019,67.95,410.72,29.42,73.62,77.97,69.03,144.55,5.09,Drip,56.53,15.52,4.73,321.4,2316.25,744442.75
2649,Uttar Pradesh,Agra,Millet,Kharif,2023,39.47,427.73,34.51,70.45,63.73,17.78,53.58,5.91,Rainfed,161.69,15.06,1.78,70.26,2597.14,182475.06
2650,Maharashtra,Satara,Wheat,Kharif,2023,41.01,1481.56,20.35,86.12,75.46,47.93,114.81,6.88,Sprinkler,48.19,48.39,4.39,180.03,2506.06,451165.98
2651,Maharashtra,Pune,Potato,Rabi,2020,40.45,452.92,25.89,47.55,134.6,63.01,123.51,6.87,Canal,34.61,72.22,5.84,236.23,1687.7,398685.37
2652,Tamil Nadu,Coimbatore,Sugarcane,Rabi,2020,14.47,709.88,35.69,64.85,96.84,29.5,133.15,7.18,Canal,69.0,60.43,7.4,107.08,3224.74,345305.16
2653,Karnataka,Mandya,Wheat,Rabi,2020,83.5,1154.02,36.36,42.44,110.24,20.4,137.61,5.86,Rainfed,138.55,31.17,3.54,295.59,2198.59,649881.22
2654,Karnataka,Bangalore,Maize,Zaid,2025,69.86,1709.65,34.24,94.45,120.31,66.63,48.95,7.29,Canal,38.21,45.4,4.8,335.33,1946.02,652558.89
2655,West Bengal,Kolkata,Tomato,Zaid,2022,93.52,865.32,23.02,84.83,120.89,34.47,130.48,5.03,Drip,120.16,23.1,6.93,648.09,2468.83,1600024.03
2656,Telangana,Hyderabad,Potato,Zaid,2020,41.91,1404.93,30.41,57.41,47.63,63.69,66.33,5.52,Drip,212.82,10.81,8.28,347.01,2125.4,737535.05
2657,Telangana,Warangal,Rice,Zaid,2018,5.68,1052.69,20.22,44.63,25.96,88.74,139.93,5.24,Rainfed,223.47,7.29,4.16,23.63,2126.37,50246.12
2658,Maharashtra,Satara,Cotton,Rabi,2020,38.87,1437.1,21.55,90.97,106.87,13.96,83.18,7.01,Canal,223.49,8.58,4.02,156.26,6885.24,1075887.6
2659,Uttar Pradesh,Kanpur,Tomato,Kharif,2020,14.38,1200.47,24.56,58.93,51.45,12.46,144.72,7.62,Canal,195.19,43.18,7.18,103.25,2235.62,230827.76
2660,Uttar Pradesh,Varanasi,Cotton,Zaid,2023,78.77,840.9,19.56,74.93,53.21,83.36,17.27,8.32,Rainfed,204.52,64.75,2.72,214.25,6932.83,1485358.83
2661,Tamil Nadu,Salem,Rice,Kharif,2022,16.72,1531.81,20.82,64.05,107.98,97.67,16.28,6.33,Sprinkler,150.89,24.98,4.98,83.27,2426.33,202040.5
2662,Karnataka,Mandya,Rice,Zaid,2023,7.69,1098.63,27.05,75.53,114.22,56.3,56.43,7.9,Sprinkler,175.66,45.04,5.11,39.3,2218.43,87184.3
2663,Uttar Pradesh,Agra,Tomato,Zaid,2025,59.71,571.61,34.49,81.9,59.72,44.17,78.97,5.11,Canal,84.83,27.63,5.72,341.54,2675.19,913684.39
2664,Punjab,Ludhiana,Onion,Rabi,2019,33.7,1600.31,28.87,83.11,50.62,54.47,83.5,7.45,Drip,199.04,34.24,6.07,204.56,2115.51,432748.73
2665,Punjab,Jalandhar,Groundnut,Zaid,2022,52.6,1367.89,24.94,70.54,24.8,54.66,130.68,6.59,Rainfed,45.33,11.86,2.26,118.88,5488.92,652522.81
2666,Haryana,Ambala,Cotton,Zaid,2024,12.5,1711.59,18.95,71.26,24.69,36.19,17.21,6.99,Drip,57.82,60.92,3.07,38.38,5661.97,217306.41
2667,Haryana,Panipat,Groundnut,Rabi,2019,87.36,443.68,35.0,52.12,121.75,68.44,32.1,6.95,Sprinkler,154.38,61.72,2.39,208.79,5644.68,1178552.74
2668,Kerala,Kochi,Rice,Kharif,2019,1.44,1221.64,33.93,91.7,67.31,32.68,69.08,6.98,Sprinkler,193.26,61.49,5.45,7.85,2231.45,17516.88
2669,Haryana,Rohtak,Tomato,Zaid,2021,69.58,485.56,24.52,41.99,98.59,31.59,98.34,6.45,Canal,90.97,13.37,5.87,408.43,2772.91,1132539.63
2670,Tamil Nadu,Madurai,Maize,Zaid,2019,18.48,1292.39,28.63,55.91,134.69,23.4,89.87,8.23,Sprinkler,196.42,59.32,5.34,98.68,2175.2,214648.74
2671,Tamil Nadu,Coimbatore,Maize,Rabi,2019,89.28,1521.4,21.42,51.38,71.08,32.41,69.16,5.56,Borewell,205.73,49.5,5.45,486.58,2115.98,1029593.55
2672,Karnataka,Mandya,Millet,Kharif,2021,62.79,1798.72,34.36,73.12,80.84,70.58,19.85,7.85,Drip,183.03,45.72,2.59,162.63,3354.77,545586.25
2673,Telangana,Hyderabad,Potato,Zaid,2020,26.69,983.84,28.76,74.35,37.6,23.53,110.94,7.32,Drip,101.82,59.59,6.21,165.74,2042.7,338557.1
2674,Karnataka,Mysore,Potato,Rabi,2020,88.65,693.65,28.09,,76.68,50.19,39.33,8.16,Drip,60.97,56.33,6.63,587.75,1820.09,1069757.9
2675,West Bengal,Murshidabad,Potato,Rabi,2021,25.51,1377.55,23.01,57.61,39.69,74.58,119.58,7.08,Canal,217.27,4.16,7.66,195.41,2071.9,404869.98
2676,West Bengal,Burdwan,Wheat,Kharif,2018,62.95,561.74,19.54,48.6,27.61,90.37,27.69,7.2,Sprinkler,52.74,9.23,3.55,223.47,2100.05,469298.17
2677,Haryana,Karnal,Cotton,Zaid,2019,28.37,480.98,33.06,53.96,88.39,42.4,126.35,7.61,Rainfed,21.66,78.83,1.99,56.46,7205.35,406814.06
2678,Karnataka,Mandya,Wheat,Rabi,2019,43.04,1729.87,30.14,66.29,32.98,46.6,133.61,6.35,Canal,126.76,66.62,4.37,188.08,2015.01,378983.08
2679,Telangana,Karimnagar,Groundnut,Zaid,2022,22.42,669.7,31.08,54.02,64.43,31.78,105.59,7.11,Canal,192.72,46.41,2.69,60.31,5017.04,302577.68
2680,Haryana,Rohtak,Maize,Rabi,2018,63.71,1628.68,20.04,76.77,55.15,22.21,73.93,8.36,Drip,174.45,5.1,5.91,376.53,1911.36,719684.38
2681,Karnataka,Mysore,Wheat,Rabi,2020,43.33,558.23,31.13,94.76,67.65,82.87,40.2,5.54,Rainfed,176.94,30.09,3.29,142.56,2281.11,325195.04
2682,Kerala,Kannur,Groundnut,Zaid,2023,33.35,825.35,19.47,86.12,89.86,44.07,93.66,7.6,Sprinkler,230.75,28.5,2.98,99.38,4991.67,496072.16
2683,Punjab,Patiala,Groundnut,Zaid,2023,49.71,1614.75,19.73,90.63,136.17,67.91,122.99,7.14,Drip,201.55,10.12,3.48,172.99,6333.88,1095697.9
2684,Karnataka,Hassan,Cotton,Kharif,2019,22.79,415.35,35.33,89.52,35.77,33.48,108.51,5.64,Borewell,244.55,63.14,2.8,63.81,6795.14,433597.88
2685,Andhra Pradesh,Chittoor,Maize,Rabi,2025,59.26,1784.3,22.45,68.44,55.15,65.58,107.16,5.75,Drip,216.47,57.75,6.16,365.04,1637.99,597931.87
2686,Uttar Pradesh,Meerut,Sugarcane,Zaid,2021,69.32,1343.39,32.18,94.79,35.45,66.39,83.38,8.21,Canal,234.42,33.2,9.56,662.7,3349.54,2219740.16
2687,Maharashtra,Pune,Wheat,Zaid,2020,5.71,1314.27,20.35,66.18,127.65,44.38,53.83,8.2,Drip,21.72,77.28,4.22,24.1,2142.56,51635.7
2688,Punjab,Ludhiana,Millet,Kharif,2020,66.49,1569.51,37.77,82.86,132.74,82.16,147.25,7.62,Borewell,204.88,18.7,2.66,176.86,3165.77,559898.08
2689,Punjab,Bathinda,Wheat,Rabi,2024,59.67,834.59,21.22,83.99,42.09,33.06,14.89,5.32,Borewell,25.82,37.52,3.53,210.64,2579.16,543274.26
2690,Karnataka,Hassan,Maize,Kharif,2019,72.76,560.83,32.89,41.09,31.33,17.69,112.23,6.49,Rainfed,71.11,62.34,3.36,244.47,1937.55,473672.85
2691,Andhra Pradesh,Nellore,Rice,Rabi,2021,30.01,964.56,31.09,41.76,135.72,89.79,40.99,8.08,Borewell,111.89,60.61,3.97,119.14,2347.45,279675.19
2692,Andhra Pradesh,Nellore,Tomato,Rabi,2019,68.04,1250.17,34.15,49.52,73.99,79.61,125.66,5.71,Rainfed,40.35,67.93,4.6,312.98,2218.39,694311.7
2693,Kerala,Thrissur,Sugarcane,Rabi,2019,39.63,772.98,35.77,66.48,128.14,87.25,109.35,6.02,Drip,215.63,6.15,9.77,387.19,3713.31,1437756.5
2694,Andhra Pradesh,Kurnool,Onion,Zaid,2018,37.6,527.54,37.13,75.06,77.31,15.2,114.36,6.76,Canal,236.34,76.32,5.65,212.44,2040.15,433409.47
2695,Maharashtra,Nagpur,Sugarcane,Rabi,2023,48.8,1619.88,22.28,84.98,104.39,36.42,36.7,7.18,Rainfed,203.17,26.7,7.57,369.42,3243.48,1198206.38
2696,Haryana,Hisar,Tomato,Rabi,2025,23.06,808.13,33.79,77.57,139.23,51.65,54.32,7.41,Sprinkler,61.96,55.95,5.42,124.99,2991.39,373893.84
2697,Telangana,Karimnagar,Wheat,Kharif,2024,88.37,1746.36,36.32,65.64,84.63,31.16,146.45,5.85,Drip,145.0,24.63,5.13,453.34,2046.83,927909.91
2698,Uttar Pradesh,Meerut,Millet,Zaid,2025,38.06,1509.38,33.6,59.09,123.0,27.11,59.13,5.91,Borewell,48.04,5.18,2.52,95.91,3366.69,322899.24
2699,Maharashtra,Satara,Sugarcane,Rabi,2020,60.53,1792.21,30.71,46.51,76.96,71.27,137.15,5.11,Rainfed,234.66,36.56,8.4,508.45,4077.74,2073326.9
2700,West Bengal,Kolkata,Groundnut,Kharif,2023,23.8,347.53,23.19,60.24,39.27,45.74,61.06,5.98,Borewell,104.12,40.36,1.74,41.41,6854.03,283825.38
2701,Maharashtra,Satara,Sugarcane,Kharif,2023,37.0,825.16,19.36,76.13,68.47,85.5,29.22,6.19,Sprinkler,214.43,67.15,9.1,336.7,3309.29,1114237.94
2702,Kerala,Palakkad,Tomato,Kharif,2023,33.23,1340.32,27.17,54.95,100.19,87.08,133.04,6.97,Rainfed,215.74,70.52,6.0,199.38,2514.75,501390.85
2703,Tamil Nadu,Salem,Cotton,Zaid,2023,84.15,1301.46,23.97,60.48,92.04,10.17,53.72,5.89,Canal,108.32,28.07,3.04,255.82,6594.5,1687004.99
2704,Karnataka,Hassan,Wheat,Kharif,2025,11.08,1522.02,29.2,58.93,134.1,46.35,16.93,5.84,Borewell,174.44,65.35,4.37,48.42,2316.42,112161.06
2705,Maharashtra,Nagpur,Onion,Kharif,2021,42.81,1318.14,31.52,50.85,137.23,84.82,32.4,6.82,Sprinkler,241.81,11.91,6.06,259.43,2090.85,542429.22
2706,West Bengal,Hooghly,Millet,Zaid,2021,64.18,819.21,37.89,86.24,105.35,58.05,120.11,5.54,Sprinkler,145.81,27.01,2.14,137.35,3525.27,484195.83
2707,Telangana,Nalgonda,Millet,Kharif,2021,60.16,938.59,37.96,77.58,54.61,10.4,31.55,5.02,Borewell,196.36,16.59,2.47,148.6,3074.89,456928.65
2708,Tamil Nadu,Coimbatore,Tomato,Zaid,2019,58.26,1677.32,33.65,41.01,105.7,89.68,144.34,5.79,Borewell,162.76,76.65,6.6,384.52,2651.01,1019366.37
2709,Kerala,Kochi,Cotton,Rabi,2023,21.87,1105.56,37.93,48.78,45.55,50.8,33.88,5.78,Drip,68.9,73.02,2.96,64.74,5714.71,369970.33
2710,Karnataka,Belgaum,Rice,Kharif,2021,73.54,403.47,28.63,94.6,51.67,58.48,121.07,5.07,Drip,93.84,9.87,4.64,341.23,2690.5,918079.32
2711,Telangana,Hyderabad,Sugarcane,Zaid,2020,13.9,511.66,23.8,74.07,118.5,57.41,125.48,5.74,Canal,224.89,28.61,8.68,120.65,4114.36,496397.53
2712,Tamil Nadu,Coimbatore,Onion,Rabi,2018,74.03,1663.47,26.91,83.26,108.27,,14.81,5.35,Drip,124.68,11.95,6.08,450.1,1895.74,853272.57
2713,Haryana,Rohtak,Maize,Kharif,2021,94.62,1425.25,27.44,63.18,95.66,83.57,119.34,6.83,Canal,95.96,14.2,5.41,511.89,2077.9,1063656.23
2714,Andhra Pradesh,Krishna,Groundnut,Kharif,2024,63.33,826.39,35.59,67.12,115.64,14.54,144.17,6.19,Borewell,159.43,17.6,2.5,158.32,6516.58,1031704.95
2715,Haryana,Hisar,Cotton,Zaid,2022,87.1,495.41,33.72,94.58,109.95,78.19,132.46,6.43,Canal,101.36,58.08,2.54,221.23,6202.79,1372243.23
2716,Uttar Pradesh,Agra,Cotton,Rabi,2021,54.86,1270.56,21.66,50.66,106.91,76.32,62.51,8.06,Sprinkler,206.39,21.0,3.77,206.82,7481.92,1547410.69
2717,Telangana,Warangal,Groundnut,Kharif,2025,78.37,1227.49,36.72,77.83,70.65,96.07,72.15,6.74,Rainfed,87.04,62.47,2.22,173.98,6199.11,1078521.16
2718,Maharashtra,Nagpur,Potato,Kharif,2021,88.34,669.24,27.66,61.4,110.51,67.55,38.93,7.78,Sprinkler,197.66,68.52,7.04,621.91,2154.65,1339998.38
2719,Maharashtra,Pune,Onion,Kharif,2021,50.1,1209.82,28.47,67.87,,93.33,47.81,7.27,Canal,229.25,32.11,6.41,321.14,2309.13,741554.01
2720,Maharashtra,Kolhapur,Onion,Rabi,2024,12.73,1321.52,20.83,85.79,66.31,42.3,30.85,8.16,Drip,74.4,79.71,5.49,69.89,2321.1,162221.68
2721,Andhra Pradesh,Nellore,Cotton,Zaid,2024,87.92,739.91,30.1,65.16,31.05,30.54,87.51,7.64,Borewell,234.08,23.16,3.57,313.87,6789.73,2131092.56
2722,Uttar Pradesh,Varanasi,Tomato,Zaid,2019,64.54,1769.68,36.15,92.23,127.87,98.73,108.86,8.36,Rainfed,50.34,55.24,5.24,338.19,2939.72,994183.91
2723,West Bengal,Kolkata,Tomato,Kharif,2019,31.93,1690.03,28.47,51.96,112.83,34.36,123.65,6.22,Rainfed,22.86,38.55,5.65,180.4,2848.81,513925.32
2724,West Bengal,Kolkata,Maize,Zaid,2023,36.45,787.1,24.05,89.35,81.39,75.79,39.33,5.89,Rainfed,208.02,44.64,4.56,166.21,1703.4,283122.11
2725,Maharashtra,Kolhapur,Rice,Zaid,2021,63.06,1556.42,29.79,92.59,112.94,75.44,135.6,7.63,Canal,208.88,45.09,5.34,336.74,2724.47,917438.03
2726,Andhra Pradesh,Guntur,Cotton,Kharif,2024,13.17,1322.4,21.22,79.16,138.02,60.84,132.02,5.09,Drip,162.45,37.03,3.69,48.6,5986.13,290925.92
2727,Karnataka,Bangalore,Maize,Kharif,2021,16.96,776.86,23.28,77.81,80.7,40.7,133.26,8.48,Sprinkler,70.44,48.02,4.83,81.92,1886.77,154564.2
2728,Punjab,Jalandhar,Wheat,Rabi,2025,83.12,1278.26,18.7,,97.94,47.26,12.19,7.41,Canal,180.41,7.04,4.37,363.23,2548.57,925717.08
2729,Uttar Pradesh,Varanasi,Tomato,Zaid,2022,84.28,1491.4,24.36,47.69,58.87,11.99,90.0,5.86,Canal,120.0,21.74,6.45,543.61,2817.11,1531409.17
2730,West Bengal,Kolkata,Maize,Zaid,2018,38.76,309.49,37.54,68.67,71.48,18.69,26.3,5.89,Sprinkler,59.06,26.31,4.6,178.3,1798.9,320743.87
2731,Haryana,Hisar,Maize,Rabi,2021,99.78,1433.87,19.94,68.64,20.99,14.28,75.31,8.05,Borewell,24.22,19.84,5.04,502.89,2262.37,1137723.25
2732,Tamil Nadu,Trichy,Cotton,Kharif,2021,28.94,756.6,32.43,66.49,93.58,60.21,69.83,7.62,Rainfed,241.04,56.06,2.53,73.22,5870.13,429810.92
2733,Maharashtra,Nashik,Groundnut,Rabi,2024,43.16,333.22,21.2,76.16,22.24,81.28,33.49,8.22,Borewell,32.86,9.58,2.54,109.63,6232.41,683259.11
2734,Telangana,Karimnagar,Cotton,Zaid,2022,50.4,497.87,34.81,68.22,36.3,56.17,44.24,8.23,Rainfed,34.58,76.49,2.36,118.94,5641.43,670991.68
2735,Kerala,Kannur,Onion,Rabi,2020,72.91,1225.51,32.27,88.36,71.05,20.07,120.49,5.45,Canal,198.8,17.74,5.53,403.19,2042.4,823475.26
2736,Uttar Pradesh,Meerut,Onion,Kharif,2025,16.32,1712.55,29.5,81.1,88.45,81.48,108.71,5.98,Drip,56.4,26.63,5.71,93.19,2272.9,211811.55
2737,Maharashtra,Satara,Millet,Kharif,2025,78.95,671.06,22.64,50.98,92.61,47.35,67.95,5.64,Canal,83.61,6.23,2.1,165.8,2986.82,495214.76
2738,Kerala,Kollam,Cotton,Kharif,2024,20.34,1540.59,20.23,46.28,24.97,72.01,124.03,5.46,Rainfed,127.48,18.64,2.74,55.73,5952.54,331735.05
2739,Uttar Pradesh,Kanpur,Sugarcane,Zaid,2018,2.55,1291.33,21.14,65.98,125.37,15.36,60.73,7.16,Borewell,30.2,32.35,7.66,19.53,3977.53,77681.16
2740,Kerala,Palakkad,Groundnut,Kharif,2018,85.83,463.51,28.42,68.41,79.27,23.53,69.1,5.22,Drip,236.04,69.31,2.96,254.06,6457.79,1640666.13
2741,Haryana,Hisar,Onion,Rabi,2020,93.78,890.88,20.53,72.16,72.3,92.13,85.41,5.33,Borewell,225.31,77.73,5.73,537.36,2442.53,1312517.92
2742,Haryana,Rohtak,Maize,Kharif,2023,13.36,1408.16,35.76,47.06,41.94,54.9,38.73,6.17,Drip,195.37,10.31,5.95,79.49,1795.48,142722.71
2743,Haryana,Karnal,Sugarcane,Kharif,2019,25.62,1124.74,26.9,52.41,116.14,63.97,68.83,5.44,Drip,197.52,8.83,9.84,252.1,4002.36,1008994.96
2744,Karnataka,Bangalore,Millet,Zaid,2018,73.41,467.4,32.12,67.75,39.91,91.17,41.84,5.18,Borewell,158.02,41.18,2.43,178.39,3568.06,636506.22
2745,Maharashtra,Pune,Maize,Kharif,2022,69.26,1006.65,26.24,83.05,125.03,68.03,117.25,7.82,Drip,157.05,72.92,5.61,388.55,1686.34,655227.41
2746,Haryana,Ambala,Rice,Zaid,2025,87.75,567.4,34.39,66.97,54.34,99.46,91.76,6.41,Drip,113.47,75.68,5.18,454.54,2397.49,1089755.1
2747,Andhra Pradesh,Guntur,Millet,Zaid,2025,8.36,689.56,21.19,93.99,103.52,69.04,106.79,6.5,Canal,64.05,62.04,2.13,17.81,3137.88,55885.64
2748,Maharashtra,Pune,Wheat,Kharif,2022,62.38,1703.55,20.73,46.83,45.08,23.36,84.92,5.16,Sprinkler,214.99,8.83,4.73,295.06,2160.32,637424.02
2749,Punjab,Bathinda,Wheat,Zaid,2022,19.74,1127.85,18.85,87.65,86.56,38.83,100.11,7.26,Rainfed,81.34,55.73,3.76,74.22,1885.17,139917.32
2750,Uttar Pradesh,Lucknow,Cotton,Kharif,2025,33.01,580.5,28.21,74.29,23.97,96.25,13.85,5.01,Canal,226.88,27.94,3.42,112.89,7361.02,830985.55
2751,Tamil Nadu,Coimbatore,Tomato,Rabi,2024,2.15,797.82,27.77,75.31,108.77,73.48,68.95,5.31,Sprinkler,36.34,74.64,5.82,12.51,2942.75,36813.8
2752,Punjab,Jalandhar,Millet,Rabi,2018,20.1,667.94,27.46,45.06,96.81,54.55,62.74,8.25,Rainfed,76.43,6.59,1.64,32.96,3307.46,109013.88
2753,Telangana,Warangal,Potato,Kharif,2023,60.41,530.67,33.63,43.35,75.44,92.89,84.42,6.51,Borewell,66.61,31.9,5.46,329.84,1673.28,551914.68
2754,Kerala,Kollam,Groundnut,Rabi,2024,93.85,1697.48,21.42,68.43,66.88,93.38,107.09,7.74,Rainfed,40.88,39.43,1.69,158.61,6757.41,1071792.8
2755,Uttar Pradesh,Lucknow,Tomato,Rabi,2023,38.12,506.74,26.02,83.06,84.7,92.02,134.94,7.98,Rainfed,139.36,51.1,4.63,176.5,2683.01,473551.27
2756,Haryana,Panipat,Rice,Rabi,2022,51.72,1377.83,25.09,50.66,133.76,69.55,101.67,5.02,Sprinkler,170.45,19.77,5.43,280.84,2752.72,773073.88
2757,West Bengal,Nadia,Onion,Zaid,2021,83.63,1662.97,25.33,91.85,33.81,11.12,115.14,6.07,Sprinkler,206.28,8.32,5.61,469.16,2449.05,1148996.3
2758,Telangana,Nalgonda,Maize,Kharif,2020,69.01,1732.82,18.8,41.6,59.06,40.1,139.21,7.93,Borewell,204.25,15.17,5.38,371.27,2056.74,763605.86
2759,Telangana,Nalgonda,Potato,Rabi,2025,51.31,339.37,22.41,44.43,32.69,76.79,58.16,5.1,Canal,161.9,3.46,6.61,339.16,1643.24,557321.28
2760,Tamil Nadu,Thanjavur,Maize,Zaid,2021,38.57,946.84,22.17,58.37,118.53,31.53,110.92,8.25,Sprinkler,173.99,68.68,5.4,208.28,2075.52,432289.31
2761,Karnataka,Mysore,Onion,Zaid,2019,98.34,602.67,21.62,52.26,139.7,30.66,47.37,5.17,Sprinkler,109.51,5.81,5.45,535.95,2496.95,1338240.35
2762,Punjab,Ludhiana,Millet,Kharif,2019,17.96,1275.36,33.67,43.37,47.42,44.42,10.31,6.02,Canal,64.7,78.24,2.57,46.16,3326.48,153550.32
2763,Andhra Pradesh,Nellore,Onion,Kharif,2022,57.96,1098.99,23.6,57.3,66.19,97.29,57.53,7.59,Drip,211.46,19.64,6.06,351.24,1939.11,681093.0
2764,Haryana,Hisar,Groundnut,Zaid,2024,65.67,728.51,25.7,82.0,130.55,92.31,87.41,7.21,Borewell,56.7,63.18,2.52,165.49,6943.25,1149038.44
2765,Andhra Pradesh,Kurnool,Rice,Zaid,2025,17.32,815.7,24.86,84.84,97.3,24.92,88.23,6.03,Canal,166.89,78.7,4.81,83.31,2806.6,233817.85
2766,Maharashtra,Nagpur,Sugarcane,Zaid,2019,85.12,1370.67,36.84,73.94,30.4,74.65,47.06,5.4,Borewell,80.81,2.19,8.35,710.75,3970.73,2822196.35
2767,West Bengal,Nadia,Cotton,Kharif,2018,79.06,1577.04,21.18,59.46,132.08,11.31,64.25,5.4,Drip,177.53,30.89,3.52,278.29,7726.71,2150266.13
2768,Tamil Nadu,Madurai,Cotton,Zaid,2018,66.85,303.78,29.27,47.8,29.52,57.18,98.52,5.33,Drip,84.55,39.41,3.27,218.6,6577.8,1437907.08
2769,Andhra Pradesh,Krishna,Sugarcane,Zaid,2023,21.6,1062.65,27.76,55.49,38.09,70.43,13.49,5.82,Rainfed,53.33,71.48,6.48,139.97,3366.86,471259.39
2770,Punjab,Patiala,Millet,Kharif,2021,22.55,1352.12,32.82,94.04,87.42,46.82,93.32,7.1,Sprinkler,52.94,59.11,2.19,49.38,2779.7,137261.59
2771,West Bengal,Burdwan,Tomato,Kharif,2018,64.79,553.06,18.24,47.18,43.74,79.65,72.56,6.64,Drip,41.12,39.22,5.66,366.71,2677.69,981935.7
2772,Telangana,Warangal,Onion,Kharif,2022,57.44,1246.77,28.18,72.13,125.11,15.56,64.36,7.07,Borewell,235.24,58.45,6.16,353.83,1981.51,701117.68
2773,Uttar Pradesh,Lucknow,Maize,Rabi,2024,12.25,1144.01,36.45,41.53,86.61,67.52,14.15,6.86,Rainfed,211.92,23.07,4.48,54.88,1804.48,99029.86
2774,Haryana,Panipat,Cotton,Kharif,2025,2.91,716.37,35.31,69.97,23.94,99.98,116.69,6.19,Rainfed,246.99,57.15,3.07,8.93,5715.45,51038.97
2775,Haryana,Hisar,Rice,Rabi,2020,69.85,953.23,29.79,69.51,105.38,28.4,49.58,6.56,Borewell,199.95,22.35,5.1,356.23,2586.84,921510.01
2776,Kerala,Kollam,Sugarcane,Zaid,2018,19.16,1651.2,33.49,89.43,51.38,74.95,101.19,8.1,Borewell,206.1,6.85,9.55,182.98,3997.45,731453.4
2777,West Bengal,Murshidabad,Wheat,Kharif,2021,63.75,1718.4,23.02,76.21,39.59,98.54,69.84,8.42,Sprinkler,129.68,21.18,4.83,307.91,2613.04,804581.15
2778,Telangana,Warangal,Groundnut,Rabi,2018,51.54,584.59,32.35,66.46,81.96,74.05,129.59,6.13,Rainfed,209.5,30.21,2.44,125.76,5149.47,647597.35
2779,West Bengal,Murshidabad,Potato,Rabi,2020,21.07,1073.4,34.52,80.55,90.88,30.09,84.54,6.84,Drip,73.37,29.53,6.91,145.59,1845.17,268638.3
2780,Uttar Pradesh,Kanpur,Potato,Rabi,2025,36.67,1006.05,24.05,53.54,22.19,17.88,112.11,6.44,Sprinkler,218.92,70.65,7.1,260.36,1890.31,492161.11
2781,Telangana,Karimnagar,Cotton,Rabi,2019,95.99,1774.54,27.28,84.11,64.59,20.79,83.23,7.07,Borewell,40.89,52.77,3.01,288.93,6456.95,1865606.56
2782,Andhra Pradesh,Kurnool,Potato,Zaid,2019,33.71,469.52,21.2,60.94,45.86,45.51,135.24,6.95,Sprinkler,177.96,10.29,6.57,221.47,1998.4,442585.65
2783,West Bengal,Kolkata,Potato,Kharif,2024,37.48,1697.35,22.23,58.54,136.88,38.08,100.23,5.84,Rainfed,209.11,38.14,6.43,241.0,1883.67,453964.47
2784,Punjab,Patiala,Cotton,Rabi,2022,56.22,913.8,37.54,55.96,29.28,19.98,40.32,6.92,Sprinkler,138.68,43.92,2.83,159.1,7097.09,1129147.02
2785,Haryana,Hisar,Groundnut,Zaid,2021,55.77,339.63,20.6,63.38,126.0,31.57,86.9,5.4,Sprinkler,239.22,79.88,2.72,151.69,5591.43,848164.02
2786,Telangana,Nalgonda,Tomato,Zaid,2020,96.58,784.6,22.63,73.69,62.44,63.86,26.55,7.71,Sprinkler,240.05,12.37,6.6,637.43,2836.83,1808280.55
2787,Kerala,Kollam,Onion,Zaid,2021,43.71,560.07,35.65,49.13,77.29,57.33,57.76,6.1,Drip,107.51,55.08,5.18,226.42,2465.52,558243.04
2788,West Bengal,Kolkata,Maize,Zaid,2024,77.76,1495.97,31.01,67.36,26.94,50.85,11.96,5.77,Sprinkler,44.28,33.31,4.62,359.25,2131.67,765802.45
2789,Punjab,Jalandhar,Millet,Zaid,2023,44.67,1644.03,29.27,64.93,108.48,48.19,87.54,6.49,Borewell,242.82,26.24,2.73,121.95,2702.24,329538.17
2790,Telangana,Hyderabad,Millet,Rabi,2025,10.77,892.48,19.87,61.98,37.54,82.64,80.02,5.38,Rainfed,204.87,52.32,2.2,23.69,2792.31,66149.82
2791,West Bengal,Kolkata,Sugarcane,Rabi,2024,11.63,1067.83,34.23,56.66,34.51,48.95,62.61,6.5,Rainfed,108.12,23.46,6.89,80.13,3091.29,247705.07
2792,Karnataka,Mandya,Sugarcane,Kharif,2018,55.82,1000.15,19.51,80.2,82.3,39.34,95.83,8.12,Rainfed,39.01,35.43,6.55,365.62,4107.68,1501849.96
2793,Kerala,Palakkad,Onion,Rabi,2019,44.19,635.77,29.17,90.18,126.64,71.96,27.88,6.3,Canal,76.69,54.33,5.07,224.04,2087.24,467625.25
2794,Kerala,Kannur,Onion,Rabi,2020,35.31,684.63,22.16,63.16,21.6,90.87,28.91,7.68,Canal,231.64,12.07,5.69,200.91,2603.88,523145.53
2795,Telangana,Hyderabad,Onion,Kharif,2020,7.19,556.4,20.58,85.27,25.45,27.68,71.31,6.73,Sprinkler,158.99,74.68,4.96,35.66,2169.86,77377.21
2796,Haryana,Rohtak,Tomato,Kharif,2019,61.94,1461.33,29.17,62.69,92.87,60.35,55.22,6.93,Canal,81.85,63.78,6.04,374.12,2438.62,912336.51
2797,Uttar Pradesh,Lucknow,Sugarcane,Kharif,2019,22.97,992.21,21.18,89.01,80.94,91.68,77.89,7.29,Canal,101.27,64.3,7.87,180.77,3642.75,658499.92
2798,Kerala,Thrissur,Maize,Zaid,2020,79.54,1703.59,28.74,64.79,104.25,71.35,11.65,8.03,Rainfed,171.77,44.51,4.66,370.66,1884.39,698468.0
2799,West Bengal,Kolkata,Groundnut,Zaid,2020,58.41,1062.77,25.73,68.18,71.07,39.46,59.07,5.93,Drip,206.26,51.03,3.08,179.9,5295.73,952701.83
2800,Telangana,Karimnagar,Millet,Kharif,2019,1.83,1735.29,30.62,62.36,122.63,16.59,22.6,6.46,Borewell,47.73,4.19,2.66,4.87,2665.38,12980.4
2801,Punjab,Patiala,Groundnut,Zaid,2022,66.07,426.93,22.55,41.13,105.18,26.41,42.08,6.32,Drip,237.26,35.87,2.97,196.23,5845.31,1147025.18
2802,Haryana,Karnal,Sugarcane,Rabi,2021,20.2,1455.31,36.29,61.23,138.74,61.97,77.18,7.45,Drip,126.0,49.1,9.05,182.81,3803.55,695326.98
2803,Kerala,Kollam,Cotton,Kharif,2021,60.5,1469.55,35.46,52.12,64.09,66.59,129.03,5.9,Drip,115.06,12.56,3.44,208.12,7000.46,1456935.74
2804,Punjab,Bathinda,Groundnut,Zaid,2023,10.82,1490.88,28.49,80.6,82.32,68.15,136.48,5.23,Drip,70.91,40.36,2.87,31.05,6772.92,210299.17
2805,Tamil Nadu,Salem,Millet,Rabi,2022,30.67,1639.35,23.61,63.97,98.53,42.62,78.69,7.86,Canal,67.01,74.58,2.44,74.83,2563.28,191810.24
2806,Kerala,Kollam,Potato,Zaid,2025,85.94,466.18,32.53,85.84,111.42,35.05,29.35,5.93,Rainfed,157.4,47.6,5.19,446.03,1787.44,797251.86
2807,Uttar Pradesh,Agra,Potato,Kharif,2023,63.89,407.46,28.24,73.33,60.06,40.55,82.11,7.49,Canal,24.17,20.04,5.22,333.51,2032.35,677809.05
2808,Punjab,Ludhiana,Maize,Rabi,2018,3.31,1074.36,36.5,41.21,50.75,33.59,132.86,6.09,Borewell,114.6,66.13,4.56,15.09,1758.61,26537.42
2809,Uttar Pradesh,Agra,Onion,Zaid,2023,22.8,1630.66,33.89,75.46,119.5,27.8,43.55,5.23,Rainfed,26.63,26.57,4.43,101.0,1876.83,189559.83
2810,Telangana,Hyderabad,Groundnut,Zaid,2020,15.76,1631.0,27.39,94.06,126.82,21.56,76.53,8.48,Canal,92.63,28.51,2.93,46.18,4953.85,228768.79
2811,West Bengal,Burdwan,Sugarcane,Zaid,2023,5.4,1756.1,28.58,83.54,136.02,81.05,78.23,5.57,Sprinkler,98.26,12.13,9.26,50.0,3616.5,180825.0
2812,Uttar Pradesh,Meerut,Tomato,Rabi,2020,56.68,929.38,36.19,77.22,92.83,24.05,57.87,7.58,Drip,201.07,59.37,6.76,383.16,2902.37,1112072.09
2813,Uttar Pradesh,Lucknow,Cotton,Rabi,2025,18.52,1432.39,37.95,50.22,94.07,57.81,145.3,6.13,Rainfed,164.2,23.54,2.64,48.89,7187.18,351381.23
2814,Tamil Nadu,Thanjavur,Potato,Kharif,2022,25.22,1503.4,31.63,47.05,130.34,60.34,145.27,6.37,Sprinkler,201.02,24.94,7.68,193.69,1581.28,306278.12
2815,Tamil Nadu,Thanjavur,Rice,Zaid,2019,21.17,1593.31,35.8,49.86,26.16,70.02,120.75,6.56,Sprinkler,60.17,22.7,4.28,90.61,2693.47,244055.32
2816,Haryana,Hisar,Onion,Rabi,2021,77.38,1327.36,34.46,61.26,105.99,68.6,70.55,8.1,Sprinkler,200.79,21.31,6.08,470.47,2456.7,1155803.65
2817,Maharashtra,Kolhapur,Groundnut,Rabi,2023,63.97,826.13,18.96,72.85,84.49,78.98,122.52,8.02,Borewell,87.58,30.56,1.8,115.15,5353.62,616469.34
2818,Punjab,Amritsar,Rice,Zaid,2024,52.42,1268.02,30.49,90.84,94.98,79.28,47.49,7.09,Drip,165.75,2.74,5.87,307.71,2434.56,749138.46
2819,Kerala,Palakkad,Groundnut,Zaid,2025,81.52,1799.94,22.62,44.1,102.94,89.78,30.14,7.8,Rainfed,126.63,28.67,2.46,200.54,6407.93,1285046.28
2820,Andhra Pradesh,Nellore,Rice,Rabi,2021,89.41,402.18,37.78,75.87,76.0,98.28,149.0,6.51,Sprinkler,137.17,34.13,4.56,407.71,2789.39,1137262.2
2821,Tamil Nadu,Trichy,Onion,Rabi,2021,97.06,1678.52,26.35,75.42,94.46,87.11,27.02,5.74,Canal,128.53,17.5,5.99,581.39,2013.04,1170361.33
2822,Andhra Pradesh,Nellore,Maize,Zaid,2019,78.81,1470.99,24.32,55.93,78.81,95.57,124.34,5.74,Sprinkler,59.28,57.11,5.19,409.02,1635.81,669079.01
2823,Maharashtra,Nagpur,Tomato,Rabi,2018,78.57,1572.49,25.43,83.8,28.63,35.11,81.1,6.11,Canal,21.27,32.24,5.83,458.06,2721.33,1246532.42
2824,Andhra Pradesh,Krishna,Onion,Kharif,2023,20.7,517.95,31.75,68.28,79.89,78.08,51.67,7.27,Sprinkler,209.42,65.85,5.48,113.44,1928.37,218754.29
2825,Maharashtra,Nashik,Millet,Zaid,2023,47.31,1629.79,22.45,61.77,122.08,80.39,148.64,5.85,Canal,195.09,7.8,2.44,115.44,3083.91,356006.57
2826,Karnataka,Mandya,Rice,Zaid,2021,65.38,1017.05,18.48,59.16,97.36,55.56,31.27,8.26,Borewell,242.79,22.71,5.16,337.36,2441.76,823752.15
2827,Andhra Pradesh,Nellore,Onion,Kharif,2025,40.65,1788.0,29.36,89.55,86.76,95.01,23.9,7.45,Rainfed,80.39,57.77,5.19,210.97,2110.67,445288.05
2828,West Bengal,Burdwan,Maize,Zaid,2020,77.01,727.47,30.93,50.56,81.79,39.65,10.69,5.14,Rainfed,233.45,36.53,4.16,320.36,2119.19,678903.71
2829,Kerala,Palakkad,Millet,Zaid,2022,60.67,901.95,24.56,93.76,70.54,24.48,23.52,6.88,Canal,228.9,13.65,2.57,155.92,3034.69,473168.86
2830,Punjab,Bathinda,Millet,Kharif,2022,24.34,1188.35,25.32,45.8,98.63,78.22,136.56,7.68,Rainfed,230.47,63.63,1.79,43.57,3371.36,146890.16
2831,Kerala,Kannur,Potato,Rabi,2018,35.21,959.74,23.6,70.81,37.04,,11.37,5.66,Borewell,169.38,43.76,6.6,232.39,1536.21,356999.84
2832,Tamil Nadu,Madurai,Millet,Rabi,2021,7.86,1653.81,27.81,71.71,122.41,87.58,62.05,7.91,Sprinkler,239.51,30.56,2.86,22.48,2651.72,59610.67
2833,Telangana,Karimnagar,Tomato,Rabi,2024,82.31,1535.07,23.4,75.86,92.98,97.89,57.28,6.65,Drip,80.08,68.42,6.6,543.25,2744.6,1491003.95
2834,Andhra Pradesh,Guntur,Rice,Kharif,2024,30.01,1000.42,21.65,41.55,59.66,82.2,124.64,7.15,Sprinkler,181.52,7.41,5.2,156.05,2319.3,361926.77
2835,Uttar Pradesh,Meerut,Sugarcane,Zaid,2023,88.61,1502.68,21.07,58.74,52.88,14.28,89.0,5.12,Canal,22.36,22.72,7.71,683.18,3840.31,2623622.99
2836,Uttar Pradesh,Agra,Groundnut,Rabi,2025,29.11,739.41,29.95,67.31,137.14,77.16,106.22,5.63,Canal,61.14,68.46,2.7,78.6,6430.75,505456.95
2837,Uttar Pradesh,Lucknow,Millet,Zaid,2018,24.55,755.7,18.36,84.24,34.07,24.8,144.84,7.71,Borewell,52.23,59.22,2.34,57.45,2950.78,169522.31
2838,Andhra Pradesh,Chittoor,Groundnut,Kharif,2025,73.19,1261.42,18.83,80.13,70.85,37.25,54.9,7.59,Canal,202.98,33.51,3.01,220.3,6467.62,1424816.69
2839,West Bengal,Kolkata,Rice,Kharif,2021,8.29,1100.19,37.64,88.13,62.26,57.42,112.8,7.65,Canal,167.54,5.17,4.86,40.29,2198.3,88569.51
2840,Haryana,Hisar,Sugarcane,Zaid,2019,41.3,1411.55,25.32,51.32,104.86,82.56,96.35,7.07,Borewell,231.98,69.64,9.04,373.35,3473.24,1296734.15
2841,Punjab,Patiala,Maize,Zaid,2018,19.84,1464.08,28.61,72.17,77.42,48.48,50.37,5.45,Drip,245.46,20.71,6.39,126.78,1967.08,249386.4
2842,Andhra Pradesh,Kurnool,Tomato,Rabi,2024,85.06,689.55,18.23,61.49,83.82,35.09,131.79,8.28,Sprinkler,247.68,59.33,6.89,586.06,2436.16,1427735.93
2843,Maharashtra,Nashik,Millet,Rabi,2020,78.17,789.36,28.99,94.29,56.23,91.3,26.44,8.27,Drip,180.44,63.11,2.32,181.35,3122.4,566247.24
2844,Uttar Pradesh,Kanpur,Onion,Zaid,2018,22.66,1196.7,22.84,79.25,130.92,55.94,49.15,6.35,Borewell,128.2,71.62,5.12,116.02,2017.74,234098.19
2845,West Bengal,Kolkata,Onion,Kharif,2024,10.84,1590.72,34.25,41.19,29.55,92.49,30.0,6.86,Rainfed,248.27,33.96,5.25,56.91,2294.19,130562.35
2846,Tamil Nadu,Coimbatore,Cotton,Kharif,2020,40.26,533.34,18.52,62.74,97.17,96.16,97.44,7.43,Sprinkler,244.17,13.65,3.39,136.48,7427.46,1013699.74
2847,Uttar Pradesh,Varanasi,Onion,Kharif,2020,13.24,1654.85,20.49,67.91,133.27,44.22,111.6,6.44,Canal,137.25,59.17,6.26,82.88,2281.25,189070.0
2848,Uttar Pradesh,Agra,Tomato,Rabi,2020,14.4,1611.46,22.61,51.65,34.48,60.33,80.35,7.79,Borewell,54.62,14.37,5.89,84.82,2419.5,205221.99
2849,Telangana,Hyderabad,Rice,Kharif,2019,23.26,1004.36,31.91,79.64,83.62,67.1,112.38,5.34,Rainfed,95.83,35.3,4.19,97.46,2167.01,211196.79
2850,Uttar Pradesh,Lucknow,Tomato,Rabi,2024,4.06,450.12,22.46,75.62,25.03,87.54,116.4,7.33,Canal,206.83,13.28,6.36,25.82,2836.25,73231.98
2851,Tamil Nadu,Salem,Wheat,Rabi,2018,56.39,1309.09,26.34,,116.83,14.03,63.19,6.23,Canal,73.05,41.0,4.49,253.19,2297.91,581807.83
2852,Maharashtra,Kolhapur,Potato,Kharif,2019,40.61,465.44,28.33,85.26,63.07,38.7,127.55,7.72,Sprinkler,67.32,37.37,6.28,255.03,1752.87,447034.44
2853,Punjab,Patiala,Groundnut,Rabi,2023,9.86,1219.87,21.23,69.28,127.07,28.94,132.63,8.27,Drip,59.51,22.83,2.48,24.45,6903.8,168797.91
2854,Tamil Nadu,Trichy,Cotton,Rabi,2020,7.96,1730.26,22.06,91.96,77.92,25.22,69.03,8.07,Rainfed,30.93,24.61,2.44,19.42,6353.69,123388.66
2855,Kerala,Kannur,Onion,Zaid,2019,6.04,347.9,31.56,40.15,120.05,32.73,21.37,6.4,Canal,158.43,44.03,4.83,29.17,2616.46,76322.14
2856,Andhra Pradesh,Guntur,Rice,Kharif,2020,2.73,674.7,19.08,69.56,38.48,55.91,98.76,7.7,Sprinkler,28.08,10.72,3.97,10.84,2220.56,24070.87
2857,Punjab,Amritsar,Potato,Zaid,2018,66.08,364.13,22.86,44.14,133.85,29.16,50.87,8.38,Drip,174.18,50.41,6.59,435.47,2059.8,896981.11
2858,Maharashtra,Satara,Wheat,Zaid,2025,2.49,1031.9,22.73,73.62,118.22,13.24,124.26,5.48,Rainfed,75.37,52.52,3.42,8.52,2605.03,22194.86
2859,Uttar Pradesh,Meerut,Rice,Kharif,2019,10.85,1282.01,27.9,64.09,108.02,25.54,14.55,6.59,Borewell,38.01,40.85,4.15,45.03,2578.81,116123.81
2860,Haryana,Ambala,Tomato,Zaid,2023,26.06,1492.44,20.18,54.06,100.41,33.96,65.74,5.42,Drip,247.71,20.35,7.66,199.62,2358.85,470873.64
2861,Uttar Pradesh,Lucknow,Tomato,Zaid,2018,41.96,1038.51,24.59,70.95,134.75,31.57,142.61,7.47,Sprinkler,194.19,66.19,6.57,275.68,2555.71,704558.13
2862,Tamil Nadu,Salem,Sugarcane,Kharif,2020,81.49,1315.79,22.1,64.44,113.31,12.71,31.35,7.55,Sprinkler,227.41,17.4,9.38,764.38,3419.92,2614118.45
2863,West Bengal,Murshidabad,Sugarcane,Zaid,2022,69.42,1247.38,28.51,90.82,24.13,60.44,95.18,7.04,Borewell,188.9,9.07,8.68,602.57,3340.39,2012818.8
2864,Telangana,Khammam,Wheat,Rabi,2025,52.31,306.24,37.2,92.26,60.54,14.1,129.03,8.1,Borewell,28.47,45.62,3.5,183.09,2322.65,425253.99
2865,Karnataka,Hassan,Potato,Kharif,2020,70.86,562.19,29.24,49.17,21.25,65.2,149.21,8.11,Canal,193.13,40.03,6.65,471.22,2045.87,964054.86
2866,Telangana,Warangal,Rice,Zaid,2021,30.05,1677.98,20.77,60.55,122.28,32.26,93.96,7.06,Drip,64.42,70.05,5.65,169.78,2629.84,446494.24
2867,Punjab,Jalandhar,Maize,Zaid,2025,2.85,1340.6,24.07,41.08,110.69,73.27,108.1,6.69,Drip,235.4,14.28,6.2,17.67,2180.11,38522.54
2868,Maharashtra,Pune,Maize,Rabi,2022,84.9,1433.74,20.15,82.15,54.73,26.96,123.96,6.15,Rainfed,134.84,16.01,4.29,364.22,2061.91,750988.86
2869,Tamil Nadu,Trichy,Sugarcane,Kharif,2025,57.66,1448.64,24.35,89.03,47.87,95.82,97.11,5.59,Borewell,208.53,28.84,9.3,536.24,3801.39,2038457.37
2870,Andhra Pradesh,Guntur,Sugarcane,Kharif,2019,29.11,1723.84,37.67,84.88,45.48,48.76,23.67,5.48,Sprinkler,173.45,26.54,9.29,270.43,4144.35,1120756.57
2871,Karnataka,Mandya,Rice,Rabi,2020,38.14,787.64,22.86,94.81,100.6,86.03,34.52,7.13,Drip,227.51,77.08,5.46,208.24,2228.94,464154.47
2872,Uttar Pradesh,Varanasi,Onion,Rabi,2020,56.39,1129.75,20.78,71.37,55.27,64.01,71.51,7.82,Canal,139.14,71.22,5.85,329.88,2270.8,749091.5
2873,Telangana,Karimnagar,Onion,Kharif,2018,95.38,976.47,30.35,78.29,61.18,82.04,125.96,5.54,Sprinkler,110.7,54.77,5.48,522.68,2065.77,1079736.66
2874,West Bengal,Kolkata,Groundnut,Rabi,2021,80.82,1589.29,35.25,87.54,86.51,65.52,142.84,5.45,Canal,126.01,68.6,2.94,237.61,6627.3,1574712.75
2875,Kerala,Palakkad,Sugarcane,Zaid,2020,35.68,662.23,18.18,69.9,124.07,32.58,102.8,6.21,Borewell,135.63,47.18,8.12,289.72,3774.13,1093440.94
2876,Kerala,Kannur,Tomato,Zaid,2020,37.16,1519.44,25.7,51.54,101.18,97.33,134.18,8.42,Canal,88.26,74.89,6.56,243.77,2756.17,671871.56
2877,Uttar Pradesh,Kanpur,Millet,Zaid,2024,9.46,1438.18,30.06,73.99,97.74,54.24,14.22,7.43,Drip,80.76,73.56,2.85,26.96,2885.68,77797.93
2878,Karnataka,Hassan,Millet,Rabi,2022,41.3,537.25,32.57,76.24,43.49,39.62,115.97,5.14,Rainfed,114.49,62.99,1.96,80.95,2559.79,207215.0
2879,Punjab,Bathinda,Tomato,Kharif,2018,6.08,1292.39,26.54,75.38,115.61,83.35,93.68,6.24,Sprinkler,72.69,46.38,5.88,35.75,2813.6,100586.2
2880,Haryana,Ambala,Onion,Rabi,2024,32.77,1628.42,24.99,51.53,69.7,77.71,90.33,7.64,Rainfed,97.04,41.65,4.53,148.45,2483.68,368702.3
2881,Andhra Pradesh,Chittoor,Onion,Kharif,2025,83.48,395.27,31.7,81.13,109.58,47.76,48.45,7.33,Drip,185.94,29.53,5.64,470.83,2118.72,997556.94
2882,Andhra Pradesh,Nellore,Potato,Zaid,2021,48.37,354.56,35.71,89.87,80.01,28.33,130.88,6.62,Rainfed,73.54,19.29,4.63,223.95,1727.71,386920.65
2883,West Bengal,Burdwan,Rice,Zaid,2021,36.04,1506.0,30.3,43.41,27.41,19.58,55.54,6.51,Rainfed,45.79,69.03,3.38,121.82,2449.07,298345.71
2884,Karnataka,Belgaum,Maize,Zaid,2018,92.81,644.86,30.28,84.51,75.62,96.57,111.8,8.41,Borewell,29.79,57.91,4.15,385.16,1997.74,769449.54
2885,Haryana,Ambala,Rice,Rabi,2022,3.78,367.06,28.39,62.88,123.88,87.9,93.17,5.94,Borewell,66.68,6.77,4.13,15.61,2758.56,43061.12
2886,Telangana,Karimnagar,Millet,Kharif,2022,24.45,663.26,25.05,57.58,38.65,51.4,57.76,7.61,Rainfed,86.27,48.23,1.48,36.19,3220.35,116544.47
2887,Punjab,Jalandhar,Rice,Rabi,2021,41.84,413.62,22.92,71.69,82.19,17.87,57.19,7.4,Borewell,191.4,73.89,4.58,191.63,2450.35,469560.57
2888,Kerala,Palakkad,Wheat,Zaid,2019,93.82,661.44,30.32,51.56,98.33,82.7,116.74,7.12,Borewell,239.67,32.01,3.91,366.84,1907.81,699861.02
2889,West Bengal,Murshidabad,Rice,Rabi,2020,87.32,553.74,36.11,47.72,60.99,54.22,139.6,8.17,Sprinkler,187.83,31.91,4.79,418.26,2642.2,1105126.57
2890,Haryana,Rohtak,Cotton,Zaid,2024,9.39,1011.73,32.31,74.04,31.6,66.43,130.3,5.6,Canal,71.52,56.33,2.9,27.23,6138.46,167150.27
2891,Uttar Pradesh,Agra,Rice,Kharif,2020,36.41,1014.21,24.88,63.56,63.36,92.13,102.21,6.26,Borewell,188.47,62.91,4.39,159.84,2238.62,357821.02
2892,Andhra Pradesh,Kurnool,Sugarcane,Rabi,2022,46.65,1029.68,19.67,84.26,39.02,74.68,56.36,5.4,Rainfed,249.67,71.32,7.64,356.41,3829.0,1364693.89
2893,Karnataka,Bangalore,Sugarcane,Rabi,2021,54.19,1707.46,25.16,48.93,116.09,29.89,56.57,8.2,Canal,240.05,63.09,9.8,531.06,3359.43,1784058.9
2894,Maharashtra,Kolhapur,Sugarcane,Kharif,2018,88.71,1576.7,27.29,94.99,90.47,72.45,94.51,7.84,Sprinkler,237.27,25.15,10.25,909.28,3947.95,3589791.98
2895,Telangana,Khammam,Onion,Kharif,2019,19.89,1714.74,18.6,76.07,21.29,34.34,108.5,8.05,Sprinkler,55.02,11.36,6.05,120.33,2515.74,302718.99
2896,Telangana,Karimnagar,Wheat,Rabi,2020,98.58,1242.55,27.66,93.61,96.02,22.69,148.28,5.25,Drip,216.98,54.54,4.85,478.11,2338.82,1118213.23
2897,Punjab,Patiala,Onion,Zaid,2022,74.95,1353.78,25.44,87.63,34.64,41.34,12.72,8.12,Canal,120.91,42.44,5.33,399.48,2458.29,982037.69
2898,Karnataka,Bangalore,Wheat,Rabi,2021,60.91,741.05,35.97,70.04,33.14,70.1,49.26,7.95,Canal,112.32,46.25,4.09,249.12,2273.13,566282.15
2899,Uttar Pradesh,Meerut,Maize,Zaid,2018,36.42,1049.38,29.48,57.33,24.85,48.42,47.87,8.02,Rainfed,208.14,38.28,4.1,149.32,2109.55,314998.01
2900,Punjab,Jalandhar,Cotton,Kharif,2020,27.66,1517.24,23.87,55.32,117.64,72.23,139.35,5.55,Sprinkler,90.22,27.59,3.7,102.34,7110.7,727709.04
2901,Kerala,Palakkad,Groundnut,Zaid,2018,52.01,1285.78,20.09,57.57,79.65,88.62,93.96,5.89,Drip,61.09,76.49,3.3,171.63,6703.07,1150447.9
2902,Tamil Nadu,Thanjavur,Sugarcane,Zaid,2018,67.2,712.17,21.79,92.96,113.22,24.61,139.39,6.5,Borewell,161.42,49.73,8.08,542.98,2975.68,1615734.73
2903,Karnataka,Belgaum,Millet,Kharif,2023,92.33,930.0,19.54,77.03,126.74,89.7,110.81,7.99,Canal,84.69,29.8,3.05,281.61,2856.64,804458.39
2904,Maharashtra,Satara,Onion,Zaid,2021,22.83,793.43,26.71,87.32,42.54,14.15,147.8,6.26,Canal,87.08,20.17,5.07,115.75,2344.62,271389.77
2905,Telangana,Karimnagar,Sugarcane,Kharif,2020,26.13,656.09,29.43,61.81,36.11,51.03,94.27,8.41,Sprinkler,189.28,20.34,8.94,233.6,3020.3,705542.08
2906,Punjab,Amritsar,Tomato,Rabi,2019,13.17,1552.06,26.26,56.84,79.16,32.15,143.03,5.44,Canal,138.66,59.88,6.65,87.58,2629.1,230256.58
2907,Tamil Nadu,Thanjavur,Tomato,Kharif,2025,4.4,831.24,31.68,64.98,93.72,58.25,42.54,6.18,Borewell,97.24,77.83,6.1,26.84,2714.4,72854.5
2908,Haryana,Rohtak,Groundnut,Zaid,2023,53.98,454.88,30.52,81.67,77.61,47.97,25.9,6.19,Rainfed,60.84,5.35,1.97,106.34,4958.33,527268.81
2909,West Bengal,Kolkata,Onion,Kharif,2022,2.73,1483.27,37.8,61.89,45.27,32.23,89.57,5.01,Canal,165.3,17.3,5.55,15.15,2402.95,36404.69
2910,Maharashtra,Pune,Rice,Kharif,2025,99.29,1769.64,22.64,44.78,52.49,34.81,77.73,5.81,Sprinkler,146.12,38.42,5.25,521.27,2477.24,1291310.89
2911,Punjab,Ludhiana,Onion,Zaid,2021,5.92,892.49,35.02,72.26,118.83,88.33,49.57,7.78,Canal,232.94,36.74,5.95,35.22,2622.6,92367.97
2912,Karnataka,Belgaum,Rice,Kharif,2018,32.2,535.63,25.78,80.38,53.83,90.87,33.77,7.21,Sprinkler,35.44,28.36,4.34,139.75,2108.67,294686.63
2913,Telangana,Khammam,Sugarcane,Zaid,2022,83.01,1657.38,23.2,45.74,90.42,64.91,135.42,8.19,Canal,104.79,77.92,8.73,724.68,3516.51,2548344.47
2914,Punjab,Patiala,Millet,Zaid,2023,76.82,1378.11,21.36,85.97,106.16,17.68,97.43,8.04,Rainfed,234.79,19.09,2.69,206.65,2623.13,542069.81
2915,Maharashtra,Pune,Tomato,Kharif,2021,17.81,410.1,19.64,64.48,59.57,41.64,93.95,8.42,Sprinkler,221.62,59.16,6.37,113.45,2831.48,321231.41
2916,Telangana,Khammam,Onion,Rabi,2025,2.6,1513.27,24.32,66.97,65.19,26.19,75.09,6.67,Sprinkler,195.3,77.61,5.84,15.18,2266.26,34401.83
2917,Punjab,Bathinda,Maize,Kharif,2021,71.38,490.96,19.87,40.82,108.56,51.97,72.32,5.07,Rainfed,110.37,18.43,3.89,277.67,2013.06,558966.37
2918,Tamil Nadu,Madurai,Cotton,Zaid,2023,23.68,918.27,19.15,56.85,39.32,10.79,115.98,7.98,Canal,54.07,31.55,2.24,53.04,5851.5,310363.56
2919,West Bengal,Kolkata,Onion,Kharif,2020,82.77,441.9,26.13,77.23,33.08,22.89,100.3,8.18,Canal,186.76,28.65,5.47,452.75,2584.24,1170014.66
2920,Tamil Nadu,Coimbatore,Wheat,Zaid,2023,66.45,910.6,18.49,80.14,20.75,36.1,58.46,8.38,Drip,23.98,7.34,3.71,246.53,2532.47,624329.83
2921,Karnataka,Bangalore,Tomato,Kharif,2021,73.65,849.76,29.89,78.47,95.91,78.78,35.78,7.1,Canal,85.81,74.78,5.6,412.44,2197.39,906291.53
2922,Haryana,Rohtak,Millet,Zaid,2020,17.09,1621.62,24.95,86.28,76.79,89.97,73.06,7.25,Sprinkler,245.43,53.76,2.92,49.9,2930.93,146253.41
2923,Uttar Pradesh,Agra,Millet,Kharif,2022,40.61,442.45,31.78,66.03,122.21,19.74,95.55,7.34,Rainfed,31.66,65.81,2.26,91.78,3586.17,329138.68
2924,West Bengal,Nadia,Cotton,Zaid,2022,8.25,1741.66,28.03,67.01,53.81,35.61,127.31,6.37,Drip,173.01,62.6,4.02,33.16,6542.3,216942.67
2925,Tamil Nadu,Salem,Wheat,Kharif,2023,59.75,1219.71,35.46,41.44,118.14,13.09,115.86,8.46,Borewell,124.33,55.0,4.53,270.67,2194.66,594028.62
2926,Telangana,Warangal,Onion,Rabi,2023,98.99,1619.31,27.09,94.55,57.28,63.42,80.29,5.46,Borewell,140.22,9.68,5.74,568.2,2141.61,1216862.8
2927,Uttar Pradesh,Kanpur,Potato,Rabi,2021,61.92,1371.47,21.99,90.95,127.74,86.36,108.44,5.85,Sprinkler,76.46,61.59,7.01,434.06,1765.18,766194.03
2928,Uttar Pradesh,Lucknow,Potato,Rabi,2025,13.13,1354.65,23.13,61.36,128.57,53.76,144.62,6.82,Canal,217.94,43.97,8.03,105.43,2001.09,210974.92
2929,Uttar Pradesh,Varanasi,Potato,Rabi,2024,76.36,504.16,37.47,44.11,52.44,95.91,49.04,6.72,Rainfed,159.17,31.97,5.17,394.78,2044.99,807321.15
2930,Andhra Pradesh,Kurnool,Sugarcane,Rabi,2020,76.83,1442.25,21.99,73.15,129.35,20.77,29.68,8.29,Canal,45.53,20.69,8.23,632.31,3575.84,2261039.39
2931,Maharashtra,Nagpur,Potato,Kharif,2019,72.89,1572.72,29.98,43.28,132.51,80.22,34.97,5.6,Rainfed,194.71,4.61,6.44,469.41,2031.0,953371.71
2932,Telangana,Nalgonda,Wheat,Rabi,2022,9.48,1782.59,26.72,69.2,59.52,29.48,72.79,6.84,Canal,79.91,7.95,4.38,41.52,1923.33,79856.66
2933,West Bengal,Murshidabad,Groundnut,Kharif,2021,73.35,1179.06,32.61,58.11,57.99,91.15,28.55,7.21,Rainfed,28.32,68.25,2.05,150.37,5145.45,773721.32
2934,Kerala,Kollam,Maize,Rabi,2024,78.83,532.1,37.53,74.56,121.18,26.33,15.42,5.35,Drip,112.77,28.29,4.75,374.44,2098.88,785904.63
2935,Andhra Pradesh,Krishna,Cotton,Zaid,2025,47.6,608.51,33.96,44.65,52.37,60.32,16.05,8.01,Borewell,95.1,18.54,2.88,137.09,5739.38,786811.6
2936,Punjab,Amritsar,Sugarcane,Rabi,2018,10.69,937.29,18.97,58.32,80.85,10.29,78.15,5.68,Canal,142.64,38.04,8.13,86.91,3591.57,312143.35
2937,Uttar Pradesh,Meerut,Maize,Rabi,2023,74.64,447.32,31.91,62.67,65.84,99.31,87.7,6.19,Canal,128.37,14.99,4.68,349.32,1977.35,690727.9
2938,Maharashtra,Nashik,Tomato,Kharif,2019,50.49,1043.85,35.82,58.69,73.83,45.82,124.95,5.81,Borewell,57.09,2.36,5.4,272.65,2357.07,642655.14
2939,Telangana,Karimnagar,Maize,Kharif,2025,39.26,1426.92,24.41,82.33,30.45,94.05,43.43,5.98,Drip,246.9,18.88,6.26,245.77,1800.82,442587.53
2940,West Bengal,Nadia,Wheat,Kharif,2022,66.38,818.99,28.63,58.42,49.74,22.14,14.83,8.46,Canal,233.17,74.54,4.14,274.81,2452.21,673891.83
2941,Telangana,Warangal,Onion,Kharif,2023,56.76,1172.8,34.3,86.86,94.02,73.84,132.35,5.16,Drip,31.87,48.15,5.16,292.88,2395.32,701541.32
2942,West Bengal,Nadia,Groundnut,Kharif,2019,22.42,523.75,18.53,53.71,20.12,56.34,63.36,7.15,Drip,49.6,23.5,2.33,52.24,5405.52,282384.36
2943,Andhra Pradesh,Nellore,Potato,Zaid,2025,7.3,446.28,21.1,82.24,78.68,77.49,81.09,6.78,Sprinkler,80.22,62.62,5.8,42.34,1935.34,81942.3
2944,Tamil Nadu,Trichy,Sugarcane,Kharif,2018,43.76,835.45,28.24,57.56,61.54,92.99,39.58,6.32,Sprinkler,152.53,24.37,8.58,375.46,4006.01,1504096.51
2945,Haryana,Panipat,Wheat,Kharif,2020,3.31,1250.5,23.95,64.84,51.04,69.16,50.4,6.7,Rainfed,170.25,75.72,3.58,11.85,2409.33,28550.56
2946,Maharashtra,Nashik,Onion,Rabi,2021,86.1,1165.07,24.18,85.62,33.1,62.79,98.7,8.1,Sprinkler,59.02,32.31,5.14,442.55,2298.02,1016988.75
2947,Andhra Pradesh,Nellore,Onion,Kharif,2018,50.37,732.82,29.19,89.78,37.45,17.45,133.35,6.3,Sprinkler,215.32,13.27,5.4,272.0,2213.91,602183.52
2948,Uttar Pradesh,Meerut,Potato,Kharif,2020,56.8,1464.02,21.9,51.49,126.92,60.66,144.12,7.55,Sprinkler,245.51,72.76,8.24,468.03,1945.46,910533.64
2949,Tamil Nadu,Madurai,Wheat,Rabi,2024,2.58,1120.27,25.12,90.81,76.79,84.95,86.45,6.59,Canal,164.35,7.73,4.68,12.07,2222.45,26824.97
2950,Tamil Nadu,Salem,Rice,Zaid,2021,26.25,821.32,26.86,81.94,80.9,29.05,116.89,6.93,Canal,87.51,56.54,4.79,125.74,2539.88,319364.51
2951,West Bengal,Hooghly,Sugarcane,Zaid,2025,45.19,718.23,37.26,88.74,129.52,74.81,68.06,6.63,Sprinkler,60.37,6.58,7.23,326.72,3665.81,1197693.44
2952,Maharashtra,Kolhapur,Tomato,Zaid,2019,87.42,1042.79,33.1,54.57,75.69,41.97,48.87,5.65,Drip,205.7,49.61,6.92,604.95,2196.64,1328857.37
2953,Telangana,Khammam,Wheat,Kharif,2018,89.74,1335.81,32.14,69.01,76.54,73.23,14.59,5.14,Drip,210.55,37.61,5.47,490.88,2057.62,1010044.51
2954,Kerala,Kochi,Rice,Kharif,2021,9.82,1546.4,28.34,62.8,110.32,88.05,101.8,8.09,Sprinkler,192.25,51.02,4.94,48.51,2053.43,99611.89
2955,Telangana,Nalgonda,Millet,Kharif,2024,92.74,1269.52,22.08,71.49,24.1,16.07,21.93,7.98,Rainfed,221.2,39.14,2.38,220.72,3379.69,745965.18
2956,West Bengal,Hooghly,Maize,Rabi,2024,34.99,1357.4,36.32,46.77,21.15,32.16,19.61,6.8,Rainfed,57.09,55.24,3.24,113.37,1901.64,215588.93
2957,West Bengal,Murshidabad,Potato,Rabi,2018,99.57,891.39,26.44,43.71,126.34,10.7,135.34,7.3,Borewell,219.86,4.93,6.92,689.02,1970.89,1357982.63
2958,Andhra Pradesh,Kurnool,Maize,Zaid,2019,41.24,684.81,34.61,40.69,66.5,27.64,94.56,6.95,Canal,86.98,19.26,4.17,171.97,1848.59,317902.02
2959,Karnataka,Bangalore,Sugarcane,Zaid,2018,19.22,1368.2,36.95,54.41,29.78,69.84,74.39,6.99,Sprinkler,205.25,74.06,8.74,167.98,3710.14,623229.32
2960,Haryana,Panipat,Tomato,Zaid,2023,8.54,974.51,33.72,48.11,,93.51,80.3,6.83,Sprinkler,131.05,69.79,5.94,50.73,2187.51,110972.38
2961,Telangana,Nalgonda,Millet,Kharif,2021,31.82,1698.35,26.4,63.0,21.24,43.05,129.34,8.19,Sprinkler,118.04,2.32,2.84,90.37,3000.15,271123.56
2962,West Bengal,Nadia,Rice,Rabi,2021,86.9,1664.16,27.83,60.67,87.68,85.07,106.16,5.74,Canal,53.63,28.59,4.72,410.17,2757.18,1130912.52
2963,Maharashtra,Nagpur,Cotton,Zaid,2025,49.99,1200.1,32.18,59.54,126.62,34.3,26.55,5.46,Canal,171.17,37.4,3.5,174.97,6954.22,1216779.87
2964,West Bengal,Hooghly,Cotton,Rabi,2022,51.07,941.59,25.35,42.55,134.23,52.02,52.25,8.32,Sprinkler,118.38,28.5,3.52,179.77,7109.47,1278069.42
2965,Haryana,Karnal,Rice,Rabi,2025,89.63,1375.76,28.31,80.91,25.47,22.05,40.13,7.09,Drip,232.69,64.48,5.23,468.76,2368.69,1110347.12
2966,Tamil Nadu,Coimbatore,Potato,Zaid,2019,62.5,1340.76,20.9,69.21,75.81,16.3,139.53,7.43,Drip,70.78,11.51,6.83,426.88,1819.13,776550.21
2967,Maharashtra,Satara,Onion,Kharif,2025,67.93,1143.38,35.62,79.45,132.52,92.12,17.33,5.67,Drip,113.49,19.98,5.41,367.5,2618.61,962339.18
2968,West Bengal,Murshidabad,Maize,Zaid,2019,3.19,1749.43,23.54,55.0,51.34,64.49,15.24,5.54,Canal,168.1,4.71,5.49,17.51,1756.68,30759.47
2969,Telangana,Khammam,Groundnut,Kharif,2022,63.26,708.35,35.47,69.92,85.19,34.01,35.94,5.99,Canal,136.39,56.07,2.69,170.17,5257.75,894711.32
2970,Tamil Nadu,Coimbatore,Tomato,Rabi,2020,31.57,1797.84,37.42,91.83,32.15,64.59,67.06,6.86,Borewell,60.95,26.45,5.66,178.69,2234.85,399345.35
2971,Maharashtra,Satara,Onion,Zaid,2025,15.63,1740.29,26.79,62.27,75.87,24.48,22.38,7.56,Rainfed,183.31,45.28,5.21,81.43,2182.06,177685.15
2972,Maharashtra,Nagpur,Cotton,Kharif,2023,15.84,863.62,36.34,75.9,94.34,42.43,89.42,6.51,Drip,134.18,16.83,3.09,48.95,7553.91,369763.89
2973,Maharashtra,Nagpur,Rice,Rabi,2022,17.03,915.29,20.67,56.2,119.83,88.41,115.21,6.65,Drip,77.75,24.78,4.91,83.62,2740.28,229142.21
2974,Haryana,Panipat,Maize,Zaid,2024,27.66,661.42,29.4,81.93,93.77,31.63,35.13,7.18,Borewell,147.61,61.85,4.68,129.45,1688.56,218584.09
2975,Kerala,Kannur,Cotton,Kharif,2025,35.07,1629.23,26.0,79.42,24.18,81.37,20.56,7.03,Borewell,90.92,41.97,3.09,108.37,6927.95,750781.94
2976,Uttar Pradesh,Lucknow,Wheat,Kharif,2020,30.78,1795.16,35.17,40.44,27.96,58.34,107.64,6.92,Borewell,189.48,22.76,4.65,143.13,2600.05,372145.16
2977,Karnataka,Mysore,Rice,Kharif,2023,4.41,1200.23,18.41,94.55,136.49,82.67,28.8,5.73,Drip,137.93,50.99,5.51,24.3,2326.47,56533.22
2978,Telangana,Nalgonda,Maize,Rabi,2022,90.57,540.6,30.95,88.34,33.96,60.82,80.02,6.41,Rainfed,103.82,49.08,3.69,334.2,1898.75,634562.25
2979,Telangana,Nalgonda,Sugarcane,Rabi,2023,1.05,394.09,32.05,91.27,67.19,65.32,119.1,8.22,Canal,21.6,63.41,7.05,7.4,3329.4,24637.56
2980,Kerala,Kannur,Millet,Zaid,2018,91.32,751.56,28.02,43.72,54.21,15.24,128.07,8.03,Rainfed,183.42,39.27,1.94,177.16,3450.27,611249.83
2981,Andhra Pradesh,Kurnool,Groundnut,Rabi,2018,28.71,737.54,19.01,82.0,133.42,89.93,110.28,6.14,Sprinkler,101.56,72.29,2.73,78.38,6170.12,483614.01
2982,Punjab,Patiala,Groundnut,Kharif,2021,76.69,890.41,19.84,45.77,76.73,27.99,21.57,5.08,Canal,95.25,12.89,2.31,177.15,6685.3,1184300.9
2983,Maharashtra,Pune,Wheat,Kharif,2022,4.98,1457.47,36.56,49.44,75.51,25.73,126.99,7.87,Canal,91.07,27.31,4.02,20.02,1965.18,39342.9
2984,Karnataka,Bangalore,Onion,Rabi,2022,79.97,1436.72,32.91,43.51,126.02,36.87,118.96,6.46,Borewell,86.5,17.11,4.7,375.86,2574.35,967595.19
2985,West Bengal,Nadia,Groundnut,Zaid,2025,61.79,571.2,34.44,77.88,54.8,59.18,97.5,5.25,Sprinkler,61.71,21.21,2.58,159.42,6400.36,1020345.39
2986,Karnataka,Mandya,Sugarcane,Kharif,2024,18.7,1298.03,23.21,41.94,104.41,12.35,107.05,8.29,Sprinkler,180.26,19.95,8.62,161.19,3895.65,627939.82
2987,West Bengal,Hooghly,Potato,Rabi,2018,16.37,466.72,31.86,40.41,135.46,93.51,68.51,7.07,Canal,36.91,38.0,5.87,96.09,1826.84,175541.06
2988,Tamil Nadu,Coimbatore,Wheat,Kharif,2022,92.58,686.41,22.8,43.3,47.2,18.36,72.21,6.01,Rainfed,221.62,25.93,3.67,339.77,2510.25,852907.64
2989,Andhra Pradesh,Krishna,Tomato,Kharif,2020,69.17,1747.17,21.67,77.66,110.05,61.57,108.08,5.81,Borewell,71.16,20.45,6.51,450.3,2634.08,1186126.22
2990,Kerala,Thrissur,Potato,Rabi,2021,68.22,699.52,22.29,61.04,117.05,10.37,57.42,8.39,Sprinkler,217.24,53.53,7.27,495.96,1595.48,791294.26
2991,Telangana,Khammam,Potato,Zaid,2023,40.77,354.36,26.97,85.4,60.17,53.96,51.89,6.56,Drip,69.96,65.43,6.44,262.56,1595.61,418943.36
2992,Punjab,Bathinda,Millet,Zaid,2018,28.2,617.87,28.06,57.55,67.22,73.09,26.72,6.68,Rainfed,116.58,44.1,1.74,49.07,3105.89,152406.02
2993,Punjab,Bathinda,Rice,Zaid,2018,19.84,1404.37,20.26,59.29,60.43,61.02,144.58,5.28,Borewell,95.93,11.16,4.9,97.22,2705.74,263052.04
2994,Andhra Pradesh,Guntur,Onion,Zaid,2018,93.56,1747.57,26.25,77.87,29.64,44.93,131.86,7.59,Borewell,29.74,75.05,4.81,450.02,2616.85,1177634.84
2995,Haryana,Rohtak,Millet,Rabi,2018,15.82,1240.51,21.92,73.11,60.99,43.66,80.87,8.29,Sprinkler,194.15,66.17,2.96,46.83,2682.21,125607.89
2996,Maharashtra,Satara,Sugarcane,Rabi,2024,24.82,1100.54,19.42,56.35,109.26,84.74,57.3,8.29,Sprinkler,26.72,57.86,7.84,194.59,3350.74,652020.5
2997,Tamil Nadu,Madurai,Maize,Rabi,2024,92.41,1677.6,24.24,71.18,68.16,55.43,115.02,7.81,Borewell,173.18,40.84,5.77,533.21,2057.94,1097314.19
2998,Punjab,Ludhiana,Maize,Kharif,2018,54.31,444.11,37.63,49.81,99.69,91.9,88.31,7.08,Rainfed,176.7,29.94,4.37,237.33,2237.22,530959.42
2999,Tamil Nadu,Trichy,Groundnut,Kharif,2019,59.32,1759.37,26.08,91.47,133.11,67.83,43.98,7.12,Sprinkler,182.11,51.09,3.26,193.38,5426.36,1049349.5
3000,Karnataka,Mandya,Wheat,Rabi,2019,8.55,1680.29,32.68,55.11,53.67,99.7,74.81,5.09,Sprinkler,32.93,22.89,3.83,32.75,2119.93,69427.71
3001,West Bengal,Nadia,Tomato,Kharif,2021,91.33,558.08,22.19,94.5,130.63,10.05,71.31,5.1,Canal,232.56,71.08,6.73,614.65,2689.02,1652806.14
3002,Kerala,Kollam,Potato,Rabi,2022,53.85,1636.45,32.16,64.32,22.02,30.56,107.3,6.78,Sprinkler,58.29,14.97,6.84,368.33,1715.52,631877.48
3003,Punjab,Amritsar,Cotton,Zaid,2023,14.13,376.79,32.88,50.24,79.67,41.2,106.85,5.38,Borewell,139.69,66.29,3.05,43.1,6020.42,259480.1
3004,Andhra Pradesh,Chittoor,Tomato,Rabi,2025,93.13,706.96,18.24,67.6,129.81,75.3,95.63,5.31,Drip,111.2,78.91,6.32,588.58,2429.93,1430208.2
3005,Andhra Pradesh,Kurnool,Sugarcane,Rabi,2020,65.62,378.3,20.71,73.97,106.47,76.24,58.23,7.75,Sprinkler,142.55,67.46,7.72,506.59,4055.6,2054526.4
3006,Karnataka,Belgaum,Groundnut,Kharif,2023,57.14,1496.89,27.52,68.19,56.47,46.31,58.06,6.38,Sprinkler,103.11,48.99,3.3,188.56,6180.57,1165408.28
3007,Andhra Pradesh,Chittoor,Wheat,Rabi,2018,24.88,512.82,29.56,65.78,108.94,57.97,65.91,6.96,Drip,163.16,19.64,4.48,111.46,2533.51,282385.02
3008,Uttar Pradesh,Varanasi,Groundnut,Rabi,2019,98.01,1191.94,32.73,63.03,32.87,66.84,62.3,6.17,Drip,109.44,49.38,3.21,314.61,6204.35,1951950.55
3009,Maharashtra,Satara,Sugarcane,Kharif,2021,78.91,834.44,30.15,57.44,107.78,59.51,103.57,5.55,Drip,226.01,76.34,9.73,767.79,4014.92,3082615.43
3010,Haryana,Rohtak,Tomato,Kharif,2022,70.71,1243.26,31.52,80.07,126.98,35.93,84.52,6.51,Drip,196.94,40.49,7.84,554.37,2612.11,1448075.42
3011,Haryana,Panipat,Rice,Zaid,2022,19.05,320.14,36.75,47.21,82.61,78.82,100.75,8.37,Canal,107.74,27.95,4.37,83.25,2112.54,175868.95
3012,Karnataka,Mysore,Tomato,Zaid,2022,20.44,358.84,30.3,69.7,123.89,54.12,77.16,5.99,Drip,38.57,14.61,5.37,109.76,2959.31,324813.87
3013,Andhra Pradesh,Nellore,Groundnut,Kharif,2025,35.37,1490.98,37.33,45.76,72.77,27.53,120.24,5.02,Canal,224.22,51.28,3.15,111.42,5258.09,585856.39
3014,Uttar Pradesh,Lucknow,Tomato,Rabi,2022,32.36,555.94,37.74,62.03,132.28,14.09,75.81,7.7,Borewell,183.59,28.24,6.04,195.45,2914.74,569685.93
3015,Maharashtra,Nashik,Onion,Zaid,2019,6.56,1141.03,26.22,56.33,125.99,24.48,40.14,7.35,Borewell,36.81,11.71,5.04,33.06,2055.17,67943.92
3016,Uttar Pradesh,Meerut,Onion,Rabi,2022,66.21,1176.15,19.41,79.23,26.05,27.86,38.27,5.6,Sprinkler,194.4,55.79,6.19,409.84,2326.5,953492.76
3017,Haryana,Karnal,Maize,Kharif,2025,3.38,321.19,30.06,61.49,22.67,34.67,81.74,6.24,Sprinkler,187.94,44.56,5.24,17.71,1896.97,33595.34
3018,Haryana,Rohtak,Potato,Rabi,2018,25.26,935.61,26.52,92.92,48.74,20.38,39.14,7.0,Canal,211.25,74.99,6.37,160.91,1775.61,285713.41
3019,Kerala,Palakkad,Onion,Rabi,2022,4.11,779.94,24.36,64.72,34.27,64.6,92.27,6.03,Borewell,87.88,52.55,4.81,19.77,2405.93,47565.24
3020,Uttar Pradesh,Agra,Millet,Rabi,2020,89.91,492.09,22.39,58.33,104.76,33.03,102.55,7.1,Rainfed,69.36,69.48,1.76,158.24,3413.24,540111.1
3021,Kerala,Kannur,Onion,Zaid,2020,90.84,746.83,23.15,72.32,62.83,37.07,143.45,5.23,Drip,183.92,13.75,5.81,527.78,1933.14,1020272.63
3022,Andhra Pradesh,Chittoor,Tomato,Kharif,2018,60.06,1002.33,35.13,49.48,125.39,14.36,52.6,8.18,Drip,149.67,33.36,6.74,404.8,2717.21,1099926.61
3023,Kerala,Kollam,Wheat,Kharif,2025,8.17,864.7,23.08,71.9,99.25,99.44,16.4,8.33,Canal,146.86,60.85,4.38,35.78,1931.68,69115.51
3024,Maharashtra,Nagpur,Wheat,Rabi,2024,73.61,1652.04,37.09,48.77,77.85,31.22,144.78,5.83,Borewell,50.97,8.01,4.11,302.54,2034.54,615529.73
3025,Kerala,Palakkad,Groundnut,Zaid,2021,90.29,1791.47,36.56,66.88,71.36,53.18,104.35,5.65,Borewell,98.26,5.7,2.61,235.66,5630.29,1326834.14
3026,Kerala,Kollam,Wheat,Kharif,2020,18.29,1392.04,22.44,79.59,123.89,55.08,42.53,7.93,Rainfed,90.53,3.46,4.15,75.9,2013.81,152848.18
3027,Punjab,Bathinda,Rice,Zaid,2020,88.12,443.45,21.0,59.71,38.67,86.18,34.01,5.39,Sprinkler,153.75,5.24,4.95,436.19,2843.98,1240515.64
3028,West Bengal,Murshidabad,Rice,Zaid,2025,9.06,1023.68,28.57,90.74,25.33,23.16,56.76,7.54,Drip,148.1,63.78,4.57,41.4,2071.94,85778.32
3029,Punjab,Patiala,Onion,Kharif,2019,77.54,1209.59,20.1,57.99,43.7,14.6,22.72,6.49,Sprinkler,142.56,2.53,5.73,444.3,2266.1,1006828.23
3030,Telangana,Warangal,Wheat,Rabi,2019,90.17,1592.25,30.72,50.15,63.54,53.39,59.31,8.12,Rainfed,193.31,48.88,3.42,308.38,2636.07,812911.27
3031,Kerala,Palakkad,Tomato,Rabi,2020,88.87,1579.98,28.74,90.16,56.75,42.15,128.49,6.0,Borewell,157.18,72.44,6.25,555.44,2342.76,1301262.61
3032,Haryana,Karnal,Tomato,Rabi,2018,3.61,445.88,26.98,73.7,45.45,52.01,62.32,6.14,Drip,162.17,40.54,5.99,21.62,2550.13,55133.81
3033,Tamil Nadu,Thanjavur,Rice,Zaid,2018,77.15,704.08,30.24,56.49,79.73,63.31,89.43,8.09,Rainfed,21.16,74.06,3.16,243.79,2116.35,515944.97
3034,Tamil Nadu,Coimbatore,Millet,Zaid,2021,75.55,366.67,19.09,57.25,34.01,99.25,144.43,7.42,Drip,164.75,58.84,2.37,179.05,2737.63,490172.65
3035,Punjab,Amritsar,Wheat,Rabi,2018,10.48,1282.68,37.18,45.63,128.39,17.26,27.36,6.21,Borewell,166.6,53.77,4.19,43.91,1886.78,82848.51
3036,West Bengal,Nadia,Tomato,Kharif,2025,57.59,1344.76,37.99,65.41,100.38,56.63,91.95,7.8,Drip,172.28,4.77,7.32,421.56,2220.54,936090.84
3037,Maharashtra,Nagpur,Millet,Kharif,2025,81.94,952.43,18.39,59.08,39.84,24.48,33.38,6.3,Sprinkler,69.24,28.56,2.36,193.38,2828.1,546897.98
3038,Uttar Pradesh,Varanasi,Rice,Rabi,2019,84.72,1751.94,35.36,90.75,120.17,89.87,124.25,8.35,Sprinkler,79.03,51.87,5.37,454.95,2369.49,1077999.48
3039,Andhra Pradesh,Krishna,Cotton,Kharif,2023,41.51,1634.79,19.74,55.7,90.8,39.57,129.06,5.87,Sprinkler,204.69,6.95,3.57,148.19,6769.25,1003135.16
3040,Uttar Pradesh,Lucknow,Rice,Kharif,2018,24.23,710.2,30.56,63.14,27.23,82.08,27.1,6.44,Borewell,238.56,34.06,5.04,122.12,2863.13,349645.44
3041,Karnataka,Mysore,Maize,Kharif,2024,80.15,1083.73,37.59,62.04,50.82,90.82,35.16,7.14,Sprinkler,32.22,61.68,4.63,371.09,2104.22,780855.0
3042,Telangana,Khammam,Cotton,Zaid,2025,66.14,928.62,26.2,41.38,99.23,90.22,141.33,8.18,Drip,39.03,16.14,3.22,212.97,5736.5,1221702.41
3043,Karnataka,Belgaum,Maize,Zaid,2022,98.95,917.56,18.64,73.84,41.45,68.8,56.15,7.9,Canal,228.0,43.33,5.09,503.66,2089.45,1052372.39
3044,Haryana,Panipat,Sugarcane,Kharif,2023,36.9,1663.9,31.38,78.13,133.74,82.92,133.02,5.07,Sprinkler,71.71,31.77,9.14,337.27,4037.78,1361822.06
3045,Haryana,Rohtak,Sugarcane,Kharif,2020,69.95,1669.89,37.74,87.77,112.33,73.97,44.22,7.05,Canal,111.61,75.87,8.37,585.48,3106.34,1818699.94
3046,Punjab,Patiala,Wheat,Zaid,2020,86.3,1777.21,32.82,82.25,72.15,12.92,129.66,5.29,Drip,80.64,31.09,4.45,384.04,2369.46,909967.42
3047,Telangana,Warangal,Maize,Zaid,2024,8.39,1396.65,32.93,40.69,50.01,49.64,146.71,6.93,Sprinkler,205.25,31.42,5.52,46.31,2122.89,98311.04
3048,Haryana,Rohtak,Potato,Kharif,2023,6.86,1433.32,28.56,85.14,26.09,54.3,129.31,7.28,Sprinkler,100.66,51.92,7.13,48.91,1995.65,97607.24
3049,Uttar Pradesh,Lucknow,Maize,Rabi,2020,83.95,1714.58,24.96,42.08,43.49,24.33,87.33,5.17,Borewell,163.34,68.87,5.59,469.28,1950.87,915504.27
3050,Punjab,Amritsar,Cotton,Kharif,2019,46.96,1271.94,19.09,70.85,96.99,75.55,82.79,8.15,Canal,40.25,60.78,2.89,135.71,6277.25,851885.6
3051,Punjab,Ludhiana,Rice,Kharif,2021,86.78,1178.47,29.4,84.29,24.79,33.32,90.93,7.48,Canal,191.79,20.76,4.96,430.43,2721.16,1171268.9
3052,Kerala,Thrissur,Rice,Kharif,2018,59.28,1015.86,23.98,78.08,70.53,48.87,116.35,8.47,Borewell,105.69,69.13,4.78,283.36,2393.07,678100.32
3053,Telangana,Khammam,Tomato,Rabi,2023,33.37,1326.99,27.62,66.54,33.97,19.29,136.08,6.06,Drip,196.64,13.98,7.02,234.26,2926.16,685482.24
3054,Telangana,Karimnagar,Rice,Kharif,2019,79.67,1476.76,37.84,90.44,43.91,72.93,90.1,5.47,Sprinkler,75.78,20.96,4.69,373.65,2705.03,1010734.46
3055,Uttar Pradesh,Agra,Sugarcane,Kharif,2021,94.15,661.56,27.57,72.01,44.29,73.89,27.13,5.62,Borewell,63.68,15.7,7.05,663.76,3214.03,2133344.55
3056,Kerala,Kannur,Potato,Rabi,2019,90.8,578.61,30.99,91.06,52.97,18.39,127.23,6.57,Borewell,228.08,54.91,6.61,600.19,2120.21,1272528.84
3057,Tamil Nadu,Trichy,Tomato,Zaid,2021,41.27,1156.74,26.45,92.11,69.94,39.24,91.87,7.53,Rainfed,154.55,30.51,5.34,220.38,2505.18,552091.57
3058,Maharashtra,Nashik,Tomato,Kharif,2021,40.19,690.24,35.08,72.4,61.13,48.31,105.25,6.64,Rainfed,183.94,53.33,5.16,207.38,2915.81,604680.68
3059,West Bengal,Nadia,Tomato,Kharif,2022,31.07,1639.57,31.02,78.75,120.97,20.49,95.23,7.09,Drip,155.01,74.27,7.07,219.66,2221.53,487981.28
3060,Uttar Pradesh,Agra,Potato,Rabi,2022,63.72,1634.56,19.4,54.49,86.9,92.27,126.82,6.45,Canal,224.52,15.19,7.69,490.01,2158.13,1057505.28
3061,Maharashtra,Pune,Sugarcane,Rabi,2023,22.94,1330.43,24.42,85.4,61.23,57.67,144.52,7.62,Canal,53.22,73.01,8.45,193.84,4048.13,784689.52
3062,Andhra Pradesh,Kurnool,Cotton,Kharif,2022,58.66,711.13,27.28,91.58,26.0,62.47,59.71,6.33,Drip,87.94,50.74,3.36,197.1,5831.66,1149420.19
3063,Punjab,Amritsar,Maize,Rabi,2023,69.82,1691.71,30.87,43.33,56.48,93.46,45.5,6.8,Rainfed,160.22,15.51,4.68,326.76,1686.83,551188.57
3064,Haryana,Ambala,Onion,Rabi,2019,37.89,700.3,33.26,81.91,66.16,22.69,21.15,7.83,Drip,78.9,7.83,5.27,199.68,2628.34,524826.93
3065,Maharashtra,Nagpur,Groundnut,Zaid,2019,95.03,1068.67,26.07,54.73,91.53,47.64,65.13,7.45,Sprinkler,239.77,58.07,3.15,299.34,6902.17,2066095.57
3066,Maharashtra,Nagpur,Millet,Kharif,2020,50.73,402.26,32.73,85.64,58.75,81.29,79.03,7.43,Canal,179.12,18.34,2.87,145.6,3186.99,464025.74
3067,Kerala,Palakkad,Maize,Kharif,2023,77.51,1005.32,20.11,81.13,131.0,41.81,127.81,5.09,Rainfed,119.88,79.26,4.15,321.67,1811.1,582576.54
3068,Punjab,Jalandhar,Cotton,Kharif,2024,70.09,558.17,29.14,48.17,62.81,26.81,80.24,7.32,Drip,32.26,69.48,3.41,239.01,7640.45,1826143.95
3069,Punjab,Jalandhar,Rice,Rabi,2024,36.03,555.59,20.49,69.51,72.72,93.47,121.2,7.74,Drip,147.56,35.04,4.66,167.9,2169.97,364337.96
3070,Andhra Pradesh,Nellore,Groundnut,Zaid,2020,8.04,1388.04,22.2,56.32,107.65,72.82,124.58,8.06,Rainfed,54.26,29.62,2.56,20.58,6276.29,129166.05
3071,Kerala,Palakkad,Groundnut,Rabi,2023,3.83,1355.26,36.51,73.55,123.91,85.93,59.22,8.47,Borewell,131.14,28.34,2.9,11.11,6131.82,68124.52
3072,Uttar Pradesh,Kanpur,Rice,Zaid,2021,87.5,707.75,27.01,66.9,85.53,23.91,55.3,7.5,Rainfed,25.42,43.28,3.05,266.88,2189.16,584243.02
3073,Maharashtra,Kolhapur,Maize,Kharif,2021,3.22,631.37,34.12,75.56,54.09,69.91,73.85,6.42,Rainfed,236.14,62.29,4.38,14.1,2049.1,28892.31
3074,Kerala,Palakkad,Cotton,Zaid,2022,45.31,743.57,27.39,67.41,25.81,92.53,11.71,5.98,Rainfed,146.94,38.01,2.41,109.2,6106.21,666798.13
3075,West Bengal,Kolkata,Millet,Rabi,2022,25.6,933.31,33.53,72.08,69.09,96.79,61.63,6.72,Drip,101.93,74.13,2.79,71.42,3123.04,223047.52
3076,Tamil Nadu,Coimbatore,Wheat,Kharif,2020,8.9,,26.73,54.61,48.39,84.63,147.9,6.87,Rainfed,102.76,30.5,2.85,25.37,2491.19,63201.49
3077,West Bengal,Nadia,Rice,Rabi,2022,25.25,501.86,29.72,84.39,22.15,15.1,14.29,7.45,Canal,231.43,41.2,4.75,119.94,2809.51,336972.63
3078,Uttar Pradesh,Agra,Millet,Kharif,2021,3.75,1122.38,20.07,64.77,31.05,27.07,85.28,8.37,Sprinkler,98.81,75.81,2.41,9.04,3500.12,31641.08
3079,Uttar Pradesh,Agra,Rice,Kharif,2018,9.76,711.09,28.43,44.43,75.44,95.82,89.65,7.44,Rainfed,57.67,10.52,4.23,41.28,2126.61,87786.46
3080,Tamil Nadu,Madurai,Maize,Zaid,2023,19.27,1274.01,19.35,64.21,49.25,54.13,74.26,6.87,Borewell,102.1,8.26,4.8,92.5,1994.79,184518.07
3081,Maharashtra,Kolhapur,Cotton,Zaid,2020,22.52,1239.01,31.21,56.67,92.18,45.21,50.21,5.59,Rainfed,108.54,11.51,2.59,58.33,6054.09,353135.07
3082,Uttar Pradesh,Kanpur,Maize,Kharif,2025,8.63,1349.62,30.77,90.18,39.79,77.64,35.38,6.96,Drip,163.44,70.6,5.61,48.41,1677.62,81213.58
3083,Uttar Pradesh,Meerut,Maize,Zaid,2021,37.69,607.35,27.89,82.49,116.59,84.86,148.44,6.55,Rainfed,125.94,67.58,4.67,176.01,2065.06,363471.21
3084,Haryana,Rohtak,Rice,Rabi,2020,98.13,546.88,22.95,52.08,76.2,95.92,102.13,7.93,Drip,74.76,74.37,4.87,477.89,2627.15,1255488.71
3085,Tamil Nadu,Trichy,Onion,Zaid,2021,56.04,785.67,29.56,50.36,41.44,86.05,102.01,6.56,Canal,118.61,50.31,5.09,285.24,2597.23,740833.89
3086,Punjab,Ludhiana,Onion,Zaid,2022,59.34,545.15,29.12,74.92,67.39,72.12,39.37,6.69,Sprinkler,109.85,7.46,4.96,294.33,1975.07,581322.35
3087,Andhra Pradesh,Nellore,Wheat,Zaid,2018,63.49,1210.59,19.36,57.45,93.05,18.7,104.8,7.96,Rainfed,20.57,52.58,3.5,222.22,1900.23,422269.11
3088,Uttar Pradesh,Kanpur,Rice,Zaid,2024,36.16,1137.01,37.01,89.36,137.66,23.52,11.0,5.38,Sprinkler,226.01,47.24,5.43,196.35,2335.18,458512.59
3089,Tamil Nadu,Coimbatore,Potato,Rabi,2020,19.49,1468.97,23.68,86.09,34.39,29.61,43.23,8.07,Sprinkler,237.97,52.83,7.41,144.42,1951.03,281767.75
3090,Haryana,Rohtak,Tomato,Kharif,2024,24.15,633.08,33.14,86.46,37.86,60.16,132.2,5.39,Rainfed,241.83,12.63,5.61,135.48,2611.93,353864.28
3091,Uttar Pradesh,Kanpur,Groundnut,Kharif,2018,85.49,1286.37,32.04,57.97,32.56,57.08,62.53,6.88,Canal,228.91,75.19,2.78,237.66,5279.13,1254638.04
3092,Maharashtra,Nashik,Wheat,Rabi,2020,27.91,771.49,32.15,76.13,112.65,94.54,86.34,7.37,Rainfed,217.42,33.38,3.99,111.36,1901.86,211791.13
3093,Karnataka,Hassan,Groundnut,Rabi,2020,22.26,352.42,32.85,57.97,84.89,85.66,130.49,7.92,Drip,186.19,54.27,3.13,69.67,4951.17,344948.01
3094,Haryana,Ambala,Maize,Rabi,2024,89.67,1611.62,30.07,49.18,48.87,77.0,34.7,7.31,Canal,91.47,46.88,5.43,486.91,1880.68,915721.9
3095,West Bengal,Burdwan,Rice,Kharif,2019,74.11,466.57,36.75,76.96,123.27,53.28,48.94,7.89,Drip,150.7,68.88,4.57,338.68,2263.55,766619.11
3096,Maharashtra,Pune,Maize,Rabi,2019,56.36,1108.99,24.43,75.64,33.99,89.9,125.06,7.72,Drip,133.14,67.79,5.38,303.22,2112.82,640649.28
3097,Kerala,Kannur,Wheat,Kharif,2021,65.96,978.07,18.25,52.52,95.37,73.73,120.36,6.94,Canal,64.42,71.82,4.19,276.37,2371.82,655499.89
3098,West Bengal,Murshidabad,Cotton,Rabi,2018,24.31,1160.97,23.15,49.29,92.33,54.16,22.47,5.86,Sprinkler,195.71,38.7,3.44,83.63,6009.02,502534.34
3099,Telangana,Hyderabad,Rice,Zaid,2020,59.9,1463.04,34.1,87.21,56.69,55.62,113.78,5.53,Canal,182.94,42.88,5.13,307.29,2394.4,735775.18
3100,Telangana,Nalgonda,Maize,Kharif,2019,72.09,465.12,33.04,85.93,78.9,92.31,103.04,6.9,Borewell,109.88,5.48,4.36,314.31,1856.01,583362.5
3101,Uttar Pradesh,Lucknow,Sugarcane,Rabi,2021,94.99,1631.92,22.06,47.24,105.19,12.93,138.77,8.16,Drip,38.14,50.58,8.86,841.61,3216.34,2706903.91
3102,Andhra Pradesh,Chittoor,Groundnut,Rabi,2024,78.25,1523.11,19.85,78.09,24.9,36.73,55.36,7.99,Rainfed,120.44,2.13,2.15,168.24,5396.9,907974.46
3103,Andhra Pradesh,Nellore,Onion,Kharif,2024,27.74,1039.36,18.8,55.63,121.21,55.8,35.08,8.47,Rainfed,157.92,69.29,4.25,117.89,2135.96,251808.32
3104,Andhra Pradesh,Guntur,Wheat,Zaid,2025,35.69,1246.18,25.34,43.52,58.07,15.97,134.85,8.49,Sprinkler,113.82,26.07,4.0,142.76,1967.74,280914.56
3105,West Bengal,Murshidabad,Potato,Zaid,2018,13.72,706.1,27.06,68.83,108.37,42.5,19.45,5.58,Borewell,153.14,3.51,6.93,95.08,1770.0,168291.6
3106,Uttar Pradesh,Varanasi,Millet,Kharif,2020,86.79,1329.07,37.39,65.78,137.14,79.73,11.42,8.27,Drip,169.84,45.25,2.5,216.98,2550.41,553387.96
3107,Maharashtra,Kolhapur,Sugarcane,Zaid,2023,67.11,1241.75,21.1,89.4,95.63,86.74,66.71,7.57,Canal,214.78,65.79,9.82,659.02,3069.19,2022657.59
3108,Maharashtra,Nagpur,Wheat,Rabi,2020,66.6,1611.79,23.73,65.48,81.87,68.67,69.63,8.05,Borewell,129.83,66.52,4.33,288.38,2434.91,702179.35
3109,Haryana,Ambala,Maize,Zaid,2024,53.99,465.51,19.0,67.26,101.76,91.05,138.99,7.12,Rainfed,129.04,44.67,4.07,219.74,2226.88,489334.61
3110,Telangana,Karimnagar,Cotton,Zaid,2018,62.91,1604.84,30.96,89.82,88.03,53.91,112.94,6.22,Sprinkler,28.45,7.13,3.31,208.23,6550.22,1363952.31
3111,Haryana,Karnal,Tomato,Kharif,2024,8.77,1420.62,24.06,65.15,22.15,45.44,87.91,5.75,Drip,131.76,3.04,6.89,60.43,2580.3,155927.53
3112,Maharashtra,Nagpur,Rice,Rabi,2021,84.22,1218.56,34.5,58.56,60.97,51.76,129.5,6.45,Sprinkler,142.04,52.8,4.92,414.36,2476.12,1026005.08
3113,Kerala,Palakkad,Onion,Kharif,2020,61.32,1463.6,31.92,60.61,134.92,72.01,,7.79,Drip,229.36,5.63,7.0,429.24,2556.13,1097193.24
3114,Karnataka,Hassan,Potato,Kharif,2022,18.15,1366.05,31.73,57.45,41.63,79.79,114.91,8.31,Rainfed,27.42,72.47,4.97,90.21,1607.92,145050.46
3115,Haryana,Karnal,Potato,Rabi,2019,33.84,1140.27,31.99,46.01,59.72,97.39,69.51,5.14,Rainfed,132.19,72.65,5.84,197.63,1746.43,345146.96
3116,Tamil Nadu,Salem,Rice,Kharif,2022,4.45,449.09,29.49,84.77,60.22,21.05,53.47,7.91,Canal,217.61,70.83,4.94,21.98,2271.0,49916.58
3117,Uttar Pradesh,Lucknow,Onion,Kharif,2020,67.25,701.63,26.59,87.75,95.23,80.94,47.68,5.93,Drip,197.32,12.06,6.17,414.93,1998.39,829191.96
3118,Punjab,Jalandhar,Rice,Kharif,2018,79.09,1083.72,25.81,57.25,134.77,14.57,109.24,7.85,Drip,232.44,76.99,5.85,462.68,2238.59,1035750.82
3119,West Bengal,Nadia,Sugarcane,Rabi,2020,21.12,922.43,21.21,79.85,104.54,36.43,28.47,5.46,Sprinkler,70.73,47.16,7.63,161.15,3039.6,489831.54
3120,Andhra Pradesh,Kurnool,Maize,Zaid,2021,31.96,1025.31,25.59,82.47,65.95,72.63,93.58,5.27,Sprinkler,207.04,6.94,5.25,167.79,1688.13,283251.33
3121,Kerala,Kollam,Cotton,Kharif,2022,65.2,491.3,26.73,93.98,78.06,28.11,108.25,6.37,Canal,65.15,54.85,2.8,182.56,6470.42,1181239.88
3122,Maharashtra,Nagpur,Rice,Zaid,2021,57.22,871.45,22.46,46.17,42.04,45.38,39.04,8.04,Rainfed,163.3,61.98,3.95,226.02,2303.88,520722.96
3123,Punjab,Amritsar,Cotton,Kharif,2019,24.09,1640.41,27.22,73.25,126.88,90.35,68.37,7.62,Rainfed,242.25,46.6,3.48,83.83,7030.6,589375.2
3124,Kerala,Kochi,Onion,Rabi,2024,96.86,1398.11,27.86,88.92,124.98,68.93,123.73,5.42,Borewell,37.98,67.28,5.32,515.3,2540.41,1309073.27
3125,West Bengal,Murshidabad,Rice,Rabi,2021,42.22,652.86,22.03,46.31,97.44,41.29,131.48,5.31,Canal,133.26,36.04,5.03,212.37,2347.26,498487.61
3126,Karnataka,Mysore,Rice,Kharif,2018,11.85,787.09,25.67,74.25,93.78,58.64,39.2,7.19,Drip,138.36,6.2,5.04,59.72,2162.52,129145.69
3127,Maharashtra,Nagpur,Maize,Zaid,2022,36.22,980.57,19.92,88.85,88.79,35.35,48.27,6.72,Borewell,82.88,50.71,4.57,165.53,1645.48,272376.3
3128,Tamil Nadu,Thanjavur,Wheat,Kharif,2021,40.18,509.42,24.59,41.7,130.32,42.77,133.23,8.43,Rainfed,56.43,21.34,3.51,141.03,2591.82,365524.37
3129,Punjab,Ludhiana,Cotton,Rabi,2023,93.68,1098.47,18.11,89.21,74.2,94.74,112.26,6.18,Canal,132.25,36.89,3.09,289.47,5988.03,1733355.04
3130,Tamil Nadu,Coimbatore,Groundnut,Zaid,2019,65.63,837.63,32.65,89.9,128.86,84.3,83.53,5.9,Borewell,165.69,55.12,2.29,150.29,5412.07,813380.0
3131,Punjab,Jalandhar,Potato,Zaid,2021,73.48,1337.66,32.87,59.03,131.95,88.29,113.26,5.68,Drip,197.69,69.77,8.34,612.82,1703.34,1043840.82
3132,Andhra Pradesh,Guntur,Maize,Zaid,2022,88.64,1272.25,18.38,85.7,31.63,99.81,96.17,6.4,Drip,114.53,59.38,5.04,446.75,2071.94,925639.2
3133,Haryana,Panipat,Tomato,Rabi,2023,36.49,1204.95,22.56,71.07,55.14,98.92,119.98,6.12,Sprinkler,216.61,73.74,6.96,253.97,2183.18,554462.22
3134,Uttar Pradesh,Meerut,Cotton,Zaid,2024,32.5,1365.44,20.3,69.94,31.34,41.18,36.3,8.41,Canal,177.8,5.18,3.32,107.9,6946.75,749554.33
3135,Tamil Nadu,Coimbatore,Potato,Zaid,2020,98.3,806.02,27.11,70.36,49.46,16.39,131.06,7.14,Canal,214.49,26.91,7.08,695.96,1794.84,1249136.85
3136,Uttar Pradesh,Kanpur,Potato,Zaid,2025,98.47,820.67,35.43,70.69,49.16,65.49,120.14,6.54,Canal,41.4,42.36,5.74,565.22,1532.78,866357.91
3137,Telangana,Warangal,Potato,Kharif,2019,75.53,1557.82,28.01,56.85,54.98,58.77,37.84,7.82,Drip,46.99,15.81,6.69,505.3,1731.68,875017.9
3138,Karnataka,Hassan,Millet,Kharif,2019,41.07,1064.15,26.0,46.62,82.0,44.03,17.75,5.72,Sprinkler,103.41,62.0,2.52,103.5,3277.11,339180.89
3139,Uttar Pradesh,Varanasi,Maize,Rabi,2019,76.48,470.18,31.75,65.6,22.21,66.38,96.61,7.87,Canal,184.28,33.63,5.08,388.52,1855.13,720755.11
3140,West Bengal,Murshidabad,Rice,Rabi,2021,34.04,1783.81,36.66,79.47,91.58,13.58,80.68,5.81,Canal,87.86,26.15,5.12,174.28,2377.69,414383.81
3141,Punjab,Patiala,Wheat,Zaid,2019,14.75,1499.48,34.49,46.55,130.67,61.1,33.23,6.53,Rainfed,170.8,60.87,4.37,64.46,2034.42,131138.71
3142,Haryana,Panipat,Rice,Zaid,2021,57.44,758.0,26.21,57.1,103.96,60.2,14.19,5.17,Drip,196.91,72.42,5.4,310.18,2310.57,716692.6
3143,Kerala,Kochi,Wheat,Rabi,2021,74.82,1059.49,20.28,68.59,133.98,92.64,,8.07,Canal,69.61,50.15,4.19,313.5,2335.64,732223.14
3144,Uttar Pradesh,Meerut,Sugarcane,Kharif,2018,61.18,1795.0,22.79,61.41,111.21,35.16,116.73,6.25,Rainfed,52.21,66.39,7.24,442.94,4105.6,1818534.46
3145,Karnataka,Belgaum,Sugarcane,Rabi,2020,4.72,1699.34,27.07,41.9,23.05,39.72,22.56,6.79,Borewell,162.77,17.98,8.62,40.69,3631.75,147775.91
3146,Uttar Pradesh,Meerut,Groundnut,Zaid,2018,94.01,1556.14,29.51,89.89,139.74,55.28,107.46,5.56,Borewell,90.84,30.02,2.64,248.19,5598.94,1389600.92
3147,Karnataka,Bangalore,Rice,Rabi,2025,45.72,1578.41,26.98,70.57,55.45,61.01,19.3,8.2,Drip,126.54,39.56,5.46,249.63,2514.63,627727.09
3148,Maharashtra,Nashik,Millet,Kharif,2021,82.49,1642.61,34.74,84.58,77.87,60.77,117.88,5.84,Sprinkler,203.46,62.52,2.94,242.52,2866.87,695273.31
3149,Punjab,Bathinda,Maize,Rabi,2025,87.76,1774.4,32.01,79.31,41.84,53.27,133.21,6.97,Drip,182.21,14.6,6.09,534.46,1980.98,1058754.57
3150,Andhra Pradesh,Guntur,Potato,Kharif,2025,29.79,1187.87,27.76,92.8,122.46,94.35,22.12,5.57,Sprinkler,192.16,37.71,7.3,217.47,1551.6,337426.45
3151,Telangana,Nalgonda,Wheat,Zaid,2021,13.45,1745.59,29.15,88.48,126.16,19.63,98.37,6.55,Drip,102.03,28.97,4.6,61.87,2576.46,159405.58
3152,Telangana,Warangal,Cotton,Zaid,2018,69.74,1758.3,26.7,75.77,93.98,40.36,65.67,7.44,Borewell,181.29,27.83,3.72,259.43,5819.91,1509859.25
3153,Punjab,Patiala,Maize,Rabi,2025,34.01,733.73,37.72,84.19,108.86,22.22,101.48,5.21,Canal,196.23,71.82,5.09,173.11,2101.73,363830.48
3154,Punjab,Ludhiana,Groundnut,Rabi,2021,28.4,960.11,34.73,67.16,120.52,87.37,27.31,8.18,Borewell,51.15,70.78,1.94,55.1,6908.59,380663.31
3155,Tamil Nadu,Salem,Rice,Kharif,2021,80.56,1269.81,21.9,70.07,59.48,38.41,18.43,8.35,Borewell,222.76,13.93,5.42,436.64,2568.84,1121658.3
3156,Telangana,Khammam,Groundnut,Kharif,2020,82.35,1662.95,18.55,90.28,74.7,17.03,79.72,6.83,Sprinkler,36.29,57.02,2.9,238.81,5205.55,1243137.4
3157,West Bengal,Murshidabad,Millet,Kharif,2023,83.29,1773.13,28.78,53.57,69.49,73.77,46.18,6.49,Drip,51.11,29.66,2.7,224.88,3341.55,751447.76
3158,Karnataka,Belgaum,Onion,Kharif,2018,11.43,1108.05,27.33,57.69,137.0,14.06,84.01,6.15,Rainfed,202.2,64.51,4.85,55.44,2211.34,122596.69
3159,Kerala,Kannur,Sugarcane,Zaid,2020,44.05,1240.95,25.66,57.11,60.95,46.72,109.52,7.99,Rainfed,191.67,19.55,7.93,349.32,4070.74,1421990.9
3160,Kerala,Palakkad,Onion,Rabi,2024,99.83,462.26,18.59,44.1,47.08,51.56,42.52,7.05,Drip,166.22,10.94,5.28,527.1,2406.92,1268687.53
3161,Haryana,Hisar,Maize,Zaid,2023,16.55,1023.42,24.88,47.45,101.52,25.95,100.92,7.89,Canal,156.41,41.03,5.17,85.56,2035.86,174188.18
3162,West Bengal,Murshidabad,Wheat,Rabi,2021,76.59,304.84,19.43,73.92,115.11,31.88,51.89,6.2,Drip,73.82,6.65,3.67,281.09,2490.08,699936.59
3163,Telangana,Karimnagar,Cotton,Zaid,2024,77.71,576.78,19.84,69.75,69.64,26.85,133.34,6.15,Canal,65.28,75.36,2.68,208.26,5891.56,1226976.29
3164,Andhra Pradesh,Kurnool,Sugarcane,Kharif,2025,49.01,350.15,25.73,89.54,95.69,41.55,25.09,6.99,Borewell,36.07,16.17,7.03,344.54,3160.41,1088887.66
3165,Kerala,Kollam,Potato,Rabi,2019,32.57,363.88,21.45,79.65,59.82,53.05,13.91,5.6,Rainfed,104.75,60.67,4.55,148.19,1912.85,283465.24
3166,Karnataka,Hassan,Rice,Kharif,2022,70.96,804.45,23.97,54.48,57.49,17.0,122.32,6.29,Canal,158.46,4.7,4.49,318.61,2129.07,678342.99
3167,Andhra Pradesh,Guntur,Tomato,Rabi,2025,28.79,301.15,29.73,42.63,96.72,50.8,128.21,5.9,Drip,53.87,16.15,5.7,164.1,2818.1,462450.21
3168,Kerala,Palakkad,Wheat,Kharif,2022,59.08,685.1,21.93,51.68,75.13,54.5,132.01,8.12,Sprinkler,116.97,35.62,4.37,258.18,2443.32,630816.36
3169,Uttar Pradesh,Varanasi,Groundnut,Zaid,2023,92.22,1464.26,30.1,81.32,80.79,83.23,120.92,8.21,Drip,208.68,53.55,3.75,345.82,5872.83,2030942.07
3170,Kerala,Palakkad,Millet,Rabi,2021,78.47,1171.0,34.87,83.06,50.26,87.5,14.2,7.07,Canal,231.68,41.63,2.92,229.13,3308.83,758152.22
3171,Kerala,Kannur,Wheat,Zaid,2024,64.16,1598.55,29.06,47.21,137.95,54.63,72.95,6.22,Canal,44.54,27.07,4.82,309.25,2603.9,805256.08
3172,Kerala,Kochi,Groundnut,Rabi,2020,49.97,669.13,30.87,71.79,51.77,49.25,134.78,7.03,Canal,155.78,7.74,2.69,134.42,6373.93,856783.67
3173,Andhra Pradesh,Guntur,Potato,Kharif,2024,82.78,1473.89,31.51,45.24,93.21,74.34,46.61,5.77,Canal,119.69,71.69,6.96,576.15,2018.85,1163160.43
3174,Karnataka,Mandya,Potato,Zaid,2024,84.89,670.09,24.32,46.39,100.7,53.83,32.69,6.66,Drip,97.58,6.53,6.44,546.69,1634.98,893827.22
3175,Uttar Pradesh,Varanasi,Potato,Kharif,2018,51.42,353.6,37.61,70.68,45.62,49.09,133.15,5.08,Drip,163.86,28.49,6.46,332.17,1668.43,554202.39
3176,Tamil Nadu,Trichy,Wheat,Zaid,2021,23.74,1361.01,18.74,62.62,80.74,57.76,72.99,7.05,Rainfed,60.69,30.94,3.6,85.46,2573.55,219935.58
3177,Karnataka,Mysore,Cotton,Zaid,2018,7.66,1411.34,31.31,67.98,107.93,12.8,98.45,7.2,Sprinkler,226.72,76.37,3.5,26.81,6377.49,170980.51
3178,Andhra Pradesh,Kurnool,Sugarcane,Zaid,2019,55.73,488.51,35.21,45.46,129.16,85.94,74.45,6.51,Drip,69.33,14.59,8.08,450.3,3210.97,1445899.79
3179,Kerala,Palakkad,Sugarcane,Zaid,2020,39.31,1131.24,23.66,70.38,74.18,31.74,89.15,5.32,Canal,48.56,74.19,7.56,297.18,4138.01,1229733.81
3180,Karnataka,Bangalore,Tomato,Zaid,2025,24.75,1108.91,18.31,48.54,97.54,75.61,44.57,6.05,Sprinkler,175.6,59.23,6.68,165.33,2661.42,440012.57
3181,Punjab,Amritsar,Onion,Zaid,2025,42.47,1042.3,33.37,50.44,67.67,28.51,44.34,5.83,Rainfed,146.27,28.94,4.43,188.14,2128.68,400489.86
3182,Andhra Pradesh,Kurnool,Millet,Kharif,2022,79.18,831.65,18.71,69.56,103.39,35.54,114.12,7.11,Sprinkler,137.13,44.72,2.36,186.86,3596.78,672094.31
3183,Uttar Pradesh,Kanpur,Millet,Rabi,2018,13.32,488.18,29.7,64.99,83.03,62.43,43.22,7.74,Canal,186.17,44.99,2.42,32.23,3339.78,107641.11
3184,Telangana,Karimnagar,Groundnut,Zaid,2023,58.82,1268.63,22.15,62.72,38.37,92.41,118.8,6.47,Canal,60.22,21.21,2.51,147.64,5288.11,780736.56
3185,Telangana,Karimnagar,Onion,Zaid,2024,99.6,318.75,27.18,74.97,32.97,18.21,62.46,7.18,Drip,115.85,27.42,5.1,507.96,2318.47,1177690.02
3186,Kerala,Kannur,Potato,Zaid,2025,90.25,851.57,20.95,67.01,104.37,54.54,12.82,6.0,Sprinkler,175.7,15.18,7.0,631.75,1994.02,1259722.14
3187,Haryana,Karnal,Potato,Kharif,2023,69.87,1056.55,27.01,73.92,85.56,90.61,52.12,5.05,Drip,191.49,65.1,7.69,537.3,1707.2,917278.56
3188,Haryana,Karnal,Potato,Rabi,2020,7.74,1238.96,19.49,48.0,21.6,61.62,99.37,7.76,Sprinkler,196.38,24.62,7.73,59.83,2088.94,124981.28
3189,Uttar Pradesh,Kanpur,Onion,Kharif,2019,2.58,638.96,30.17,77.93,130.73,66.11,24.82,5.05,Canal,111.54,67.74,4.98,12.85,2328.54,29921.74
3190,Haryana,Rohtak,Onion,Kharif,2024,52.9,1481.21,32.39,41.2,100.62,42.3,68.38,6.14,Canal,183.39,32.59,6.07,321.1,2323.01,745918.51
3191,Kerala,Kannur,Groundnut,Rabi,2021,82.35,1403.44,20.46,61.3,92.55,51.22,148.98,5.65,Canal,64.16,79.97,2.71,223.17,6433.1,1435674.93
3192,Punjab,Ludhiana,Groundnut,Rabi,2021,29.55,503.01,26.47,92.94,77.08,47.39,106.98,8.37,Borewell,216.14,8.75,2.6,76.83,6809.01,523136.24
3193,Uttar Pradesh,Varanasi,Tomato,Kharif,2025,6.07,930.06,31.69,47.03,120.83,49.38,71.1,5.95,Sprinkler,75.44,66.72,5.53,33.57,2884.94,96847.44
3194,West Bengal,Nadia,Millet,Zaid,2021,98.95,1592.5,21.81,49.12,91.98,20.35,134.17,6.55,Canal,25.18,27.91,1.94,191.96,2965.9,569334.16
3195,Maharashtra,Nagpur,Groundnut,Kharif,2021,93.41,404.35,21.9,61.9,136.65,15.96,38.26,6.5,Borewell,239.77,60.94,2.71,253.14,6265.08,1585942.35
3196,Andhra Pradesh,Guntur,Rice,Rabi,2024,92.1,1017.72,31.63,51.63,86.16,70.06,21.72,7.66,Sprinkler,221.68,75.45,5.49,505.63,2784.82,1408088.54
3197,West Bengal,Hooghly,Cotton,Rabi,2019,20.55,923.81,23.64,93.02,132.07,19.37,117.25,5.33,Sprinkler,31.28,60.95,3.07,63.09,6970.17,439748.03
3198,Karnataka,Hassan,Onion,Rabi,2020,8.12,557.06,22.6,62.39,121.31,82.47,112.04,5.17,Rainfed,117.1,42.09,4.31,35.0,2550.95,89283.25
3199,Telangana,Warangal,Cotton,Kharif,2020,84.76,1651.63,30.35,80.17,54.35,55.28,94.35,6.21,Canal,188.68,65.02,3.74,317.0,7285.41,2309474.97
3200,Uttar Pradesh,Kanpur,Tomato,Kharif,2022,95.27,410.65,31.46,75.26,92.46,80.51,10.06,8.12,Borewell,218.61,17.16,5.83,555.42,2644.58,1468852.62
3201,Karnataka,Mandya,Cotton,Rabi,2023,80.51,1356.23,28.36,57.83,70.88,90.89,94.22,6.88,Canal,50.99,10.52,3.27,263.27,7107.13,1871094.12
3202,Maharashtra,Pune,Millet,Kharif,2018,70.29,905.27,24.16,73.75,112.34,57.66,50.52,5.52,Sprinkler,35.07,73.36,2.18,153.23,2955.98,452944.82
3203,Tamil Nadu,Madurai,Cotton,Zaid,2021,34.13,1284.77,20.95,55.41,53.97,41.25,136.14,6.88,Drip,189.81,72.23,3.84,131.06,7796.96,1021869.58
3204,Tamil Nadu,Salem,Tomato,Kharif,2024,3.43,1040.48,22.5,61.1,74.01,77.33,137.66,6.05,Borewell,98.42,41.06,6.01,20.61,2169.15,44706.18
3205,Telangana,Warangal,Cotton,Rabi,2023,50.38,1471.86,22.88,63.83,22.6,39.82,10.68,6.82,Canal,229.37,5.36,3.57,179.86,6539.66,1176223.25
3206,West Bengal,Hooghly,Rice,Zaid,2019,84.36,676.65,25.31,77.01,112.96,59.4,84.65,6.71,Rainfed,184.59,20.2,3.88,327.32,2615.3,856040.0
3207,Haryana,Ambala,Potato,Rabi,2021,81.3,495.28,25.38,43.02,114.58,69.02,49.9,6.37,Sprinkler,193.83,25.03,6.87,558.53,1873.57,1046445.05
3208,Maharashtra,Pune,Rice,Kharif,2022,62.68,552.64,28.55,41.9,122.47,,32.58,7.57,Drip,120.3,54.83,5.23,327.82,2125.09,696647.0
3209,Telangana,Warangal,Groundnut,Zaid,2020,13.21,610.67,33.65,76.7,44.58,54.22,84.33,5.9,Rainfed,114.64,63.89,2.05,27.08,5188.77,140511.89
3210,Punjab,Amritsar,Maize,Zaid,2025,43.1,615.86,34.72,54.57,116.35,49.98,48.39,6.46,Rainfed,28.66,21.34,3.2,137.92,1925.48,265562.2
3211,Andhra Pradesh,Kurnool,Potato,Kharif,2018,27.89,898.75,25.97,43.6,139.97,33.49,47.14,5.59,Drip,145.3,47.51,7.42,206.94,1811.41,374853.19
3212,Kerala,Palakkad,Maize,Rabi,2023,46.92,447.48,27.55,93.1,28.71,26.32,62.76,5.61,Canal,242.8,16.15,5.44,255.24,1798.29,458995.54
3213,West Bengal,Nadia,Groundnut,Kharif,2023,31.25,343.77,19.15,42.23,108.31,40.8,125.34,8.06,Drip,241.85,41.7,3.02,94.38,5475.3,516758.81
3214,Haryana,Karnal,Groundnut,Zaid,2024,46.81,1534.13,32.68,63.13,133.82,59.99,136.09,5.12,Rainfed,24.48,54.3,2.06,96.43,5718.36,551421.45
3215,Uttar Pradesh,Kanpur,Groundnut,Rabi,2024,5.63,1392.89,37.74,83.82,90.64,47.12,17.4,5.06,Drip,94.34,56.65,3.16,17.79,6105.86,108623.25
3216,Punjab,Bathinda,Millet,Kharif,2019,76.93,1569.76,20.01,70.75,57.85,59.33,11.39,8.45,Sprinkler,181.29,58.59,3.19,245.41,3313.53,813173.4
3217,Punjab,Amritsar,Rice,Kharif,2020,98.39,1721.11,22.39,57.41,71.26,39.24,99.71,7.39,Canal,147.4,36.98,4.82,474.24,2673.22,1267747.85
3218,West Bengal,Murshidabad,Maize,Zaid,2020,98.55,1774.12,26.12,92.48,82.8,60.26,67.07,6.24,Drip,121.75,73.94,5.93,584.4,1951.74,1140596.86
3219,West Bengal,Kolkata,Potato,Kharif,2018,20.18,1113.81,24.36,43.72,123.17,46.0,100.76,8.44,Sprinkler,171.57,11.77,7.64,154.18,1734.52,267428.29
3220,Tamil Nadu,Coimbatore,Cotton,Rabi,2018,55.01,1338.33,36.37,87.07,38.36,54.74,131.02,7.13,Drip,22.77,71.64,3.35,184.28,5612.67,1034302.83
3221,Haryana,Hisar,Millet,Rabi,2021,32.85,776.46,30.96,76.13,83.66,66.7,52.8,7.78,Canal,241.2,16.7,2.3,75.55,3256.19,246005.15
3222,Haryana,Panipat,Onion,Kharif,2025,73.71,1372.24,21.55,43.52,114.12,86.56,128.15,6.33,Rainfed,231.51,41.65,5.16,380.34,2527.65,961366.4
3223,Telangana,Warangal,Maize,Zaid,2022,1.92,787.05,20.0,92.83,100.77,75.73,37.68,7.43,Drip,116.11,78.19,5.06,9.72,1797.91,17475.69
3224,Uttar Pradesh,Kanpur,Groundnut,Zaid,2018,77.23,1576.01,23.15,49.29,80.3,36.73,66.66,6.45,Drip,87.26,74.91,2.66,205.43,5928.49,1217889.7
3225,Uttar Pradesh,Lucknow,Onion,Rabi,2020,1.49,1601.41,33.94,70.64,81.69,87.63,87.63,5.51,Sprinkler,156.19,18.4,6.47,9.64,2566.44,24740.48
3226,Maharashtra,Kolhapur,Millet,Rabi,2024,36.48,1244.45,26.75,57.44,53.68,87.18,134.91,6.21,Borewell,170.14,42.43,2.62,95.58,2560.21,244704.87
3227,Kerala,Kannur,Tomato,Zaid,2020,20.7,1647.87,25.55,63.24,53.55,74.6,135.29,8.0,Sprinkler,34.69,69.55,6.49,134.34,2394.74,321709.37
3228,Punjab,Jalandhar,Maize,Rabi,2019,40.94,694.4,26.73,54.23,59.67,65.56,127.37,6.75,Borewell,218.96,27.38,5.15,210.84,1829.3,385689.61
3229,Tamil Nadu,Coimbatore,Wheat,Rabi,2023,45.25,1259.87,23.71,74.44,33.61,72.62,84.7,7.14,Borewell,148.18,7.37,4.37,197.74,2384.32,471475.44
3230,Kerala,Kochi,Wheat,Rabi,2022,49.04,970.6,33.18,40.97,21.71,38.72,82.78,5.28,Rainfed,183.92,38.57,3.24,158.89,2132.75,338872.65
3231,Andhra Pradesh,Guntur,Sugarcane,Rabi,2022,45.48,819.97,23.19,84.57,93.55,20.38,113.64,8.34,Borewell,211.93,36.93,8.26,375.66,3672.22,1379506.17
3232,West Bengal,Murshidabad,Maize,Kharif,2020,80.53,1642.35,36.26,51.3,88.54,58.32,68.31,6.89,Drip,198.49,34.5,6.08,489.62,1736.63,850288.78
3233,Kerala,Palakkad,Millet,Zaid,2024,54.0,317.87,21.39,76.96,116.77,59.23,89.28,6.88,Borewell,221.99,27.24,2.76,149.04,2649.35,394859.12
3234,Telangana,Warangal,Potato,Zaid,2025,29.23,1474.51,34.7,66.17,48.72,40.7,136.23,8.19,Drip,121.74,45.78,7.25,211.92,1850.95,392253.32
3235,Telangana,Karimnagar,Potato,Kharif,2023,90.76,740.66,19.61,94.11,52.69,47.79,68.08,6.52,Drip,247.65,50.22,7.93,719.73,2049.24,1474899.51
3236,Kerala,Kollam,Onion,Rabi,2021,46.18,693.22,19.23,87.69,63.47,29.66,107.84,6.35,Rainfed,241.4,75.7,4.61,212.89,2270.14,483290.1
3237,Andhra Pradesh,Chittoor,Maize,Zaid,2023,28.18,960.68,32.13,54.37,32.95,21.0,44.99,5.3,Sprinkler,95.9,43.69,4.62,130.19,1878.12,244512.44
3238,Maharashtra,Kolhapur,Rice,Zaid,2024,4.54,1424.41,30.4,48.28,136.83,53.41,144.74,5.12,Rainfed,181.06,16.72,4.35,19.75,2345.65,46326.59
3239,Punjab,Jalandhar,Wheat,Zaid,2021,38.01,976.04,29.95,67.97,44.66,52.51,36.55,5.16,Borewell,147.77,67.1,4.46,169.52,2445.94,414635.75
3240,Telangana,Khammam,Maize,Kharif,2025,17.79,687.29,21.18,70.84,46.73,90.55,38.46,6.32,Sprinkler,87.41,27.49,4.81,85.57,2041.31,174674.9
3241,Haryana,Karnal,Cotton,Rabi,2025,58.66,1448.15,24.11,63.06,29.12,78.13,48.39,5.94,Borewell,167.47,72.89,3.42,200.62,7668.65,1538484.56
3242,Kerala,Thrissur,Cotton,Rabi,2018,14.78,1140.24,25.9,76.93,54.65,30.4,92.63,5.66,Borewell,218.11,4.87,3.29,48.63,7420.68,360867.67
3243,Andhra Pradesh,Kurnool,Rice,Rabi,2025,42.09,1484.59,29.8,68.49,42.02,98.31,133.12,6.4,Rainfed,80.19,38.26,4.13,173.83,2758.57,479522.22
3244,West Bengal,Murshidabad,Millet,Kharif,2023,84.97,669.36,18.84,83.7,100.36,74.57,139.58,6.78,Canal,116.72,36.28,2.51,213.27,3115.19,664376.57
3245,Punjab,Bathinda,Potato,Kharif,2023,55.22,337.19,22.93,57.69,86.74,52.03,114.29,8.17,Sprinkler,195.63,69.87,6.58,363.35,1888.72,686266.41
3246,Karnataka,Belgaum,Tomato,Kharif,2024,24.98,822.87,20.35,47.33,44.81,72.69,142.55,5.31,Sprinkler,232.6,4.42,6.45,161.12,2892.34,466013.82
3247,Punjab,Bathinda,Rice,Zaid,2020,10.76,318.51,34.85,61.83,45.56,13.18,65.09,6.25,Canal,109.26,14.81,3.98,42.82,2087.21,89374.33
3248,Tamil Nadu,Madurai,Cotton,Kharif,2018,62.12,1654.98,32.51,76.62,52.3,34.94,99.76,8.09,Borewell,69.93,43.27,2.98,185.12,7565.91,1400601.26
3249,West Bengal,Burdwan,Onion,Rabi,2019,34.76,1317.4,31.68,70.81,135.6,97.26,138.08,6.73,Borewell,152.41,37.38,5.73,199.17,2123.32,422901.64
3250,Uttar Pradesh,Varanasi,Cotton,Kharif,2020,58.73,903.63,30.52,58.07,52.77,41.04,105.12,8.23,Rainfed,185.41,8.3,2.74,160.92,7412.78,1192864.56
3251,Uttar Pradesh,Varanasi,Cotton,Rabi,2024,86.6,705.95,19.25,63.19,83.62,45.45,29.04,7.93,Rainfed,68.38,35.42,2.42,209.57,7356.33,1541666.08
3252,Maharashtra,Pune,Cotton,Zaid,2024,24.32,1062.18,29.36,78.11,94.43,81.04,86.35,8.42,Canal,120.2,78.02,2.92,71.01,5871.83,416958.65
3253,Andhra Pradesh,Krishna,Tomato,Rabi,2019,35.21,1759.73,34.08,50.84,85.6,92.3,102.94,7.27,Borewell,82.06,65.96,6.58,231.68,2729.16,632291.79
3254,Kerala,Thrissur,Cotton,Rabi,2021,96.29,1145.42,22.28,74.08,67.0,95.92,59.9,5.33,Rainfed,98.76,23.88,2.62,252.28,7636.26,1926475.67
3255,Karnataka,Bangalore,Cotton,Kharif,2020,77.25,1037.44,20.52,40.05,78.7,24.13,126.58,5.67,Canal,205.91,61.25,3.6,278.1,7341.63,2041707.3
3256,Karnataka,Belgaum,Potato,Kharif,2021,84.72,1419.04,30.33,64.21,135.35,39.11,114.78,6.1,Sprinkler,213.44,9.33,8.18,693.01,2089.1,1447767.19
3257,Telangana,Warangal,Groundnut,Zaid,2018,29.29,1625.04,30.9,75.56,42.06,15.32,64.14,6.98,Borewell,80.83,60.96,2.5,73.22,5441.48,398425.17
3258,Uttar Pradesh,Agra,Millet,Kharif,2025,64.71,870.09,33.21,67.81,127.77,59.34,106.85,7.07,Sprinkler,193.45,8.35,2.7,174.72,3508.86,613068.02
3259,Maharashtra,Nagpur,Cotton,Rabi,2022,62.11,689.44,30.88,64.06,82.03,62.13,98.33,7.12,Sprinkler,47.55,13.02,2.48,154.03,7338.71,1130381.5
3260,Haryana,Rohtak,Rice,Kharif,2025,86.04,1147.72,33.5,88.49,46.57,12.86,141.64,6.66,Drip,211.4,18.43,5.13,441.39,2610.73,1152350.11
3261,Punjab,Jalandhar,Maize,Rabi,2020,2.14,1506.99,24.03,52.07,24.71,35.61,46.79,5.92,Rainfed,82.76,30.65,4.31,9.22,1705.43,15724.06
3262,West Bengal,Hooghly,Rice,Zaid,2023,38.02,765.72,26.09,50.29,83.58,69.12,106.81,6.57,Canal,25.5,3.1,4.28,162.73,2095.21,340953.52
3263,Kerala,Kollam,Tomato,Rabi,2025,83.71,1564.98,27.95,74.5,24.84,93.14,56.33,5.16,Rainfed,242.19,11.68,6.03,504.77,2455.28,1239351.69
3264,Maharashtra,Pune,Groundnut,Zaid,2024,34.8,841.26,28.28,60.29,62.49,52.56,25.42,7.32,Rainfed,22.1,25.08,2.1,73.08,5777.82,422243.09
3265,Telangana,Khammam,Wheat,Rabi,2019,71.64,1644.95,18.69,63.37,92.03,43.62,118.1,7.49,Canal,164.23,46.5,4.99,357.48,2305.43,824145.12
3266,Haryana,Rohtak,Tomato,Kharif,2023,66.6,1490.08,27.25,90.95,123.38,22.07,30.83,5.83,Sprinkler,59.06,60.17,6.51,433.57,2577.79,1117652.41
3267,West Bengal,Murshidabad,Groundnut,Zaid,2019,82.23,425.82,21.17,63.86,25.28,98.03,146.06,6.23,Sprinkler,23.71,16.24,2.19,180.08,5462.23,983638.38
3268,Uttar Pradesh,Kanpur,Groundnut,Rabi,2018,24.39,1428.21,20.09,93.74,39.61,21.2,22.26,7.56,Sprinkler,117.02,57.28,2.63,64.15,5548.25,355920.24
3269,West Bengal,Murshidabad,Groundnut,Kharif,2022,25.93,1350.92,33.7,85.31,119.74,19.8,74.09,6.0,Drip,100.67,18.65,2.81,72.86,6870.26,500567.14
3270,Uttar Pradesh,Meerut,Sugarcane,Rabi,2022,85.91,300.6,37.15,92.83,95.82,12.46,108.05,7.69,Drip,183.83,35.58,8.0,687.28,3211.92,2207488.38
3271,Kerala,Kollam,Tomato,Rabi,2021,1.18,1244.21,34.73,71.4,62.96,85.74,46.92,6.96,Rainfed,101.26,76.08,5.5,6.49,2318.97,15050.12
3272,Andhra Pradesh,Kurnool,Maize,Kharif,2024,87.91,769.7,28.55,86.72,123.2,49.55,10.34,7.56,Drip,99.43,65.25,4.76,418.45,2077.8,869455.41
3273,Punjab,Amritsar,Groundnut,Zaid,2020,61.39,992.78,34.46,69.25,88.63,42.12,36.89,5.23,Rainfed,159.11,4.13,2.68,164.53,5003.5,823225.85
3274,Maharashtra,Nashik,Wheat,Kharif,2023,8.58,1018.24,29.38,62.52,59.05,82.93,61.19,7.77,Borewell,97.43,35.21,3.92,33.63,2398.96,80677.02
3275,Andhra Pradesh,Guntur,Maize,Zaid,2019,91.29,1025.22,35.98,56.51,78.67,88.23,93.59,7.89,Sprinkler,133.38,17.89,5.49,501.18,2017.3,1011030.41
3276,Tamil Nadu,Trichy,Millet,Zaid,2023,67.07,998.34,31.56,46.11,37.93,86.32,141.99,5.5,Rainfed,246.18,72.58,2.52,169.02,2756.97,465983.07
3277,Uttar Pradesh,Varanasi,Millet,Rabi,2018,29.54,973.98,28.44,93.69,86.33,81.04,121.61,5.81,Borewell,139.25,32.12,2.59,76.51,3006.65,230038.79
3278,Tamil Nadu,Thanjavur,Rice,Zaid,2023,49.75,740.25,33.28,46.23,61.45,38.36,120.03,6.26,Rainfed,111.99,4.04,4.01,199.5,2610.36,520766.82
3279,Uttar Pradesh,Agra,Millet,Zaid,2023,77.34,1020.95,22.5,87.59,103.46,51.52,76.32,7.88,Sprinkler,154.62,16.1,2.69,208.04,2783.17,579010.69
3280,Haryana,Rohtak,Sugarcane,Rabi,2023,86.9,1268.57,34.19,61.78,97.14,68.33,87.6,7.2,Borewell,41.11,2.92,7.88,684.77,3610.67,2472478.5
3281,Kerala,Kochi,Groundnut,Zaid,2025,48.34,963.51,35.9,75.01,74.57,86.01,40.39,5.05,Borewell,230.64,78.79,2.93,141.64,5651.77,800516.7
3282,Telangana,Hyderabad,Rice,Rabi,2021,30.62,628.95,19.35,66.34,20.16,83.18,145.71,8.37,Canal,242.87,43.09,4.85,148.51,2319.23,344428.85
3283,Haryana,Rohtak,Maize,Rabi,2021,51.65,888.88,32.68,55.83,41.21,92.19,133.11,7.15,Borewell,159.91,36.73,4.71,243.27,2161.38,525798.91
3284,Tamil Nadu,Salem,Millet,Rabi,2019,13.71,830.92,18.99,58.2,79.85,42.61,73.58,6.91,Sprinkler,47.0,17.4,2.46,33.73,3227.81,108874.03
3285,Tamil Nadu,Trichy,Millet,Zaid,2019,88.45,1013.18,28.31,59.74,37.96,24.08,63.75,6.33,Borewell,93.88,49.66,2.37,209.63,3381.57,708878.52
3286,Uttar Pradesh,Meerut,Wheat,Kharif,2025,69.71,539.17,20.22,71.01,131.7,48.84,138.76,5.72,Sprinkler,131.45,33.55,4.51,314.39,2612.88,821463.34
3287,Haryana,Ambala,Rice,Kharif,2022,65.39,1252.68,30.27,68.16,99.42,21.1,54.08,7.62,Drip,229.35,74.11,5.78,377.95,2345.83,886606.45
3288,Karnataka,Mysore,Groundnut,Kharif,2025,42.27,992.32,29.08,85.74,114.6,67.43,110.9,8.22,Rainfed,168.48,48.76,2.34,98.91,5301.38,524359.5
3289,Tamil Nadu,Salem,Sugarcane,Zaid,2018,71.16,559.4,19.19,89.45,68.42,35.02,144.94,6.32,Borewell,242.32,71.64,8.56,609.13,3737.58,2276672.11
3290,Kerala,Kannur,Maize,Kharif,2023,88.31,336.94,34.42,88.03,115.53,64.98,84.49,7.2,Canal,234.6,53.53,5.05,445.97,2108.12,940158.28
3291,West Bengal,Murshidabad,Wheat,Zaid,2024,18.12,961.3,24.97,65.79,23.51,79.66,128.49,6.86,Borewell,127.05,59.47,4.06,73.57,2087.82,153600.92
3292,Maharashtra,Nagpur,Potato,Rabi,2018,57.72,386.19,22.62,79.2,66.93,78.29,91.91,7.57,Drip,146.81,14.89,7.03,405.77,2132.36,865247.72
3293,Maharashtra,Satara,Millet,Kharif,2019,35.13,951.92,22.77,83.26,59.63,91.47,31.03,5.92,Sprinkler,56.11,20.97,2.51,88.18,3205.1,282625.72
3294,West Bengal,Burdwan,Sugarcane,Zaid,2021,80.71,1287.36,31.4,43.18,115.37,64.43,38.19,6.16,Borewell,243.11,45.04,9.72,784.5,4155.9,3260303.55
3295,Maharashtra,Nashik,Tomato,Zaid,2018,53.97,861.5,22.39,74.32,138.31,54.59,25.47,6.75,Sprinkler,127.98,12.47,5.87,316.8,2850.24,902956.03
3296,Punjab,Patiala,Groundnut,Zaid,2021,66.01,1457.33,31.83,71.51,35.87,88.44,55.03,5.03,Drip,26.71,51.81,2.85,188.13,5682.8,1069105.16
3297,Punjab,Amritsar,Millet,Zaid,2020,92.48,1129.81,30.12,51.68,59.22,12.12,137.91,7.78,Canal,20.33,7.0,2.21,204.38,3113.55,636347.35
3298,West Bengal,Hooghly,Tomato,Kharif,2025,24.43,1270.27,23.13,91.91,46.39,25.03,33.8,8.41,Drip,156.28,8.41,6.99,170.77,2795.04,477308.98
3299,Karnataka,Mysore,Maize,Zaid,2021,61.68,1125.15,30.36,47.68,48.91,97.63,64.43,5.5,Sprinkler,61.45,13.4,4.95,305.32,1961.78,598970.67
3300,Tamil Nadu,Trichy,Sugarcane,Kharif,2020,65.92,1245.86,21.0,86.21,36.93,25.16,102.85,7.55,Canal,242.63,4.66,9.26,610.42,3566.93,2177325.41
3301,Punjab,Amritsar,Millet,Kharif,2023,79.67,681.03,37.7,81.23,79.21,14.48,84.43,5.35,Drip,152.26,22.34,2.56,203.96,2846.46,580563.98
3302,West Bengal,Hooghly,Onion,Kharif,2019,96.08,1410.71,31.0,87.71,106.37,88.3,12.74,6.47,Rainfed,212.34,34.1,4.81,462.14,2352.01,1086957.9
3303,Haryana,Karnal,Cotton,Kharif,2018,46.68,1737.93,24.86,52.32,137.07,48.21,67.52,6.58,Rainfed,119.06,70.82,2.63,122.77,7613.4,934697.12
3304,Uttar Pradesh,Meerut,Maize,Rabi,2023,17.75,643.88,32.47,78.31,59.92,90.82,32.01,7.92,Drip,134.76,38.82,5.53,98.16,1806.47,177323.1
3305,Punjab,Jalandhar,Millet,Rabi,2023,57.87,1612.67,26.6,52.85,103.29,43.89,142.36,6.36,Drip,48.04,35.06,2.49,144.1,2643.4,380913.94
3306,Punjab,Patiala,Millet,Kharif,2023,41.19,936.69,19.46,82.02,104.45,22.15,146.22,8.08,Drip,209.78,4.9,3.05,125.63,3333.31,418763.74
3307,Punjab,Amritsar,Millet,Zaid,2023,38.44,510.99,27.78,45.1,136.6,76.36,132.49,8.4,Borewell,114.69,79.57,2.25,86.49,2908.24,251533.68
3308,Tamil Nadu,Trichy,Millet,Kharif,2021,55.99,1043.79,28.05,77.79,129.41,24.97,13.38,6.34,Borewell,150.8,9.4,1.97,110.3,2565.93,283022.08
3309,West Bengal,Kolkata,Groundnut,Zaid,2018,48.99,1411.23,32.2,40.06,43.08,38.93,34.04,7.72,Canal,188.91,22.41,2.9,142.07,5901.4,838411.9
3310,Punjab,Jalandhar,Groundnut,Zaid,2022,62.21,1689.71,31.8,68.35,126.88,39.65,122.66,8.12,Rainfed,174.53,14.72,2.8,174.19,5107.31,889642.33
3311,Punjab,Bathinda,Maize,Kharif,2024,88.65,1421.34,32.19,80.09,131.63,37.82,126.13,6.99,Rainfed,202.27,40.44,4.65,412.22,1690.42,696824.93
3312,Uttar Pradesh,Kanpur,Rice,Rabi,2019,14.1,1598.82,29.7,62.21,47.07,99.71,60.32,6.8,Drip,94.39,40.36,5.28,74.45,2136.52,159063.91
3313,Uttar Pradesh,Varanasi,Onion,Rabi,2021,48.96,839.25,34.58,72.94,25.35,66.61,119.84,7.77,Sprinkler,34.91,6.35,4.62,226.2,2000.03,452406.79
3314,Uttar Pradesh,Kanpur,Potato,Zaid,2023,52.97,1533.7,23.38,55.81,71.33,43.32,142.31,5.05,Sprinkler,242.41,62.53,7.93,420.05,1600.97,672487.45
3315,Haryana,Panipat,Onion,Rabi,2018,86.7,1138.25,22.31,84.31,114.6,66.38,74.8,7.55,Drip,247.75,33.62,6.55,567.88,2538.49,1441557.7
3316,Punjab,Amritsar,Tomato,Rabi,2020,69.65,1082.93,33.69,56.73,55.96,40.87,52.17,5.99,Rainfed,94.26,39.66,5.05,351.73,2546.13,895550.3
3317,Maharashtra,Satara,Maize,Zaid,2022,18.48,1220.54,29.39,51.01,44.96,25.02,64.11,7.77,Borewell,21.68,31.54,4.32,79.83,1994.57,159226.52
3318,Tamil Nadu,Trichy,Cotton,Zaid,2018,15.35,927.92,36.3,65.23,110.12,14.07,127.71,7.35,Borewell,242.02,23.95,3.7,56.8,7757.5,440626.0
3319,Punjab,Jalandhar,Rice,Kharif,2022,69.98,836.02,19.0,70.14,71.23,52.56,80.38,7.3,Canal,223.1,62.85,5.17,361.8,2116.2,765641.16
3320,Haryana,Ambala,Rice,Rabi,2021,78.81,432.29,36.3,47.02,34.81,48.09,86.04,5.33,Sprinkler,45.11,66.09,4.13,325.49,2726.94,887591.7
3321,Haryana,Hisar,Millet,Rabi,2020,30.49,1207.19,23.49,63.45,82.07,95.95,144.49,5.29,Drip,214.51,48.61,3.09,94.21,3003.63,282971.98
3322,Andhra Pradesh,Chittoor,Potato,Rabi,2020,23.54,1497.9,24.33,47.18,123.0,34.88,68.9,5.29,Drip,23.11,2.11,6.41,150.89,1672.32,252336.36
3323,Uttar Pradesh,Lucknow,Millet,Kharif,2024,55.9,1028.24,19.41,75.49,96.34,66.09,30.15,8.22,Borewell,188.24,13.39,2.33,130.25,2671.33,347940.73
3324,Punjab,Bathinda,Groundnut,Zaid,2020,5.79,1063.16,36.27,80.54,70.1,31.86,58.08,6.89,Rainfed,133.64,49.45,2.09,12.1,6438.49,77905.73
3325,Kerala,Palakkad,Maize,Zaid,2023,60.77,1442.03,27.32,44.39,102.47,83.9,25.54,6.77,Borewell,173.71,56.95,5.23,317.83,1974.55,627571.23
3326,Karnataka,Bangalore,Groundnut,Rabi,2024,45.01,914.51,23.76,83.27,86.21,24.05,76.5,7.67,Drip,121.84,70.06,3.26,146.73,6043.7,886792.1
3327,Haryana,Hisar,Tomato,Zaid,2019,48.33,433.0,30.97,67.91,88.68,23.98,124.28,8.27,Borewell,132.42,7.24,5.85,282.73,2693.0,761391.89
3328,Andhra Pradesh,Nellore,Wheat,Rabi,2024,40.73,378.18,26.23,45.72,136.07,20.92,85.77,6.84,Rainfed,219.59,44.86,3.2,130.34,2197.55,286428.67
3329,Uttar Pradesh,Varanasi,Tomato,Kharif,2021,89.77,575.45,23.07,88.22,81.8,81.62,128.87,7.87,Canal,134.04,6.32,6.14,551.19,2257.51,1244316.94
3330,West Bengal,Hooghly,Maize,Kharif,2021,59.37,1556.95,28.37,42.63,97.4,75.98,141.24,5.91,Sprinkler,185.83,66.59,6.31,374.62,1948.61,729988.28
3331,Andhra Pradesh,Nellore,Cotton,Kharif,2023,99.56,521.33,22.32,65.96,42.27,89.46,26.22,5.78,Drip,138.6,28.98,2.92,290.72,7590.59,2206736.32
3332,Uttar Pradesh,Agra,Tomato,Zaid,2019,68.64,1115.98,32.9,46.13,21.57,93.54,83.4,5.13,Canal,50.76,44.11,5.35,367.22,2766.46,1015899.44
3333,West Bengal,Murshidabad,Maize,Zaid,2021,56.3,1008.8,35.69,54.21,103.6,98.7,69.62,6.76,Canal,140.89,74.77,5.15,289.94,1631.73,473103.8
3334,Haryana,Rohtak,Wheat,Zaid,2025,65.16,1651.05,30.94,85.49,120.7,58.93,108.58,5.01,Borewell,97.94,58.77,4.11,267.81,2058.15,551193.15
3335,Andhra Pradesh,Chittoor,Groundnut,Rabi,2021,49.64,1057.61,37.66,73.25,101.83,70.12,83.35,7.58,Canal,191.76,61.88,2.94,145.94,6517.04,951096.82
3336,Haryana,Karnal,Millet,Kharif,2022,38.15,1207.13,32.08,75.94,138.83,53.06,33.22,6.03,Canal,109.1,34.13,2.45,93.47,3447.63,322249.98
3337,Uttar Pradesh,Kanpur,Wheat,Rabi,2025,21.4,724.52,19.36,57.34,74.43,42.28,124.87,8.09,Sprinkler,213.04,41.12,4.41,94.37,2336.72,220516.27
3338,Punjab,Ludhiana,Potato,Kharif,2020,16.91,,30.23,85.71,37.61,37.55,147.39,5.39,Sprinkler,34.35,76.33,6.13,103.66,1858.81,192684.24
3339,Kerala,Thrissur,Tomato,Rabi,2020,86.71,1197.4,20.12,43.07,65.93,46.53,26.84,5.15,Sprinkler,234.83,2.69,7.21,625.18,2180.73,1363348.78
3340,Karnataka,Mysore,Wheat,Zaid,2024,32.62,1017.58,30.11,70.47,76.83,39.96,80.64,6.68,Sprinkler,121.29,28.98,4.34,141.57,2373.51,336017.81
3341,Haryana,Karnal,Potato,Kharif,2018,26.27,1624.31,18.28,44.23,116.83,44.16,18.64,7.84,Rainfed,90.2,26.19,5.54,145.54,2118.21,308284.28
3342,Andhra Pradesh,Kurnool,Tomato,Kharif,2025,37.88,700.48,32.41,88.52,88.53,32.08,125.16,5.3,Borewell,76.91,34.1,5.47,207.2,2346.4,486174.08
3343,Maharashtra,Satara,Onion,Kharif,2018,25.82,452.0,28.53,47.26,130.9,98.17,33.38,7.63,Sprinkler,42.22,36.1,5.05,130.39,2529.68,329844.98
3344,Kerala,Thrissur,Millet,Kharif,2023,26.98,922.83,35.78,57.62,138.2,11.49,131.4,7.95,Rainfed,195.37,57.62,2.24,60.44,3343.3,202069.05
3345,Tamil Nadu,Madurai,Onion,Rabi,2025,15.34,1369.65,33.94,92.05,127.11,18.55,27.65,5.55,Rainfed,56.29,5.17,4.03,61.82,2498.11,154433.16
3346,Telangana,Nalgonda,Maize,Rabi,2024,78.71,1741.13,21.19,43.44,123.0,89.14,131.62,5.54,Canal,244.9,12.33,6.39,502.96,1670.17,840028.7
3347,Kerala,Kannur,Potato,Zaid,2024,79.75,997.21,31.05,49.02,97.6,21.73,45.98,8.39,Borewell,216.87,3.09,7.67,611.68,1601.62,979678.92
3348,Maharashtra,Nagpur,Cotton,Zaid,2024,94.46,1537.67,35.64,68.08,20.92,69.95,51.99,8.01,Drip,140.14,48.72,3.41,322.11,5571.7,1794700.29
3349,Punjab,Ludhiana,Rice,Zaid,2018,52.9,1270.62,24.65,73.62,117.19,91.04,134.59,7.19,Sprinkler,105.29,9.03,5.01,265.03,2448.4,648899.45
3350,Maharashtra,Pune,Sugarcane,Rabi,2025,90.04,1245.47,25.11,47.67,109.87,93.08,10.42,5.23,Borewell,141.65,74.58,8.55,769.84,3641.58,2803433.95
3351,Kerala,Palakkad,Rice,Rabi,2024,13.77,1063.97,25.57,40.81,121.67,38.91,23.25,8.41,Canal,207.92,38.92,4.78,65.82,2732.62,179861.05
3352,Haryana,Hisar,Sugarcane,Zaid,2022,6.81,712.11,30.31,67.72,56.58,17.93,44.12,5.97,Drip,235.14,73.32,9.2,62.65,3776.96,236626.54
3353,Kerala,Kochi,Millet,Zaid,2024,29.29,872.24,30.56,41.4,103.89,52.76,68.72,7.35,Canal,115.02,51.23,2.68,78.5,3138.46,246369.11
3354,West Bengal,Hooghly,Maize,Kharif,2019,98.05,1371.13,26.15,58.86,21.51,69.48,58.49,5.34,Drip,22.45,67.53,4.98,488.29,2149.15,1049408.45
3355,Tamil Nadu,Coimbatore,Wheat,Zaid,2019,73.7,1244.28,28.49,76.48,105.92,79.28,23.65,5.59,Drip,55.55,18.93,4.23,311.75,2357.59,734978.68
3356,Tamil Nadu,Trichy,Sugarcane,Zaid,2025,90.22,401.0,33.84,70.49,62.1,39.76,123.06,6.01,Drip,64.64,44.12,7.84,707.32,3448.32,2439065.7
3357,Karnataka,Bangalore,Onion,Zaid,2018,90.67,1518.64,21.25,91.7,51.4,82.45,113.75,5.89,Rainfed,87.08,8.18,4.45,403.48,2496.76,1007392.72
3358,Maharashtra,Kolhapur,Tomato,Zaid,2021,89.0,1215.76,35.82,49.33,31.76,36.45,93.62,5.28,Rainfed,68.89,46.23,5.14,457.46,2863.41,1309895.54
3359,Punjab,Jalandhar,Cotton,Kharif,2019,47.38,595.72,36.34,40.54,45.87,35.37,60.88,5.36,Sprinkler,246.22,21.61,3.56,168.67,6159.81,1038975.15
3360,Haryana,Hisar,Wheat,Kharif,2018,74.25,1155.64,33.73,90.25,111.24,81.53,120.24,6.59,Drip,28.87,28.0,4.19,311.11,1984.24,617316.91
3361,Maharashtra,Nashik,Wheat,Kharif,2023,78.75,1636.03,18.05,64.1,23.02,96.09,35.08,7.52,Rainfed,56.69,22.14,3.68,289.8,2137.49,619444.6
3362,Haryana,Rohtak,Groundnut,Kharif,2019,27.88,572.25,20.67,59.43,111.31,92.76,25.96,8.16,Rainfed,33.03,8.28,2.06,57.43,5070.53,291200.54
3363,Kerala,Kollam,Millet,Rabi,2021,55.12,1509.84,22.35,49.51,36.46,16.61,15.14,5.14,Borewell,124.52,56.19,2.83,155.99,3573.88,557489.54
3364,Andhra Pradesh,Chittoor,Potato,Zaid,2018,46.99,1363.94,33.89,93.44,134.81,32.83,52.04,6.39,Drip,55.52,39.45,7.0,328.93,1675.79,551217.6
3365,Tamil Nadu,Madurai,Potato,Kharif,2023,77.19,708.8,36.81,55.38,123.63,78.84,104.04,5.51,Canal,241.09,12.11,7.15,551.91,1962.84,1083311.02
3366,Tamil Nadu,Coimbatore,Tomato,Rabi,2024,83.39,1560.52,36.21,65.84,133.98,16.11,78.43,7.4,Sprinkler,56.68,4.39,6.35,529.53,2332.43,1235091.66
3367,Tamil Nadu,Trichy,Wheat,Zaid,2024,11.85,1340.19,24.87,67.56,109.42,79.31,64.65,6.88,Borewell,209.97,22.34,4.22,50.01,2533.35,126692.83
3368,Kerala,Kannur,Tomato,Kharif,2025,44.47,750.89,36.98,90.82,20.33,56.53,121.61,5.94,Sprinkler,125.77,20.13,5.53,245.92,2939.43,722864.63
3369,Andhra Pradesh,Nellore,Tomato,Kharif,2022,17.33,1573.29,21.74,62.84,74.81,69.56,52.83,5.21,Drip,119.82,38.92,6.41,111.09,2582.91,286935.47
3370,Haryana,Karnal,Cotton,Rabi,2022,20.2,884.83,31.4,69.23,101.92,80.36,123.2,6.22,Borewell,21.78,35.01,2.75,55.55,6147.17,341475.29
3371,Haryana,Rohtak,Millet,Rabi,2018,93.54,1752.43,30.36,82.29,104.23,59.04,68.02,7.58,Borewell,173.78,79.36,3.05,285.3,2725.62,777619.39
3372,Karnataka,Bangalore,Rice,Zaid,2025,60.32,1713.92,20.38,94.31,64.41,61.96,134.44,6.73,Borewell,248.14,53.8,5.2,313.66,2597.88,814851.04
3373,Kerala,Kannur,Maize,Rabi,2024,83.21,881.78,26.28,83.23,99.69,61.07,52.0,6.59,Rainfed,124.93,35.81,4.26,354.47,1959.96,694747.02
3374,Punjab,Patiala,Sugarcane,Zaid,2021,91.17,1437.7,31.91,75.59,28.93,31.72,117.7,6.3,Canal,53.23,43.66,8.01,730.27,3205.82,2341114.17
3375,Punjab,Ludhiana,Potato,Kharif,2023,54.6,329.19,33.29,71.71,44.7,31.51,128.87,7.04,Borewell,66.97,7.85,5.86,319.96,1962.24,627838.31
3376,Uttar Pradesh,Kanpur,Rice,Zaid,2019,18.25,848.9,21.06,84.72,38.48,24.59,147.7,7.18,Sprinkler,175.86,20.89,4.6,83.95,2790.75,234283.46
3377,Karnataka,Hassan,Groundnut,Zaid,2024,86.62,775.82,19.35,88.91,59.34,21.46,148.08,8.43,Canal,244.75,43.71,3.13,271.12,5871.91,1591992.24
3378,West Bengal,Kolkata,Sugarcane,Rabi,2019,10.25,1409.76,33.55,49.38,61.0,44.54,20.88,7.06,Sprinkler,39.96,53.62,7.76,79.54,3800.15,302263.93
3379,Haryana,Rohtak,Potato,Kharif,2023,82.81,1399.19,23.32,41.94,66.31,28.87,17.23,7.64,Sprinkler,64.07,25.3,6.32,523.36,1545.58,808894.75
3380,Punjab,Jalandhar,Sugarcane,Rabi,2019,10.1,1381.76,32.03,43.92,104.18,98.64,57.89,5.51,Drip,60.71,24.19,7.9,79.79,3454.05,275598.65
3381,Tamil Nadu,Thanjavur,Millet,Kharif,2022,89.69,377.75,19.86,89.71,114.55,37.66,35.37,7.47,Canal,92.01,29.58,2.27,203.6,2662.45,542074.82
3382,Maharashtra,Kolhapur,Cotton,Zaid,2021,65.65,756.36,34.76,76.71,61.94,25.57,74.97,5.39,Canal,150.27,58.93,2.9,190.39,7723.83,1470539.99
3383,Punjab,Jalandhar,Millet,Kharif,2021,30.28,1509.8,18.1,66.9,26.1,40.65,66.13,7.51,Sprinkler,139.97,50.64,2.41,72.97,3303.0,241019.91
3384,Karnataka,Hassan,Millet,Rabi,2019,25.6,1135.84,19.7,46.42,25.57,26.87,36.63,6.68,Drip,85.92,16.93,2.62,67.07,3254.72,218294.07
3385,Telangana,Nalgonda,Tomato,Rabi,2018,73.46,1743.47,37.74,62.07,138.43,84.42,27.48,7.05,Canal,133.02,25.42,6.7,492.18,2850.1,1402762.22
3386,Kerala,Kochi,Rice,Kharif,2025,26.67,1684.08,19.55,84.48,87.38,15.44,47.74,5.39,Drip,237.42,17.05,5.73,152.82,2394.93,365993.2
3387,Maharashtra,Satara,Potato,Zaid,2019,47.61,1708.66,24.85,66.92,22.87,17.01,37.57,6.35,Borewell,194.48,22.9,6.85,326.13,1919.6,626039.15
3388,Karnataka,Bangalore,Wheat,Kharif,2022,83.11,784.63,32.09,45.89,86.6,54.61,107.07,7.84,Borewell,167.58,76.99,4.03,334.93,2451.37,821037.35
3389,Kerala,Palakkad,Millet,Rabi,2021,11.3,1124.62,19.76,82.25,34.93,43.78,19.0,6.84,Sprinkler,207.06,62.25,2.79,31.53,3497.5,110276.18
3390,Kerala,Kannur,Groundnut,Rabi,2019,47.51,522.62,27.77,88.9,136.02,11.74,23.96,5.62,Drip,122.37,25.66,2.74,130.18,6804.26,885778.57
3391,Maharashtra,Nashik,Rice,Rabi,2022,44.53,580.74,23.7,70.09,30.9,79.34,98.18,7.63,Sprinkler,68.26,69.11,4.28,190.59,2535.69,483277.16
3392,West Bengal,Burdwan,Potato,Rabi,2023,4.62,667.04,23.53,70.32,35.89,33.22,69.06,6.84,Canal,124.18,30.77,6.31,29.15,1745.49,50881.03
3393,Maharashtra,Satara,Onion,Rabi,2019,18.98,663.39,35.21,66.83,105.17,85.74,75.82,7.5,Borewell,169.31,49.83,5.31,100.78,2364.01,238244.93
3394,Tamil Nadu,Salem,Onion,Zaid,2020,95.04,967.69,24.79,42.34,20.47,23.93,36.68,6.87,Sprinkler,157.94,34.01,5.59,531.27,2453.99,1303731.27
3395,Karnataka,Mandya,Tomato,Zaid,2022,78.23,1256.76,26.01,56.33,119.36,24.2,147.46,7.39,Drip,47.93,26.28,6.21,485.81,2864.89,1391792.21
3396,Andhra Pradesh,Chittoor,Cotton,Kharif,2018,53.15,524.43,18.98,87.92,60.28,51.79,78.87,5.08,Sprinkler,244.36,23.87,3.29,174.86,7374.28,1289466.6
3397,Andhra Pradesh,Nellore,Onion,Rabi,2024,17.11,800.77,28.66,41.64,108.16,81.65,124.07,5.13,Sprinkler,188.39,52.21,6.01,102.83,2123.29,218337.91
3398,Karnataka,Hassan,Sugarcane,Zaid,2021,75.91,1224.89,36.94,82.68,64.81,91.38,16.17,6.51,Sprinkler,83.37,28.13,8.12,616.39,3263.86,2011810.67
3399,Kerala,Kannur,Wheat,Zaid,2021,71.9,1438.43,23.44,74.17,31.37,70.03,33.67,6.15,Sprinkler,231.87,20.81,4.76,342.24,2525.98,864491.4
3400,Punjab,Bathinda,Wheat,Rabi,2020,9.29,1597.21,19.56,40.42,124.89,22.91,51.68,7.98,Canal,211.82,16.63,4.59,42.64,2118.75,90343.5
3401,Maharashtra,Pune,Potato,Rabi,2020,61.69,1343.56,24.34,53.37,77.59,63.42,100.82,6.96,Drip,186.3,40.85,8.03,495.37,2096.25,1038419.36
3402,Tamil Nadu,Madurai,Tomato,Rabi,2019,35.83,603.86,20.96,66.95,57.49,22.0,139.19,5.12,Drip,141.18,5.04,6.96,249.38,2809.59,700655.55
3403,Andhra Pradesh,Kurnool,Rice,Kharif,2021,63.08,1728.13,29.88,81.35,98.84,51.6,72.24,7.48,Canal,24.24,67.22,5.19,327.39,2385.26,780910.27
3404,Haryana,Karnal,Millet,Kharif,2020,65.94,868.36,24.22,60.03,42.36,56.01,117.18,6.97,Rainfed,33.55,16.67,1.19,78.47,2917.87,228965.26
3405,Maharashtra,Kolhapur,Rice,Rabi,2021,50.85,1540.84,28.54,45.45,34.88,44.66,17.07,7.48,Drip,143.22,57.73,5.42,275.61,2241.31,617727.45
3406,Karnataka,Mandya,Rice,Rabi,2021,81.23,1697.62,28.13,73.13,55.69,55.26,148.21,7.69,Borewell,138.5,35.88,5.0,406.15,2254.04,915478.35
3407,Kerala,Kannur,Tomato,Kharif,2022,10.5,1269.16,33.72,72.32,85.7,80.12,15.88,5.28,Sprinkler,40.37,53.12,5.76,60.48,2302.36,139246.73
3408,Kerala,Palakkad,Onion,Kharif,2022,49.62,1691.2,30.44,54.24,125.08,56.4,148.48,6.05,Drip,245.37,56.33,6.98,346.35,2021.89,700281.6
3409,Punjab,Ludhiana,Sugarcane,Kharif,2021,39.67,1064.96,24.37,44.24,100.31,76.29,127.25,6.69,Sprinkler,189.94,6.16,9.59,380.44,3451.07,1312925.07
3410,Uttar Pradesh,Agra,Rice,Rabi,2022,5.44,1426.91,30.88,89.7,61.51,64.35,40.85,7.41,Canal,181.44,73.81,5.24,28.51,2145.17,61158.8
3411,West Bengal,Nadia,Groundnut,Rabi,2018,7.29,705.9,37.8,70.86,58.1,95.52,136.0,6.22,Canal,184.9,2.59,2.67,19.46,5232.64,101827.17
3412,Kerala,Kannur,Wheat,Rabi,2022,13.39,1504.45,32.93,79.67,47.46,10.2,81.39,7.68,Canal,65.57,41.72,3.81,51.02,2032.98,103722.64
3413,West Bengal,Burdwan,Potato,Kharif,2018,54.94,1095.17,36.71,84.49,37.11,30.29,68.49,7.55,Canal,227.07,4.05,7.67,421.39,1977.18,833163.88
3414,West Bengal,Burdwan,Rice,Rabi,2018,58.43,1582.28,29.16,70.28,111.21,12.81,87.83,7.42,Drip,175.16,20.72,5.82,340.06,2421.65,823506.3
3415,Maharashtra,Pune,Groundnut,Kharif,2024,85.71,447.06,33.31,64.76,63.1,23.9,138.91,7.4,Canal,88.99,64.09,2.44,209.13,6569.42,1373862.8
3416,Andhra Pradesh,Krishna,Maize,Rabi,2023,99.94,1382.89,19.32,53.79,133.45,58.76,111.58,7.39,Canal,184.01,39.19,5.37,536.68,1764.41,946923.56
3417,Haryana,Panipat,Wheat,Zaid,2022,99.3,1641.49,36.24,87.18,129.94,16.97,109.59,7.33,Sprinkler,64.75,47.95,4.51,447.84,2635.1,1180103.18
3418,West Bengal,Burdwan,Millet,Zaid,2022,47.13,1720.37,28.08,86.89,136.65,57.82,94.74,7.04,Rainfed,247.41,18.81,2.87,135.26,2885.2,390252.15
3419,Kerala,Palakkad,Potato,Rabi,2022,76.04,1233.37,30.37,42.61,94.53,49.53,102.09,8.0,Drip,36.86,37.63,6.52,495.78,2122.43,1052258.35
3420,Tamil Nadu,Madurai,Wheat,Kharif,2019,82.51,905.79,34.13,70.87,58.55,37.46,127.24,7.89,Drip,176.8,10.69,4.27,352.32,2025.85,713747.47
3421,Telangana,Khammam,Groundnut,Rabi,2024,19.86,1325.54,24.67,57.48,40.48,35.25,59.48,6.59,Sprinkler,249.34,8.71,3.15,62.56,6449.72,403494.48
3422,West Bengal,Kolkata,Sugarcane,Kharif,2024,81.23,1251.68,37.12,94.44,108.81,84.0,121.84,8.48,Canal,106.53,48.64,8.39,681.52,4053.44,2762500.43
3423,Andhra Pradesh,Nellore,Rice,Kharif,2018,96.63,580.71,37.2,83.67,21.44,70.22,91.06,5.29,Sprinkler,71.6,64.88,3.94,380.72,2273.64,865620.22
3424,Punjab,Bathinda,Cotton,Zaid,2025,46.71,1568.07,33.18,71.63,119.83,11.08,45.9,5.63,Rainfed,21.15,40.08,2.54,118.64,7537.91,894297.64
3425,Tamil Nadu,Trichy,Groundnut,Kharif,2019,21.16,1054.8,23.72,42.7,74.7,43.47,25.87,5.81,Canal,242.29,2.27,3.12,66.02,6480.55,427845.91
3426,Tamil Nadu,Salem,Groundnut,Kharif,2021,15.42,642.87,34.5,91.77,62.05,29.71,18.65,7.56,Sprinkler,161.87,63.52,2.04,31.46,5062.84,159276.95
3427,Tamil Nadu,Thanjavur,Onion,Kharif,2019,8.79,1087.56,21.73,89.5,39.95,69.02,55.78,5.16,Drip,177.03,5.63,6.36,55.9,1903.3,106394.47
3428,Uttar Pradesh,Varanasi,Rice,Kharif,2019,45.32,301.85,37.78,81.38,78.23,85.07,84.74,6.92,Rainfed,143.15,48.15,3.62,164.06,2790.19,457758.57
3429,Kerala,Thrissur,Sugarcane,Zaid,2022,80.08,943.57,18.45,89.27,92.14,27.51,29.87,5.3,Sprinkler,60.64,38.06,7.57,606.21,3646.53,2210562.95
3430,Maharashtra,Satara,Onion,Zaid,2019,28.08,1236.33,31.16,89.38,47.58,73.44,117.78,7.22,Borewell,56.59,61.93,5.07,142.37,2306.34,328353.63
3431,Karnataka,Belgaum,Tomato,Rabi,2020,21.5,1569.52,30.25,79.67,110.15,94.81,42.16,8.18,Canal,233.05,40.44,7.35,158.03,2383.8,376711.91
3432,Karnataka,Hassan,Millet,Kharif,2021,75.9,998.56,34.78,77.73,22.44,37.68,111.85,5.21,Rainfed,192.67,36.53,2.23,169.26,2650.7,448657.48
3433,West Bengal,Burdwan,Rice,Rabi,2019,59.73,1677.72,33.49,60.06,113.47,69.05,71.12,7.28,Borewell,92.35,18.72,5.01,299.25,2746.0,821740.5
3434,West Bengal,Hooghly,Maize,Rabi,2019,13.86,951.53,24.35,44.52,121.89,32.63,130.44,5.57,Rainfed,75.74,16.73,3.83,53.08,1707.8,90650.02
3435,Kerala,Kannur,Rice,Kharif,2024,78.24,1692.54,29.02,51.42,101.37,60.82,44.6,6.43,Canal,207.96,28.53,5.56,435.01,2289.67,996029.35
3436,Telangana,Karimnagar,Potato,Zaid,2025,53.38,1395.6,29.97,52.36,61.66,53.71,24.57,6.04,Canal,185.41,18.84,7.19,383.8,1754.49,673373.26
3437,Telangana,Khammam,Potato,Kharif,2025,35.48,644.27,18.32,80.24,116.17,84.95,121.58,6.43,Sprinkler,108.91,56.46,6.36,225.65,1976.72,446046.87
3438,Maharashtra,Nashik,Tomato,Zaid,2020,45.52,583.71,35.5,54.81,35.95,98.04,47.85,7.65,Canal,67.29,40.13,5.37,244.44,2224.15,543671.23
3439,Telangana,Khammam,Cotton,Zaid,2021,83.09,797.26,37.78,42.49,35.85,80.38,134.66,6.56,Canal,230.15,79.44,3.4,282.51,6526.2,1843716.76
3440,Maharashtra,Nashik,Potato,Rabi,2020,44.61,898.56,22.27,69.11,35.0,12.09,114.16,8.27,Drip,92.93,32.55,7.21,321.64,1729.67,556331.06
3441,Andhra Pradesh,Chittoor,Wheat,Kharif,2019,79.74,507.09,24.43,42.05,46.05,67.6,35.35,6.34,Canal,38.51,44.12,3.7,295.04,2379.72,702112.59
3442,Andhra Pradesh,Chittoor,Tomato,Zaid,2022,63.85,865.39,20.58,43.58,97.73,91.93,121.17,5.88,Sprinkler,40.82,35.32,5.8,370.33,2397.34,887806.92
3443,Telangana,Nalgonda,Rice,Zaid,2020,72.8,707.28,23.58,84.51,103.17,21.23,69.9,6.82,Borewell,119.94,66.19,3.95,287.56,2447.5,703803.1
3444,Uttar Pradesh,Meerut,Onion,Zaid,2023,42.73,730.18,19.41,86.16,61.54,67.64,40.9,5.68,Canal,230.9,75.33,5.07,216.64,2215.11,479881.43
3445,Andhra Pradesh,Guntur,Groundnut,Rabi,2022,18.99,768.93,18.46,71.71,52.96,91.19,127.03,5.03,Sprinkler,135.27,9.81,2.58,48.99,6007.72,294318.2
3446,Haryana,Karnal,Cotton,Zaid,2024,44.37,1572.28,33.23,66.52,132.96,97.26,46.43,7.69,Borewell,199.09,47.25,3.46,153.52,6053.9,929394.73
3447,West Bengal,Kolkata,Maize,Kharif,2021,46.73,1466.87,18.43,92.26,45.97,22.76,144.33,5.84,Drip,178.48,11.11,5.55,259.35,1659.96,430510.63
3448,Haryana,Rohtak,Sugarcane,Zaid,2019,57.05,1003.59,25.34,67.88,80.46,56.98,19.7,5.62,Sprinkler,211.14,28.93,9.24,527.14,3228.23,1701729.16
3449,Punjab,Jalandhar,Groundnut,Rabi,2019,64.92,322.14,37.44,59.55,132.43,77.79,126.81,5.73,Rainfed,180.51,72.55,2.05,133.09,5423.81,721854.87
3450,Punjab,Bathinda,Wheat,Zaid,2025,47.92,658.76,34.41,53.02,88.07,81.11,46.34,5.74,Sprinkler,192.0,47.03,4.27,204.62,2264.66,463394.73
3451,Maharashtra,Pune,Tomato,Zaid,2025,4.18,1378.56,24.43,84.11,76.64,84.13,67.41,7.81,Rainfed,60.69,36.96,4.82,20.15,2321.88,46785.88
3452,Haryana,Ambala,Onion,Zaid,2022,86.58,1763.35,27.81,83.04,68.74,98.2,44.43,8.34,Sprinkler,239.36,12.12,6.23,539.39,2398.37,1293656.79
3453,Uttar Pradesh,Varanasi,Wheat,Rabi,2021,4.42,944.29,27.36,41.51,104.03,30.89,123.4,5.19,Sprinkler,164.58,39.42,4.75,21.0,2412.7,50666.7
3454,Karnataka,Bangalore,Rice,Kharif,2023,15.86,1488.73,33.4,49.24,47.71,48.72,84.55,7.51,Rainfed,215.9,41.13,4.3,68.2,2634.73,179688.59
3455,Uttar Pradesh,Varanasi,Millet,Zaid,2020,89.07,1022.09,27.53,54.15,134.1,85.4,75.18,5.79,Sprinkler,108.07,38.74,2.95,262.76,2852.57,749541.29
3456,Haryana,Ambala,Maize,Kharif,2022,70.79,591.29,19.63,76.59,67.04,56.13,106.16,7.6,Canal,242.51,27.11,5.06,358.2,2138.09,765863.84
3457,Kerala,Kollam,Wheat,Zaid,2024,20.49,898.87,32.51,86.68,111.14,15.28,17.9,6.16,Borewell,152.74,10.31,3.57,73.15,2109.86,154336.26
3458,Andhra Pradesh,Guntur,Sugarcane,Zaid,2022,88.61,954.26,36.76,42.19,81.34,49.6,102.02,5.09,Borewell,249.11,77.65,9.09,805.46,3743.24,3015030.09
3459,Tamil Nadu,Coimbatore,Sugarcane,Zaid,2023,70.12,496.34,27.36,40.76,111.58,47.72,114.01,5.6,Canal,144.97,73.63,8.14,570.78,3914.42,2234272.65
3460,Punjab,Patiala,Groundnut,Rabi,2024,25.3,1707.52,18.5,85.02,117.21,95.64,135.6,8.13,Canal,54.51,51.42,2.8,70.84,5588.23,395870.21
3461,Maharashtra,Pune,Onion,Rabi,2019,57.22,1316.92,24.52,47.31,72.87,94.05,129.54,8.25,Drip,190.8,29.39,6.24,357.05,2608.53,931375.64
3462,Kerala,Thrissur,Maize,Kharif,2020,73.12,752.58,25.98,40.55,58.24,75.93,104.83,6.56,Rainfed,49.82,59.73,3.43,250.8,2159.35,541564.98
3463,Kerala,Kannur,Tomato,Rabi,2020,97.01,691.63,29.23,56.95,121.19,74.56,103.16,5.91,Drip,68.48,32.6,6.56,636.39,2603.33,1656733.18
3464,Haryana,Karnal,Groundnut,Zaid,2024,29.64,850.38,29.49,45.28,49.3,32.9,80.75,6.11,Rainfed,154.31,22.42,2.01,59.58,5490.01,327094.8
3465,Andhra Pradesh,Krishna,Sugarcane,Kharif,2023,66.72,1391.62,28.78,73.14,,38.96,53.26,7.43,Sprinkler,82.63,13.34,8.48,565.79,3553.51,2010540.42
3466,Punjab,Jalandhar,Millet,Rabi,2023,16.54,1107.3,23.9,64.85,77.35,82.85,23.92,5.59,Borewell,95.65,52.04,2.49,41.18,2589.8,106647.96
3467,Haryana,Panipat,Millet,Kharif,2020,49.96,899.54,20.98,76.16,107.82,46.53,63.65,8.16,Borewell,169.48,53.3,2.13,106.41,3479.7,370274.88
3468,Andhra Pradesh,Chittoor,Millet,Rabi,2025,47.04,312.03,36.99,40.28,47.21,35.12,88.38,8.36,Drip,108.91,24.78,2.08,97.84,3515.48,343954.56
3469,Punjab,Ludhiana,Millet,Zaid,2022,22.91,889.96,20.05,54.07,67.57,97.55,104.58,5.13,Canal,183.4,12.71,2.18,49.94,3467.7,173176.94
3470,Andhra Pradesh,Guntur,Millet,Kharif,2019,32.58,1715.21,36.83,46.15,88.71,35.92,131.71,5.18,Rainfed,155.52,53.63,1.98,64.51,3453.88,222809.8
3471,Andhra Pradesh,Chittoor,Tomato,Kharif,2019,10.63,1655.95,19.95,90.26,93.83,96.97,78.75,7.74,Canal,197.54,62.61,6.8,72.28,2755.28,199151.64
3472,Kerala,Kochi,Groundnut,Kharif,2023,22.83,1564.18,30.54,71.55,65.51,38.42,80.44,7.05,Canal,204.55,47.03,3.14,71.69,5991.62,429539.24
3473,Kerala,Thrissur,Wheat,Kharif,2019,22.89,634.64,21.92,66.48,127.62,10.29,40.58,6.43,Sprinkler,39.65,62.06,3.73,85.38,2203.68,188150.2
3474,Haryana,Ambala,Wheat,Zaid,2018,7.3,879.96,37.48,93.99,129.73,50.0,81.48,6.82,Canal,212.75,73.88,4.43,32.34,2329.72,75343.14
3475,Andhra Pradesh,Guntur,Cotton,Kharif,2022,61.09,1511.33,35.62,85.28,127.01,89.82,138.41,8.08,Rainfed,49.67,15.42,1.94,118.51,6704.29,794525.41
3476,Telangana,Hyderabad,Sugarcane,Rabi,2019,27.43,1134.14,20.0,79.38,109.82,42.21,66.15,7.83,Rainfed,241.74,38.69,7.74,212.31,3872.35,822138.63
3477,Punjab,Patiala,Cotton,Kharif,2024,3.3,864.02,21.49,84.17,127.59,70.72,34.72,7.25,Drip,60.86,11.04,3.26,10.76,7167.48,77122.08
3478,West Bengal,Hooghly,Tomato,Zaid,2025,18.62,1515.23,31.37,49.4,63.9,17.17,36.65,5.88,Borewell,249.05,43.94,6.96,129.6,2652.56,343771.78
3479,West Bengal,Murshidabad,Maize,Kharif,2022,13.02,316.17,33.4,70.73,114.65,19.36,71.65,8.5,Drip,203.82,36.71,5.04,65.62,1860.89,122111.6
3480,Andhra Pradesh,Kurnool,Millet,Rabi,2019,70.23,309.47,24.21,40.26,118.44,77.48,114.18,6.24,Borewell,91.16,45.87,2.06,144.67,3284.6,475183.08
3481,Haryana,Rohtak,Maize,Kharif,2024,42.69,1579.49,34.75,63.4,53.29,52.47,49.02,5.75,Borewell,201.04,60.32,4.99,213.02,1823.16,388369.54
3482,Maharashtra,Satara,Tomato,Rabi,2022,74.8,1466.38,33.28,81.3,112.98,85.17,118.2,6.69,Drip,221.61,13.6,8.03,600.64,2634.4,1582326.02
3483,Andhra Pradesh,Kurnool,Onion,Zaid,2022,78.24,350.37,21.49,87.03,78.03,14.99,,6.62,Canal,210.22,30.2,5.09,398.24,2330.24,927994.78
3484,Telangana,Khammam,Groundnut,Rabi,2025,27.85,924.88,26.03,44.67,40.81,66.64,46.85,8.35,Canal,175.01,65.96,2.54,70.74,5486.13,388088.84
3485,Punjab,Jalandhar,Wheat,Kharif,2023,69.09,1169.27,24.54,56.09,80.17,34.84,35.77,7.86,Canal,227.3,27.61,4.72,326.1,2336.02,761776.12
3486,Tamil Nadu,Madurai,Groundnut,Kharif,2019,95.02,921.85,27.22,87.38,112.66,24.12,67.37,5.54,Borewell,57.69,28.47,2.29,217.6,6836.62,1487648.51
3487,Uttar Pradesh,Lucknow,Wheat,Zaid,2024,51.32,794.28,25.6,74.17,105.42,24.86,94.09,6.39,Rainfed,77.64,77.28,3.05,156.53,2422.42,379181.4
3488,Karnataka,Hassan,Tomato,Zaid,2025,8.67,1076.19,20.31,71.18,126.29,50.6,67.9,7.5,Rainfed,111.3,66.51,5.27,45.69,2751.94,125736.14
3489,Punjab,Jalandhar,Rice,Kharif,2022,86.24,1588.27,25.23,44.92,67.66,21.93,100.51,8.11,Canal,152.16,19.82,4.78,412.23,2697.45,1111969.81
3490,Andhra Pradesh,Nellore,Wheat,Zaid,2022,43.43,1592.67,18.71,63.42,50.17,19.45,27.78,6.42,Drip,34.17,57.91,4.29,186.31,2035.87,379302.94
3491,West Bengal,Nadia,Tomato,Rabi,2025,3.96,354.31,26.2,57.99,114.48,33.52,117.64,5.99,Drip,94.08,28.78,5.99,23.72,2632.3,62438.16
3492,Punjab,Amritsar,Onion,Rabi,2018,10.9,500.0,24.18,69.91,81.05,38.06,140.57,6.48,Borewell,82.41,48.39,4.21,45.89,2279.68,104614.52
3493,West Bengal,Nadia,Cotton,Zaid,2021,64.38,812.96,18.57,74.07,91.52,81.0,126.02,8.49,Sprinkler,83.5,36.02,2.9,186.7,7090.81,1323854.23
3494,Punjab,Ludhiana,Maize,Rabi,2020,80.63,508.11,36.77,83.53,68.22,17.25,114.52,5.67,Canal,151.78,49.44,4.97,400.73,1837.33,736273.25
3495,Uttar Pradesh,Lucknow,Millet,Rabi,2021,22.15,1620.64,22.7,71.18,117.61,71.16,90.37,7.21,Borewell,133.57,31.99,2.43,53.82,3541.01,190577.16
3496,Punjab,Jalandhar,Onion,Kharif,2024,39.26,1357.58,34.65,68.57,135.68,50.68,79.19,7.53,Rainfed,188.52,14.8,4.76,186.88,2407.84,449977.14
3497,Tamil Nadu,Madurai,Groundnut,Rabi,2020,8.15,802.67,35.63,70.09,100.58,65.07,88.46,6.37,Drip,243.57,7.07,3.01,24.53,6499.78,159439.6
3498,Punjab,Amritsar,Millet,Kharif,2022,97.74,331.01,24.69,65.55,41.7,25.19,77.4,5.47,Sprinkler,71.6,20.27,2.17,212.1,3544.8,751852.08
3499,Kerala,Palakkad,Wheat,Kharif,2020,75.73,1012.18,29.03,48.63,118.86,55.85,37.96,6.45,Drip,153.51,77.29,4.54,343.81,2357.49,810528.64
3500,Karnataka,Hassan,Tomato,Kharif,2023,88.36,1037.6,34.2,55.27,33.32,73.17,121.0,5.23,Rainfed,232.11,72.21,5.56,491.28,2817.04,1383955.41
3501,Punjab,Amritsar,Tomato,Kharif,2025,64.96,854.24,18.32,74.53,95.69,18.09,47.29,5.39,Drip,154.13,62.51,6.68,433.93,2701.56,1172287.93
3502,Telangana,Nalgonda,Tomato,Rabi,2023,64.98,1796.73,34.06,88.09,28.18,81.67,19.76,6.1,Rainfed,242.22,65.86,5.99,389.23,2443.21,950970.63
3503,Karnataka,Belgaum,Onion,Rabi,2021,35.9,1653.26,36.03,55.57,99.38,16.99,63.25,6.67,Canal,45.02,65.74,5.11,183.45,2472.86,453646.17
3504,Andhra Pradesh,Nellore,Potato,Kharif,2024,64.53,1340.93,21.5,46.7,60.78,99.99,135.16,6.98,Borewell,122.81,59.8,6.28,405.25,1841.85,746409.71
3505,Andhra Pradesh,Guntur,Onion,Rabi,2021,30.81,402.45,30.54,48.76,84.19,59.28,56.24,8.09,Drip,168.79,26.65,5.58,171.92,2203.37,378803.37
3506,West Bengal,Burdwan,Rice,Kharif,2022,75.22,425.83,23.29,64.3,70.73,90.5,126.12,8.41,Borewell,139.51,62.63,4.66,350.53,2634.82,923583.45
3507,Haryana,Hisar,Cotton,Zaid,2024,90.66,1532.9,22.19,49.41,134.43,26.66,143.25,6.5,Rainfed,174.79,51.14,2.7,244.78,7661.05,1875271.82
3508,Telangana,Nalgonda,Millet,Zaid,2019,11.31,1773.56,36.22,91.49,111.66,92.92,120.69,8.19,Canal,73.95,46.34,2.74,30.99,3092.67,95841.84
3509,Maharashtra,Nashik,Groundnut,Kharif,2022,47.41,318.06,31.77,69.39,95.28,59.97,92.02,5.01,Sprinkler,198.26,25.95,2.79,132.27,5175.8,684603.07
3510,Karnataka,Mandya,Tomato,Kharif,2022,53.22,1320.64,27.41,89.29,40.6,89.15,80.08,5.71,Drip,29.49,52.86,6.0,319.32,2519.75,804606.57
3511,Tamil Nadu,Salem,Sugarcane,Zaid,2021,75.12,334.66,30.32,67.49,133.36,17.91,102.22,7.84,Drip,21.34,41.6,7.34,551.38,4045.24,2230464.43
3512,Tamil Nadu,Coimbatore,Rice,Kharif,2023,35.51,692.97,23.58,46.32,121.29,58.88,129.03,7.61,Borewell,150.46,75.0,4.81,170.8,2745.11,468864.79
3513,Telangana,Hyderabad,Wheat,Kharif,2025,73.42,523.73,23.06,42.81,121.87,94.73,104.77,7.56,Borewell,180.57,21.75,4.21,309.1,2393.95,739969.94
3514,Telangana,Hyderabad,Maize,Rabi,2023,2.66,756.91,25.53,84.97,65.35,72.7,115.28,5.96,Rainfed,80.54,72.59,3.99,10.61,2209.25,23440.14
3515,Uttar Pradesh,Agra,Maize,Zaid,2018,59.98,564.39,19.37,71.58,122.19,63.68,131.08,6.5,Rainfed,37.17,49.6,3.4,203.93,1828.98,372983.89
3516,Karnataka,Hassan,Wheat,Rabi,2024,17.13,1076.82,20.59,75.05,122.05,10.0,29.12,5.13,Canal,52.12,50.54,4.12,70.58,2538.52,179168.74
3517,West Bengal,Murshidabad,Groundnut,Kharif,2019,3.82,640.82,24.13,94.18,110.34,31.71,65.79,8.08,Rainfed,32.62,34.74,2.29,8.75,5074.05,44397.94
3518,Karnataka,Bangalore,Cotton,Rabi,2025,18.09,1154.49,30.56,66.92,63.88,31.53,18.36,5.61,Borewell,35.93,57.93,2.86,51.74,5527.86,286011.48
3519,Andhra Pradesh,Nellore,Onion,Rabi,2021,80.07,1110.18,35.42,67.56,75.04,26.45,16.97,7.17,Sprinkler,69.24,65.83,5.26,421.17,2037.02,857931.71
3520,Haryana,Rohtak,Groundnut,Zaid,2024,69.53,1735.75,19.36,91.87,30.6,49.06,135.88,5.66,Borewell,73.73,2.48,2.5,173.82,6278.87,1091393.18
3521,Uttar Pradesh,Agra,Millet,Rabi,2020,52.72,1261.14,22.89,56.31,103.65,40.52,120.35,6.46,Borewell,176.31,30.4,2.39,126.0,2826.95,356195.7
3522,Uttar Pradesh,Meerut,Tomato,Kharif,2023,72.3,1133.75,21.32,81.3,112.95,60.19,94.35,5.87,Borewell,228.42,52.91,6.8,491.64,2829.38,1391036.38
3523,Telangana,Khammam,Maize,Rabi,2023,61.66,367.52,35.55,54.54,71.66,19.02,26.13,6.62,Rainfed,182.21,67.72,3.5,215.81,2009.24,433614.08
3524,Kerala,Kochi,Onion,Zaid,2024,84.42,447.8,25.83,62.79,69.75,80.72,19.31,5.61,Rainfed,233.01,18.71,4.41,372.29,2136.31,795326.85
3525,Uttar Pradesh,Lucknow,Potato,Kharif,2018,79.64,401.22,37.48,86.81,61.2,77.4,68.51,6.53,Canal,231.28,74.38,6.54,520.85,2015.09,1049559.63
3526,Karnataka,Mysore,Cotton,Rabi,2019,42.46,1794.2,34.02,43.49,123.39,96.07,126.66,5.35,Sprinkler,40.9,25.81,3.21,136.3,6587.65,897896.7
3527,Kerala,Kochi,Cotton,Rabi,2022,59.79,893.99,22.78,64.47,94.8,99.47,87.2,6.62,Sprinkler,48.27,73.19,2.67,159.64,6049.37,965721.43
3528,Andhra Pradesh,Krishna,Wheat,Zaid,2019,42.51,443.79,27.4,91.14,46.76,74.4,51.17,7.68,Canal,210.72,42.51,4.36,185.34,2328.38,431541.95
3529,Punjab,Amritsar,Onion,Rabi,2021,41.47,397.85,25.44,78.05,24.41,35.87,118.32,6.87,Borewell,175.3,36.3,5.23,216.89,2187.22,474386.15
3530,Haryana,Rohtak,Potato,Kharif,2018,60.48,936.21,26.69,67.7,139.63,91.3,15.75,7.73,Drip,102.6,45.31,6.87,415.5,1951.85,810993.67
3531,Andhra Pradesh,Guntur,Sugarcane,Zaid,2025,92.63,1379.76,36.82,44.01,85.87,95.88,121.74,7.43,Rainfed,61.02,21.94,6.78,628.03,3061.58,1922764.09
3532,Tamil Nadu,Thanjavur,Cotton,Kharif,2021,9.08,1760.67,33.98,49.71,80.85,86.28,33.88,8.1,Sprinkler,248.33,50.3,3.69,33.51,6196.48,207644.04
3533,Karnataka,Mandya,Onion,Kharif,2020,27.02,1435.16,31.73,90.44,94.33,20.68,125.87,8.38,Drip,23.23,66.89,5.4,145.91,2313.88,337618.23
3534,Uttar Pradesh,Agra,Potato,Zaid,2020,30.94,1751.84,34.53,62.02,105.06,42.94,45.23,7.4,Drip,46.76,4.24,6.98,215.96,1669.25,360491.23
3535,Kerala,Kannur,Potato,Kharif,2019,77.48,387.14,29.28,75.04,28.39,54.73,18.0,7.72,Sprinkler,124.66,48.41,6.11,473.4,2036.07,963875.54
3536,Punjab,Amritsar,Cotton,Kharif,2018,54.74,913.67,29.18,,59.44,23.0,113.35,7.48,Sprinkler,195.39,64.97,3.24,177.36,7535.75,1336540.62
3537,Uttar Pradesh,Agra,Maize,Rabi,2022,75.59,1139.97,20.03,42.77,49.15,24.36,21.9,7.25,Canal,164.51,5.57,4.99,377.19,2252.76,849718.54
3538,Maharashtra,Pune,Millet,Zaid,2022,66.87,996.27,23.28,84.89,92.86,48.66,65.45,7.35,Borewell,63.47,12.24,1.9,127.05,2669.47,339156.16
3539,Andhra Pradesh,Guntur,Rice,Kharif,2024,8.82,1776.21,23.75,76.67,27.91,68.84,49.56,5.29,Drip,116.66,53.26,4.94,43.57,2690.82,117239.03
3540,Tamil Nadu,Salem,Cotton,Rabi,2021,53.32,1082.02,23.05,83.03,50.32,22.28,135.02,7.42,Rainfed,215.41,15.89,2.91,155.16,6681.0,1036623.96
3541,Maharashtra,Nagpur,Rice,Rabi,2018,88.05,1648.9,30.73,91.99,,64.6,129.34,7.61,Canal,135.29,77.88,4.94,434.97,2672.13,1162296.39
3542,Maharashtra,Nagpur,Rice,Zaid,2023,60.37,1697.68,36.81,49.44,114.93,25.32,64.27,5.37,Drip,38.22,22.13,4.5,271.66,2674.5,726554.67
3543,Tamil Nadu,Madurai,Rice,Rabi,2021,55.64,1509.17,23.88,58.09,66.99,73.05,31.11,6.4,Drip,114.1,35.51,5.0,278.2,2142.76,596115.83
3544,Telangana,Nalgonda,Potato,Kharif,2024,20.06,1285.42,20.28,54.38,33.47,91.92,76.85,8.37,Drip,155.76,27.64,7.42,148.85,1890.61,281417.3
3545,Punjab,Patiala,Maize,Kharif,2025,68.82,1544.38,21.29,43.75,128.76,66.3,132.89,7.36,Rainfed,55.65,41.72,4.29,295.24,1852.21,546846.48
3546,Uttar Pradesh,Lucknow,Onion,Kharif,2021,53.79,1178.03,34.48,52.02,109.51,18.32,132.38,7.55,Sprinkler,200.35,30.52,6.31,339.41,1925.29,653462.68
3547,Haryana,Hisar,Sugarcane,Kharif,2022,8.87,1076.36,26.94,63.64,34.84,94.19,108.66,5.3,Rainfed,112.92,42.16,7.07,62.71,3299.15,206889.7
3548,Punjab,Ludhiana,Millet,Zaid,2023,97.53,1712.96,19.9,72.34,40.78,11.78,69.14,7.62,Canal,104.8,13.99,2.18,212.62,2751.92,585113.23
3549,Haryana,Ambala,Millet,Kharif,2023,91.67,783.8,36.8,45.79,98.35,99.95,75.19,7.84,Drip,86.46,9.83,2.54,232.84,2650.34,617105.17
3550,Karnataka,Mandya,Onion,Zaid,2018,51.52,541.69,19.76,66.82,110.39,69.19,111.22,5.26,Drip,184.07,69.22,6.13,315.82,2028.7,640704.03
3551,Tamil Nadu,Trichy,Wheat,Kharif,2020,9.11,1160.62,30.44,84.64,114.83,94.66,109.6,5.54,Canal,79.42,70.27,4.3,39.17,2049.18,80266.38
3552,Karnataka,Mysore,Groundnut,Kharif,2021,5.13,620.25,36.62,50.71,104.48,62.48,136.42,6.07,Rainfed,196.05,48.49,2.34,12.0,6318.15,75817.8
3553,Punjab,Bathinda,Cotton,Kharif,2020,67.81,856.95,21.97,42.9,62.58,46.53,121.86,5.03,Sprinkler,207.92,15.49,3.27,221.74,6161.25,1366195.57
3554,Karnataka,Mysore,Potato,Zaid,2023,5.52,368.66,32.63,87.92,104.8,68.16,97.34,6.03,Borewell,156.89,69.31,6.12,33.78,1579.96,53371.05
3555,Kerala,Palakkad,Groundnut,Zaid,2019,59.72,994.52,32.41,67.09,131.98,59.5,80.39,7.71,Canal,42.5,43.28,2.24,133.77,6325.19,846120.67
3556,Tamil Nadu,Coimbatore,Onion,Rabi,2025,50.72,1714.6,35.74,78.57,125.11,75.61,138.41,7.86,Sprinkler,217.8,73.46,6.18,313.45,2312.78,724940.89
3557,Uttar Pradesh,Agra,Tomato,Zaid,2019,68.68,1091.61,19.99,74.17,105.47,41.59,30.14,5.83,Sprinkler,33.29,43.74,5.54,380.49,2144.16,815831.44
3558,Andhra Pradesh,Chittoor,Maize,Zaid,2018,74.65,1041.78,31.4,46.92,39.06,13.52,39.73,6.62,Sprinkler,149.48,68.96,5.03,375.49,1998.72,750499.37
3559,Karnataka,Belgaum,Rice,Kharif,2025,88.83,1232.85,25.84,60.75,123.97,70.47,59.75,6.57,Rainfed,192.39,78.05,4.55,404.18,2685.68,1085498.14
3560,Telangana,Hyderabad,Millet,Zaid,2020,31.39,1749.09,37.17,92.43,46.46,19.3,96.67,7.55,Canal,171.92,36.37,2.29,71.88,2919.41,209847.19
3561,Uttar Pradesh,Varanasi,Sugarcane,Zaid,2024,35.47,1280.13,31.6,79.71,33.56,58.55,116.86,5.7,Canal,223.99,39.24,9.28,329.16,3639.74,1198056.82
3562,Kerala,Kollam,Tomato,Rabi,2019,50.09,653.65,35.63,75.03,33.29,94.01,31.47,7.57,Drip,121.92,8.96,6.22,311.56,2521.86,785710.7
3563,Haryana,Ambala,Wheat,Kharif,2022,64.49,1112.47,31.08,85.18,56.47,18.11,50.42,6.28,Drip,231.83,72.25,4.49,289.56,2145.02,621111.99
3564,Uttar Pradesh,Agra,Millet,Kharif,2019,98.15,1096.54,20.15,73.39,,58.04,18.11,8.49,Borewell,235.33,49.42,2.84,278.75,3152.91,878873.66
3565,Uttar Pradesh,Varanasi,Tomato,Rabi,2018,76.91,1116.13,35.46,43.89,104.12,97.36,113.56,6.92,Drip,238.66,7.72,7.23,556.06,2396.47,1332581.11
3566,Haryana,Rohtak,Rice,Kharif,2022,49.79,1555.11,26.25,61.56,57.88,68.04,132.28,7.18,Borewell,184.52,2.22,5.93,295.25,2132.86,629726.92
3567,Maharashtra,Kolhapur,Potato,Zaid,2023,32.2,1677.88,28.77,76.83,108.72,12.83,75.62,7.36,Canal,162.73,31.05,7.63,245.69,1537.52,377753.29
3568,Karnataka,Belgaum,Maize,Rabi,2018,57.3,429.07,19.68,94.01,39.01,47.83,142.25,6.03,Rainfed,245.16,18.41,4.22,241.81,1755.02,424381.39
3569,Karnataka,Belgaum,Potato,Zaid,2023,79.2,1335.4,36.53,46.08,126.31,17.56,14.03,6.17,Borewell,209.1,33.0,6.95,550.44,1667.62,917924.75
3570,West Bengal,Murshidabad,Tomato,Rabi,2025,94.76,1450.04,32.46,43.26,85.13,74.87,79.2,7.8,Drip,191.16,18.9,7.56,716.39,2435.16,1744524.27
3571,Maharashtra,Kolhapur,Sugarcane,Kharif,2019,32.73,995.37,21.48,51.52,118.52,41.91,63.27,6.05,Sprinkler,216.99,26.29,9.39,307.33,3890.2,1195575.17
3572,Telangana,Hyderabad,Cotton,Rabi,2022,16.36,1475.43,25.67,59.15,54.92,58.39,57.13,8.13,Canal,237.42,34.32,3.68,60.2,6697.51,403190.1
3573,Tamil Nadu,Thanjavur,Millet,Zaid,2023,55.37,1417.29,26.45,67.33,36.78,61.45,102.71,6.34,Rainfed,102.31,68.47,2.24,124.03,2763.91,342807.76
3574,Tamil Nadu,Salem,Millet,Rabi,2023,94.98,742.79,30.11,69.34,81.04,15.93,30.07,6.03,Canal,69.92,49.61,2.04,193.76,2999.31,581146.31
3575,Telangana,Hyderabad,Maize,Kharif,2024,19.62,1739.5,25.81,89.56,71.92,10.09,79.91,5.8,Rainfed,182.58,12.96,5.02,98.49,2186.07,215306.03
3576,Uttar Pradesh,Varanasi,Rice,Kharif,2021,45.67,1519.47,36.28,62.95,42.14,29.11,108.13,5.76,Rainfed,97.44,26.86,3.6,164.41,2057.15,338216.03
3577,Kerala,Palakkad,Cotton,Kharif,2022,99.01,1185.87,24.87,62.73,99.95,59.03,106.65,7.83,Drip,86.72,4.81,3.58,354.46,6551.8,2322351.03
3578,Tamil Nadu,Madurai,Groundnut,Rabi,2021,32.12,1005.17,32.89,70.03,106.43,75.91,56.56,5.01,Borewell,67.69,56.76,2.48,79.66,6118.0,487359.88
3579,Uttar Pradesh,Meerut,Potato,Rabi,2025,47.76,357.0,36.65,90.67,69.64,55.95,60.11,5.17,Drip,106.96,3.06,6.22,297.07,2060.4,612083.03
3580,West Bengal,Murshidabad,Groundnut,Zaid,2023,98.57,415.38,30.81,70.6,24.94,79.61,65.23,6.08,Borewell,217.06,34.37,2.72,268.11,6116.02,1639766.12
3581,Tamil Nadu,Trichy,Onion,Zaid,2025,35.05,1517.99,19.83,76.45,62.74,78.33,92.02,5.96,Rainfed,69.63,13.85,4.26,149.31,2459.56,367236.9
3582,Karnataka,Hassan,Maize,Rabi,2024,76.22,306.04,36.78,79.05,54.17,11.57,51.2,7.4,Rainfed,229.3,30.53,4.15,316.31,2188.63,692285.56
3583,Kerala,Palakkad,Wheat,Kharif,2023,81.21,645.67,32.26,80.75,104.98,20.82,24.24,5.19,Canal,26.04,35.54,3.55,288.3,2401.4,692323.62
3584,Kerala,Thrissur,Millet,Rabi,2023,13.15,665.77,24.33,62.04,126.27,36.61,50.91,7.21,Rainfed,62.0,22.07,2.13,28.01,3284.92,92010.61
3585,Tamil Nadu,Salem,Millet,Zaid,2019,83.05,596.32,33.35,81.29,133.19,82.2,84.57,6.96,Canal,130.05,51.15,2.43,201.81,2785.1,562061.03
3586,Andhra Pradesh,Kurnool,Sugarcane,Kharif,2019,88.4,1774.57,29.34,53.69,121.56,11.85,69.12,6.26,Drip,218.58,76.26,10.28,908.75,3543.61,3220255.59
3587,Andhra Pradesh,Nellore,Groundnut,Rabi,2021,46.18,1774.98,35.78,46.05,124.96,85.57,67.01,6.8,Borewell,20.88,60.28,2.3,106.21,5815.3,617643.01
3588,Kerala,Palakkad,Groundnut,Kharif,2025,22.04,1537.22,35.14,85.97,89.77,91.18,18.28,6.0,Canal,118.87,49.7,2.66,58.63,5463.27,320311.52
3589,Haryana,Rohtak,Maize,Zaid,2023,77.51,1315.05,31.61,44.67,86.57,15.8,46.0,5.83,Sprinkler,171.72,47.58,5.31,411.58,2064.66,849772.76
3590,Punjab,Jalandhar,Rice,Zaid,2022,53.03,1595.0,21.78,46.12,33.79,92.18,48.31,6.15,Borewell,149.53,45.51,4.58,242.88,2273.33,552146.39
3591,Haryana,Hisar,Wheat,Rabi,2019,17.23,679.67,20.56,78.7,42.66,78.33,144.36,5.38,Rainfed,234.89,65.09,3.96,68.23,2403.28,163975.79
3592,Kerala,Kollam,Onion,Rabi,2022,76.21,684.01,33.61,65.89,95.93,28.85,78.43,5.67,Rainfed,21.69,8.95,3.91,297.98,2090.31,622870.57
3593,Haryana,Karnal,Cotton,Rabi,2025,89.04,1542.74,20.89,84.21,31.58,54.31,106.34,6.42,Sprinkler,186.83,72.27,3.92,349.04,5814.38,2029451.2
3594,Punjab,Jalandhar,Millet,Zaid,2024,62.53,1628.26,27.05,77.14,112.89,23.99,37.12,5.24,Sprinkler,69.33,2.64,2.48,155.07,2599.59,403118.42
3595,Karnataka,Mandya,Rice,Zaid,2019,74.98,528.38,26.89,43.73,102.99,31.15,118.26,7.47,Rainfed,42.85,35.72,3.22,241.44,2856.48,689668.53
3596,Tamil Nadu,Coimbatore,Maize,Zaid,2023,99.28,1439.45,28.15,58.38,98.99,87.78,10.71,7.11,Canal,99.19,14.18,5.22,518.24,1899.81,984557.53
3597,Punjab,Amritsar,Millet,Kharif,2024,43.44,1265.43,25.74,87.01,72.16,37.92,49.17,7.62,Borewell,48.66,35.99,2.33,101.22,3467.27,350957.07
3598,Andhra Pradesh,Krishna,Tomato,Kharif,2018,24.24,359.34,35.73,44.89,71.56,84.52,67.19,8.1,Canal,114.48,69.89,5.57,135.02,2541.01,343087.17
3599,West Bengal,Murshidabad,Onion,Kharif,2021,13.79,1232.85,34.76,58.98,43.1,33.78,72.7,6.1,Borewell,96.26,68.64,5.2,71.71,2573.03,184511.98
3600,Karnataka,Mandya,Cotton,Rabi,2024,56.15,398.94,36.38,50.97,68.5,27.32,18.65,7.63,Sprinkler,202.42,70.44,3.2,179.68,6916.55,1242765.7
3601,Andhra Pradesh,Krishna,Potato,Zaid,2019,38.16,617.62,23.31,71.12,103.8,62.82,87.84,7.24,Borewell,196.18,11.88,7.06,269.41,1995.91,537718.11
3602,Uttar Pradesh,Kanpur,Wheat,Kharif,2024,89.56,647.27,21.61,54.98,26.41,12.02,100.3,6.75,Borewell,43.73,65.68,3.55,317.94,2579.3,820062.64
3603,Andhra Pradesh,Guntur,Wheat,Kharif,2022,90.87,1152.47,31.65,40.73,91.7,62.61,33.23,5.27,Canal,82.47,50.21,4.02,365.3,2249.84,821866.55
3604,Tamil Nadu,Trichy,Maize,Rabi,2023,31.8,581.34,34.74,69.76,80.09,19.53,116.86,6.09,Rainfed,117.03,63.59,4.22,134.2,2038.71,273594.88
3605,Telangana,Nalgonda,Tomato,Rabi,2024,93.46,1036.58,30.27,52.39,120.35,39.32,113.18,7.75,Sprinkler,22.22,27.04,5.73,535.53,2194.13,1175022.44
3606,Maharashtra,Nashik,Potato,Rabi,2024,65.24,899.05,19.09,80.37,52.19,56.57,77.97,6.22,Drip,37.74,48.44,6.1,397.96,1977.76,787069.37
3607,Telangana,Hyderabad,Groundnut,Kharif,2024,23.06,1227.48,27.83,80.27,70.18,13.64,52.08,8.22,Sprinkler,105.22,25.51,2.67,61.57,6632.51,408363.64
3608,Haryana,Hisar,Rice,Kharif,2024,99.76,1626.01,21.43,59.16,97.2,10.89,145.35,7.74,Drip,65.81,45.55,4.64,462.89,2806.36,1299035.98
3609,Maharashtra,Kolhapur,Wheat,Zaid,2025,92.71,558.49,30.02,87.11,119.01,91.67,127.44,7.2,Drip,184.41,4.46,4.55,421.83,2217.44,935382.72
3610,Haryana,Panipat,Tomato,Rabi,2024,96.88,802.22,33.82,64.61,44.42,67.01,56.71,7.85,Canal,92.57,38.43,5.58,540.59,2388.35,1291118.13
3611,Haryana,Karnal,Cotton,Zaid,2022,29.63,911.04,25.46,56.76,82.74,76.74,133.35,6.62,Sprinkler,150.54,39.95,3.37,99.85,7301.82,729086.73
3612,Uttar Pradesh,Lucknow,Millet,Zaid,2022,26.56,1007.12,32.38,43.0,51.46,17.62,75.08,5.6,Rainfed,192.73,3.54,2.05,54.45,2955.09,160904.65
3613,Andhra Pradesh,Guntur,Onion,Zaid,2023,54.87,819.19,22.45,74.85,117.37,25.4,30.23,5.35,Canal,70.29,75.58,4.35,238.68,2034.63,485625.49
3614,Uttar Pradesh,Meerut,Onion,Kharif,2020,24.74,647.13,37.56,58.16,42.0,47.07,43.15,7.44,Rainfed,138.22,20.77,4.03,99.7,2030.78,202468.77
3615,Kerala,Kannur,Groundnut,Kharif,2023,9.56,1479.34,25.33,64.25,55.2,40.1,32.51,6.4,Rainfed,84.24,77.32,2.14,20.46,5069.33,103718.49
3616,Andhra Pradesh,Nellore,Groundnut,Rabi,2019,26.31,1091.71,23.7,87.4,35.69,73.83,31.61,5.21,Sprinkler,248.59,37.59,3.48,91.56,5454.35,499400.29
3617,Uttar Pradesh,Kanpur,Maize,Zaid,2024,90.48,1259.58,19.23,92.04,67.76,48.2,33.12,6.26,Rainfed,172.14,77.49,4.06,367.35,2089.55,767596.19
3618,Uttar Pradesh,Kanpur,Tomato,Kharif,2023,16.8,1167.95,31.55,64.42,57.85,24.02,60.39,7.98,Sprinkler,240.44,8.55,6.96,116.93,2591.05,302971.48
3619,Andhra Pradesh,Krishna,Millet,Zaid,2024,60.4,1166.05,20.5,49.94,22.25,63.98,54.65,7.91,Rainfed,60.57,68.44,1.64,99.06,2888.36,286120.94
3620,Andhra Pradesh,Guntur,Groundnut,Zaid,2024,85.96,1339.39,28.6,52.42,122.4,37.51,70.98,5.37,Rainfed,197.07,41.41,3.2,275.07,5676.27,1561371.59
3621,Telangana,Hyderabad,Sugarcane,Kharif,2020,84.24,1230.29,30.72,61.82,48.16,34.65,19.12,7.14,Rainfed,216.75,46.85,7.77,654.54,3907.33,2557503.78
3622,Karnataka,Mysore,Maize,Kharif,2022,45.64,1068.47,18.25,46.66,33.76,34.73,126.89,6.35,Drip,214.93,70.11,5.94,271.1,1642.64,445319.7
3623,Karnataka,Bangalore,Sugarcane,Kharif,2019,6.58,1577.52,29.65,58.26,91.59,42.23,55.16,6.12,Rainfed,40.63,26.35,6.52,42.9,3989.24,171138.4
3624,Kerala,Kannur,Potato,Zaid,2020,30.67,1780.12,35.89,54.34,82.56,11.65,49.57,8.29,Borewell,30.15,21.75,6.23,191.07,1693.37,323552.21
3625,Maharashtra,Satara,Potato,Kharif,2021,59.88,1255.58,22.48,90.87,116.89,30.3,92.42,5.19,Drip,206.89,60.66,7.8,467.06,1619.83,756557.8
3626,Haryana,Panipat,Tomato,Rabi,2020,83.21,593.98,37.56,79.43,133.61,41.04,21.08,5.84,Canal,129.33,18.77,5.42,451.0,2314.38,1043785.38
3627,Haryana,Karnal,Maize,Zaid,2020,32.07,763.7,21.45,79.25,92.06,47.6,56.78,6.71,Sprinkler,36.8,4.35,4.17,133.73,2109.58,282114.13
3628,Uttar Pradesh,Varanasi,Wheat,Rabi,2018,29.23,1681.39,27.53,72.61,84.78,31.29,113.41,6.31,Rainfed,89.48,37.27,3.62,105.81,2332.51,246802.88
3629,Maharashtra,Kolhapur,Maize,Zaid,2021,68.06,1293.6,28.21,71.6,65.52,15.73,17.78,8.01,Rainfed,233.63,60.54,4.91,334.17,1786.95,597145.08
3630,Maharashtra,Nashik,Wheat,Rabi,2023,4.28,834.87,29.68,57.88,21.62,10.19,137.01,5.05,Rainfed,210.26,68.9,4.0,17.12,2323.45,39777.46
3631,Karnataka,Mysore,Wheat,Rabi,2019,64.88,998.61,28.66,40.58,32.25,19.76,131.91,7.24,Rainfed,115.05,25.64,3.94,255.63,2013.67,514754.46
3632,Tamil Nadu,Trichy,Rice,Rabi,2021,32.37,1541.21,27.02,93.71,45.88,35.22,21.69,7.37,Rainfed,220.32,69.07,4.04,130.77,2268.5,296651.74
3633,Andhra Pradesh,Guntur,Onion,Rabi,2018,19.05,603.73,34.44,84.95,24.59,15.67,73.47,6.46,Borewell,147.05,64.97,4.68,89.15,1886.0,168136.9
3634,Karnataka,Belgaum,Groundnut,Rabi,2022,68.53,1120.3,19.97,84.53,42.92,33.8,99.91,6.12,Sprinkler,90.52,30.59,2.82,193.25,5031.65,972366.36
3635,Andhra Pradesh,Nellore,Groundnut,Zaid,2020,41.27,712.39,31.59,85.09,43.95,89.48,10.73,5.9,Rainfed,38.74,72.05,2.24,92.44,6635.42,613378.22
3636,Uttar Pradesh,Varanasi,Sugarcane,Zaid,2023,99.62,959.3,20.1,68.75,47.54,91.51,94.24,6.22,Sprinkler,215.03,19.99,8.42,838.8,3268.4,2741533.92
3637,Punjab,Ludhiana,Groundnut,Zaid,2024,65.11,1290.91,18.44,55.78,126.77,70.29,47.22,6.78,Canal,62.87,43.19,2.03,132.17,5246.91,693484.09
3638,Uttar Pradesh,Kanpur,Sugarcane,Rabi,2022,46.98,524.82,28.97,41.98,40.55,66.94,89.42,7.79,Rainfed,57.16,59.93,6.09,286.11,2979.47,852456.16
3639,Maharashtra,Satara,Maize,Rabi,2024,68.46,1303.22,32.14,48.17,102.91,10.24,54.46,5.31,Sprinkler,192.65,78.76,4.96,339.56,2040.28,692797.48
3640,Karnataka,Belgaum,Cotton,Kharif,2021,95.47,1241.16,33.85,49.89,35.88,74.68,119.61,8.47,Drip,83.16,51.85,3.51,335.1,6502.87,2179111.74
3641,Telangana,Warangal,Cotton,Kharif,2024,50.99,992.31,35.26,75.17,70.88,80.84,40.55,7.06,Borewell,63.11,56.27,2.51,127.98,6547.89,837998.96
3642,Uttar Pradesh,Varanasi,Millet,Rabi,2019,89.69,1452.56,21.3,94.41,93.72,21.97,68.25,7.5,Rainfed,249.93,12.9,2.47,221.53,2956.28,654904.71
3643,Haryana,Karnal,Groundnut,Rabi,2019,99.63,669.8,35.73,94.01,103.45,15.03,122.48,6.83,Rainfed,192.4,60.01,2.06,205.24,6904.35,1417048.79
3644,Punjab,Jalandhar,Millet,Kharif,2018,14.19,1298.04,28.44,43.09,97.91,96.83,28.67,5.11,Rainfed,221.17,78.21,2.94,41.72,3155.96,131666.65
3645,Haryana,Panipat,Millet,Zaid,2024,40.13,1084.32,24.8,70.49,51.38,74.54,126.78,7.74,Drip,32.72,26.97,2.24,89.89,3267.33,293700.29
3646,Karnataka,Mysore,Cotton,Kharif,2018,2.97,1276.63,35.23,53.21,120.13,44.86,18.61,7.66,Sprinkler,204.3,44.54,3.48,10.34,6342.22,65578.55
3647,West Bengal,Nadia,Onion,Zaid,2019,89.93,534.25,19.34,55.82,37.45,25.45,77.23,7.75,Borewell,159.33,13.41,4.88,438.86,2209.6,969705.06
3648,Andhra Pradesh,Kurnool,Wheat,Zaid,2025,31.51,307.21,29.01,72.91,,95.48,81.21,7.46,Borewell,235.69,77.67,4.25,133.92,1885.56,252514.2
3649,Karnataka,Bangalore,Onion,Rabi,2020,26.14,713.66,31.04,94.06,111.7,69.43,95.89,7.6,Borewell,84.47,53.14,5.02,131.22,2517.46,330341.1
3650,Maharashtra,Kolhapur,Onion,Rabi,2020,8.05,1677.9,18.45,58.25,97.12,58.79,99.28,6.13,Sprinkler,89.09,78.15,5.37,43.23,2267.85,98039.16
3651,Telangana,Karimnagar,Cotton,Zaid,2022,20.86,812.59,25.03,66.05,89.19,37.9,34.8,8.02,Sprinkler,247.1,56.35,3.81,79.48,7511.54,597017.2
3652,Andhra Pradesh,Kurnool,Millet,Zaid,2024,66.97,1384.53,28.2,,44.18,18.34,103.25,6.69,Borewell,192.68,55.24,2.61,174.79,3232.86,565071.6
3653,Punjab,Amritsar,Tomato,Rabi,2025,97.17,1416.48,18.72,93.07,102.35,65.25,46.08,8.1,Canal,42.99,49.83,6.04,586.91,2202.48,1292657.54
3654,Karnataka,Mandya,Wheat,Rabi,2024,83.4,473.5,28.08,73.93,93.3,60.72,110.65,6.01,Canal,61.38,27.75,3.26,271.88,2571.75,699207.39
3655,Maharashtra,Satara,Sugarcane,Kharif,2019,77.98,646.89,31.4,55.35,34.9,14.21,145.5,6.45,Sprinkler,66.92,69.85,7.68,598.89,3966.12,2375269.61
3656,Karnataka,Hassan,Onion,Rabi,2022,84.78,1292.73,37.6,46.04,99.26,93.81,55.24,6.16,Borewell,103.91,33.67,5.65,479.01,2381.97,1140987.45
3657,Kerala,Kollam,Rice,Kharif,2022,12.76,1177.15,26.71,48.68,114.68,92.1,73.37,5.86,Canal,175.06,14.42,5.03,64.18,2424.0,155572.32
3658,Haryana,Hisar,Cotton,Kharif,2021,62.17,1016.37,35.51,72.41,104.77,16.09,37.38,6.42,Canal,107.28,22.35,3.29,204.54,6993.67,1430485.26
3659,Andhra Pradesh,Chittoor,Sugarcane,Kharif,2022,47.55,950.58,32.73,48.04,95.06,58.4,18.0,6.27,Rainfed,203.06,27.66,7.05,335.23,3943.94,1322127.01
3660,Kerala,Kannur,Wheat,Kharif,2021,89.01,1184.34,24.1,58.59,127.96,58.89,34.42,5.26,Sprinkler,151.42,27.33,4.65,413.9,1982.45,820536.05
3661,Kerala,Kollam,Rice,Kharif,2022,74.38,588.8,37.45,62.0,75.66,86.01,74.2,6.18,Sprinkler,242.52,24.69,4.92,365.95,2720.13,995431.57
3662,Punjab,Patiala,Tomato,Kharif,2021,2.29,1647.44,25.5,68.14,100.74,88.62,96.56,7.59,Canal,197.2,33.51,7.39,16.92,2442.49,41326.93
3663,West Bengal,Hooghly,Millet,Rabi,2018,96.08,1673.24,28.39,63.76,97.51,42.05,75.05,5.97,Sprinkler,133.15,37.79,2.58,247.89,2767.07,685928.98
3664,Maharashtra,Kolhapur,Groundnut,Zaid,2024,94.2,974.69,23.89,82.36,46.11,26.28,49.28,5.0,Canal,246.27,14.11,3.24,305.21,6144.68,1875417.78
3665,Maharashtra,Nagpur,Rice,Kharif,2023,59.1,689.84,28.76,64.84,139.67,86.35,43.32,8.12,Rainfed,99.61,4.01,3.16,186.76,2165.16,404365.28
3666,Uttar Pradesh,Lucknow,Groundnut,Zaid,2023,95.62,782.84,22.92,76.54,132.06,20.13,139.93,8.2,Borewell,235.37,24.75,2.77,264.87,5728.3,1517254.82
3667,Uttar Pradesh,Varanasi,Millet,Zaid,2021,32.89,860.75,20.3,58.44,61.45,72.39,58.37,6.13,Canal,142.16,17.47,2.55,83.87,2658.56,222973.43
3668,Telangana,Hyderabad,Groundnut,Zaid,2022,48.03,1444.54,37.63,53.57,97.95,51.6,66.82,8.05,Canal,168.23,66.93,2.55,122.48,6663.05,816090.36
3669,Punjab,Amritsar,Sugarcane,Kharif,2018,59.24,619.96,24.29,87.4,114.52,52.28,51.83,6.33,Drip,48.55,79.58,7.56,447.85,4070.83,1823121.22
3670,Karnataka,Mandya,Potato,Kharif,2018,28.77,1296.68,27.95,88.72,54.64,13.93,116.31,5.89,Borewell,167.99,57.71,6.88,197.94,1746.54,345710.13
3671,Uttar Pradesh,Varanasi,Onion,Kharif,2021,38.53,1342.92,32.76,86.75,53.3,30.33,89.16,5.69,Sprinkler,171.3,23.57,5.8,223.47,2528.41,565023.78
3672,Punjab,Ludhiana,Maize,Zaid,2018,33.47,803.91,33.12,54.46,92.65,13.3,39.51,5.62,Canal,36.93,37.24,4.29,143.59,2072.98,297659.2
3673,Andhra Pradesh,Kurnool,Cotton,Kharif,2018,39.74,349.96,21.97,82.39,67.81,42.28,56.11,7.0,Canal,58.9,24.33,2.82,112.07,6885.99,771712.9
3674,Tamil Nadu,Trichy,Rice,Zaid,2024,47.68,870.4,23.03,42.19,75.34,91.43,137.17,6.75,Borewell,79.0,59.68,4.24,202.16,2830.06,572124.93
3675,Kerala,Kollam,Onion,Kharif,2020,61.01,486.12,30.81,51.7,93.96,68.66,18.35,7.71,Canal,181.48,34.71,5.44,331.89,2530.26,839767.99
3676,Karnataka,Bangalore,Groundnut,Kharif,2018,45.69,1557.77,24.38,59.95,45.4,95.2,16.1,8.11,Borewell,87.73,52.24,2.71,123.82,5276.46,653331.28
3677,Karnataka,Belgaum,Onion,Kharif,2025,70.98,1381.4,31.76,85.06,113.71,67.42,111.7,6.53,Sprinkler,120.27,25.97,5.81,412.39,2234.89,921646.29
3678,Kerala,Kollam,Sugarcane,Zaid,2025,32.6,1279.47,19.08,89.49,42.74,91.27,55.69,5.59,Sprinkler,102.26,41.75,9.28,302.53,3276.38,991203.24
3679,Haryana,Panipat,Tomato,Zaid,2025,27.96,1468.69,26.31,87.89,119.83,71.93,58.86,5.85,Borewell,204.84,14.31,6.9,192.92,2761.53,532754.37
3680,Telangana,Karimnagar,Groundnut,Kharif,2022,44.97,1547.91,35.25,80.34,139.99,55.51,108.77,7.85,Drip,107.91,20.96,2.73,122.77,6304.5,774003.46
3681,West Bengal,Murshidabad,Maize,Kharif,2023,96.58,1601.02,18.66,66.11,60.0,47.74,31.96,6.21,Sprinkler,190.17,63.33,5.42,523.46,1693.1,886270.13
3682,Kerala,Kannur,Millet,Zaid,2019,27.38,1411.22,32.62,68.31,83.41,18.76,129.23,8.05,Borewell,49.83,7.47,2.39,65.44,2892.75,189301.56
3683,Tamil Nadu,Trichy,Millet,Rabi,2018,28.55,463.14,28.62,65.78,111.23,56.74,138.42,7.92,Borewell,125.22,11.74,2.08,59.38,3213.74,190831.88
3684,Telangana,Khammam,Tomato,Rabi,2022,11.69,1537.69,22.02,93.34,52.0,80.68,10.9,5.97,Sprinkler,166.72,15.36,7.11,83.12,2334.19,194017.87
3685,Karnataka,Belgaum,Wheat,Rabi,2021,97.0,956.52,35.75,46.19,29.14,59.08,84.17,8.23,Sprinkler,153.93,38.23,4.69,454.93,2573.88,1170935.23
3686,Karnataka,Mysore,Potato,Kharif,2022,25.42,1072.87,37.88,58.53,137.5,72.6,100.82,5.54,Sprinkler,217.89,54.9,8.14,206.92,1978.28,409345.7
3687,Andhra Pradesh,Nellore,Tomato,Zaid,2021,53.58,1421.34,33.53,94.15,134.21,86.48,132.6,8.21,Canal,68.21,38.39,6.27,335.95,2913.4,978756.73
3688,Uttar Pradesh,Meerut,Onion,Kharif,2019,19.35,1225.94,37.81,43.58,50.76,89.42,27.07,6.5,Sprinkler,39.0,79.37,4.74,91.72,2088.99,191602.16
3689,West Bengal,Kolkata,Maize,Zaid,2020,70.51,591.55,18.51,54.81,114.65,26.54,42.93,8.45,Drip,234.16,66.61,5.26,370.88,2258.55,837651.02
3690,Uttar Pradesh,Agra,Maize,Zaid,2019,48.08,1680.03,34.38,77.04,67.99,21.88,146.59,6.8,Sprinkler,44.68,55.48,5.23,251.46,1866.17,469267.11
3691,Tamil Nadu,Coimbatore,Tomato,Zaid,2021,96.88,1437.4,28.16,92.72,115.51,21.18,55.5,5.37,Rainfed,197.77,77.7,5.61,543.5,2326.74,1264583.19
3692,Uttar Pradesh,Varanasi,Onion,Rabi,2020,28.69,736.99,32.34,66.1,88.45,16.42,102.73,5.52,Rainfed,234.59,22.73,4.86,139.43,1984.49,276697.44
3693,Telangana,Khammam,Potato,Zaid,2021,2.16,506.65,25.84,50.01,122.88,14.74,109.52,5.71,Rainfed,204.09,64.2,5.62,12.14,2055.25,24950.74
3694,Andhra Pradesh,Guntur,Groundnut,Rabi,2025,74.72,658.43,22.06,54.07,119.23,32.57,86.48,7.2,Drip,183.48,17.93,3.37,251.81,6008.71,1513053.27
3695,Telangana,Warangal,Millet,Zaid,2018,73.39,1093.52,22.25,81.5,61.37,43.19,26.28,5.87,Canal,81.09,47.92,2.24,164.39,2869.66,471743.41
3696,West Bengal,Burdwan,Onion,Zaid,2023,69.21,829.1,35.01,91.85,33.68,82.87,25.51,7.73,Drip,161.45,26.94,5.12,354.36,1965.17,696377.64
3697,Karnataka,Mysore,Potato,Kharif,2021,25.21,1380.18,19.79,80.9,37.44,31.04,12.3,8.11,Sprinkler,151.37,35.18,6.78,170.92,1948.22,332989.76
3698,Punjab,Amritsar,Sugarcane,Kharif,2023,37.01,941.8,23.33,90.72,37.95,22.75,100.95,6.28,Drip,38.03,63.13,7.76,287.2,3483.79,1000544.49
3699,Punjab,Amritsar,Potato,Rabi,2025,26.1,767.18,34.7,72.18,50.13,29.16,87.62,7.56,Drip,215.53,51.09,7.12,185.83,1766.41,328251.97
3700,Andhra Pradesh,Chittoor,Tomato,Rabi,2024,77.92,1548.76,32.39,45.06,92.57,25.8,63.23,5.29,Canal,132.75,37.26,6.07,472.97,2530.5,1196850.58
3701,Telangana,Khammam,Groundnut,Rabi,2023,17.71,692.68,21.7,92.92,78.03,89.9,67.89,6.85,Sprinkler,136.41,30.46,2.63,46.58,6584.66,306713.46
3702,Andhra Pradesh,Guntur,Tomato,Zaid,2019,5.79,1776.34,24.38,92.61,90.24,78.13,114.76,6.38,Canal,51.23,24.66,6.23,36.07,2401.1,86607.68
3703,Kerala,Thrissur,Millet,Zaid,2022,57.26,1273.2,27.67,48.96,114.83,51.56,127.36,6.55,Rainfed,53.77,61.85,1.93,110.51,3146.66,347737.4
3704,Karnataka,Hassan,Potato,Rabi,2021,69.1,565.73,21.74,82.9,122.01,53.92,146.1,5.6,Borewell,93.01,75.41,6.04,417.36,1574.82,657266.88
3705,West Bengal,Kolkata,Cotton,Zaid,2021,48.79,1794.09,25.35,59.39,118.07,32.37,35.99,5.29,Rainfed,195.28,58.4,2.97,144.91,6475.22,938324.13
3706,Kerala,Kollam,Maize,Kharif,2019,35.94,1768.34,37.42,46.65,69.48,66.93,10.01,6.3,Drip,34.63,61.78,5.33,191.56,1994.56,382077.91
3707,Kerala,Palakkad,Wheat,Rabi,2023,86.48,692.59,18.11,58.48,87.2,89.96,102.09,5.17,Rainfed,181.81,22.16,3.77,326.03,2162.87,705160.51
3708,West Bengal,Kolkata,Cotton,Rabi,2022,92.39,1726.14,31.12,55.41,46.43,80.1,61.04,7.92,Drip,196.13,76.11,3.7,341.84,7524.43,2572151.15
3709,Kerala,Kannur,Tomato,Zaid,2025,33.21,759.8,25.94,51.21,58.87,24.0,53.39,8.18,Sprinkler,131.69,25.71,6.12,203.25,2677.83,544268.95
3710,Tamil Nadu,Madurai,Wheat,Kharif,2020,46.91,1176.71,36.87,59.41,121.93,96.3,121.88,8.27,Borewell,243.24,64.65,4.72,221.42,2437.23,539651.47
3711,Haryana,Ambala,Millet,Rabi,2021,6.11,843.39,26.96,88.84,72.23,54.54,130.53,6.02,Borewell,209.91,45.39,2.83,17.29,3590.55,62080.61
3712,Andhra Pradesh,Krishna,Rice,Zaid,2021,23.5,719.23,37.96,86.77,51.49,82.33,148.92,6.63,Canal,213.01,77.44,4.52,106.22,2819.04,299438.43
3713,Punjab,Bathinda,Maize,Kharif,2024,76.64,936.39,35.69,72.92,24.64,40.34,55.03,6.98,Drip,231.93,77.45,5.58,427.65,1621.47,693421.65
3714,Haryana,Ambala,Millet,Zaid,2023,9.16,389.22,31.76,91.66,119.03,40.74,26.93,7.5,Borewell,190.17,6.37,2.24,20.52,2881.74,59133.3
3715,Tamil Nadu,Thanjavur,Sugarcane,Zaid,2024,92.47,942.83,32.42,86.65,40.12,43.95,147.1,6.57,Rainfed,189.68,16.84,7.63,705.55,3778.07,2665617.29
3716,Uttar Pradesh,Meerut,Millet,Rabi,2025,60.45,1245.74,18.79,56.49,137.61,99.04,71.48,7.68,Canal,182.43,17.46,2.5,151.12,3333.17,503708.65
3717,West Bengal,Burdwan,Cotton,Kharif,2025,5.31,1705.82,33.97,58.85,139.85,51.61,96.04,5.02,Drip,210.85,64.16,4.09,21.72,5667.1,123089.41
3718,Maharashtra,Kolhapur,Millet,Zaid,2024,92.13,565.25,21.28,92.16,41.88,67.2,69.0,5.09,Borewell,137.47,20.27,2.23,205.45,3358.88,690081.9
3719,Kerala,Kannur,Rice,Kharif,2022,93.62,1293.89,22.69,80.81,57.27,67.01,103.1,6.98,Drip,207.67,35.22,5.29,495.25,2288.6,1133429.15
3720,Karnataka,Mysore,Cotton,Zaid,2025,75.9,787.9,21.27,79.63,114.25,77.48,107.2,7.85,Canal,154.6,27.85,3.32,251.99,6097.56,1536524.14
3721,Maharashtra,Kolhapur,Groundnut,Zaid,2024,30.17,379.05,26.55,47.39,59.54,68.09,131.35,7.84,Rainfed,160.65,71.38,2.01,60.64,6090.07,369301.84
3722,Karnataka,Belgaum,Potato,Zaid,2025,40.8,530.74,31.34,50.24,56.94,19.16,43.08,5.3,Sprinkler,161.63,15.94,6.18,252.14,2100.07,529511.65
3723,West Bengal,Burdwan,Maize,Rabi,2018,30.41,1399.95,20.02,75.42,104.56,39.58,127.98,8.31,Drip,116.55,28.72,5.82,176.99,1681.4,297590.99
3724,Maharashtra,Nagpur,Groundnut,Rabi,2022,67.26,673.26,36.07,51.02,41.37,87.25,38.29,6.23,Drip,55.9,48.83,2.24,150.66,6267.45,944254.02
3725,Karnataka,Belgaum,Sugarcane,Zaid,2019,40.53,549.72,26.22,82.24,76.47,56.94,117.85,7.18,Rainfed,95.93,43.34,6.37,258.18,3809.7,983588.35
3726,Kerala,Kollam,Millet,Kharif,2023,77.32,1282.52,24.33,94.62,104.38,60.15,87.22,5.07,Drip,48.12,64.06,2.12,163.92,3111.02,509958.4
3727,Haryana,Ambala,Tomato,Rabi,2019,74.79,1020.81,18.73,78.15,121.87,77.82,90.28,6.96,Drip,144.02,25.3,6.78,507.08,2835.13,1437637.72
3728,Uttar Pradesh,Agra,Sugarcane,Zaid,2025,25.53,1779.42,28.9,56.55,120.62,22.29,122.87,5.42,Rainfed,220.08,49.27,8.06,205.77,3831.43,788393.35
3729,Punjab,Amritsar,Tomato,Rabi,2021,8.73,591.73,29.71,43.92,48.47,99.44,41.38,8.04,Borewell,158.96,17.67,6.42,56.05,2946.58,165155.81
3730,Andhra Pradesh,Nellore,Maize,Zaid,2023,79.65,457.57,25.24,66.91,23.91,52.1,27.03,7.21,Rainfed,90.87,31.47,3.77,300.28,1636.55,491423.23
3731,Kerala,Thrissur,Millet,Rabi,2024,66.67,881.89,37.92,56.18,121.71,93.7,141.28,6.95,Canal,215.05,16.72,2.57,171.34,3203.85,548947.66
3732,Maharashtra,Nashik,Groundnut,Zaid,2019,37.74,883.51,27.46,90.58,26.7,12.14,39.38,5.18,Borewell,24.35,52.7,2.36,89.07,5080.96,452561.11
3733,Uttar Pradesh,Lucknow,Millet,Rabi,2023,5.25,880.41,32.93,53.71,111.19,11.74,18.95,8.01,Canal,61.93,2.13,2.23,11.71,2655.29,31093.45
3734,Telangana,Warangal,Maize,Zaid,2023,78.76,1750.38,19.6,43.73,99.26,26.02,140.08,6.55,Sprinkler,113.73,46.54,5.52,434.76,2125.55,924104.12
3735,Uttar Pradesh,Varanasi,Sugarcane,Rabi,2019,88.6,1290.78,36.04,80.75,29.95,92.71,51.35,7.61,Borewell,160.75,53.4,8.47,750.44,3514.79,2637639.01
3736,Telangana,Khammam,Cotton,Rabi,2018,4.71,1767.01,27.04,65.37,88.58,20.52,70.73,6.96,Rainfed,95.21,63.08,2.96,13.94,6454.94,89981.86
3737,West Bengal,Nadia,Potato,Zaid,2025,72.5,1040.47,19.16,71.44,104.3,26.71,93.01,5.61,Sprinkler,161.32,70.85,6.65,482.12,2088.26,1006791.91
3738,Uttar Pradesh,Agra,Maize,Kharif,2018,78.71,534.47,23.96,75.31,124.04,44.89,12.7,6.07,Rainfed,146.05,37.2,4.0,314.84,1956.12,615864.82
3739,Uttar Pradesh,Meerut,Potato,Zaid,2021,49.19,981.55,18.9,54.11,84.02,48.44,125.73,8.2,Canal,174.68,11.93,7.25,356.63,1569.15,559605.96
3740,Punjab,Ludhiana,Potato,Zaid,2021,15.91,1459.95,24.64,77.93,118.0,88.6,93.67,5.98,Borewell,52.76,27.61,6.68,106.28,1715.25,182296.77
3741,Telangana,Nalgonda,Potato,Rabi,2021,13.09,711.12,31.7,61.28,86.06,18.71,148.41,7.29,Sprinkler,87.23,34.5,6.51,85.22,2114.22,180173.83
3742,Uttar Pradesh,Meerut,Wheat,Kharif,2023,24.75,1304.75,25.29,49.93,83.34,79.61,23.18,6.4,Drip,127.7,37.07,4.72,116.82,2113.05,246846.5
3743,Punjab,Bathinda,Rice,Zaid,2020,7.13,516.7,30.57,40.66,104.95,88.66,20.58,7.24,Borewell,80.43,70.96,3.83,27.31,2263.59,61818.64
3744,Punjab,Ludhiana,Tomato,Rabi,2021,55.84,528.49,24.67,93.28,74.94,23.09,120.65,5.38,Sprinkler,45.47,16.38,5.06,282.55,2715.77,767340.81
3745,West Bengal,Burdwan,Onion,Zaid,2024,96.65,937.14,35.54,40.78,129.99,69.26,91.66,6.1,Rainfed,190.27,2.67,4.81,464.89,1960.16,911258.78
3746,Tamil Nadu,Trichy,Wheat,Zaid,2024,80.88,590.62,35.47,79.62,63.99,56.08,57.17,8.34,Borewell,94.04,69.13,3.79,306.54,2349.4,720185.08
3747,Haryana,Panipat,Maize,Rabi,2025,51.94,1562.96,18.74,41.19,30.78,56.74,95.21,8.21,Rainfed,63.99,32.47,4.25,220.75,2078.96,458930.42
3748,Uttar Pradesh,Varanasi,Wheat,Kharif,2023,51.57,1246.03,31.0,92.87,109.48,45.83,14.58,6.46,Canal,73.71,39.05,3.97,204.73,2422.85,496030.08
3749,Kerala,Palakkad,Groundnut,Kharif,2023,58.47,1239.93,23.56,88.62,30.3,33.82,149.15,5.95,Canal,112.54,4.63,2.75,160.79,5586.2,898205.1
3750,Uttar Pradesh,Varanasi,Cotton,Rabi,2019,9.76,1733.72,19.94,46.84,124.71,29.0,145.81,5.73,Canal,232.06,69.43,3.83,37.38,6752.51,252408.82
3751,Punjab,Amritsar,Maize,Zaid,2021,2.98,1297.81,35.36,69.85,101.59,88.98,118.75,8.42,Drip,199.56,51.68,5.89,17.55,1988.64,34900.63
3752,Karnataka,Bangalore,Tomato,Zaid,2019,21.27,1755.34,22.42,76.81,101.1,83.24,23.91,7.55,Canal,146.98,60.55,6.62,140.81,2603.4,366584.75
3753,Maharashtra,Satara,Tomato,Zaid,2021,85.71,1265.37,32.93,82.6,125.99,23.03,128.08,7.14,Canal,43.44,40.53,5.96,510.83,2963.52,1513854.92
3754,Karnataka,Mysore,Potato,Zaid,2025,63.43,950.63,28.23,41.97,114.89,90.05,45.67,5.27,Drip,72.92,28.49,6.74,427.52,1960.37,838097.38
3755,Andhra Pradesh,Guntur,Sugarcane,Kharif,2018,49.67,784.52,18.88,71.94,65.58,61.76,91.38,7.06,Borewell,20.15,79.91,6.56,325.84,3913.2,1275077.09
3756,Haryana,Rohtak,Sugarcane,Kharif,2023,46.27,1732.63,29.84,67.65,48.75,35.55,138.86,6.6,Sprinkler,88.09,56.36,8.73,403.94,3858.87,1558751.95
3757,Andhra Pradesh,Chittoor,Cotton,Kharif,2023,19.81,327.57,34.39,62.9,88.31,27.5,75.32,7.83,Sprinkler,128.98,39.17,3.34,66.17,6137.2,406098.52
3758,Tamil Nadu,Madurai,Rice,Rabi,2019,96.0,571.76,21.92,72.54,127.34,86.41,117.12,7.83,Sprinkler,106.98,58.77,4.46,428.16,2808.57,1202517.33
3759,Kerala,Kannur,Groundnut,Rabi,2019,9.88,1667.31,24.61,41.23,104.81,43.22,62.84,7.24,Canal,192.56,63.31,3.11,30.73,6132.95,188465.55
3760,Uttar Pradesh,Kanpur,Sugarcane,Rabi,2022,52.77,1129.14,30.11,65.41,68.98,78.15,115.64,7.87,Canal,71.07,78.44,8.16,430.6,3962.82,1706390.29
3761,Tamil Nadu,Thanjavur,Millet,Zaid,2021,56.79,711.81,37.71,53.96,132.16,64.19,34.33,5.16,Drip,242.93,22.5,2.42,137.43,2887.88,396881.35
3762,Haryana,Rohtak,Tomato,Kharif,2018,18.18,1129.74,21.85,94.04,78.0,86.55,128.97,5.62,Sprinkler,200.7,19.56,6.86,124.71,2861.32,356835.22
3763,Haryana,Rohtak,Maize,Zaid,2020,28.62,1346.58,27.95,58.91,,79.2,123.29,7.26,Sprinkler,89.69,49.49,4.97,142.24,2008.27,285656.32
3764,Telangana,Karimnagar,Cotton,Kharif,2018,67.77,1424.35,30.14,59.9,123.64,31.15,13.41,5.96,Borewell,194.86,24.46,3.72,252.1,5562.38,1402276.0
3765,Tamil Nadu,Madurai,Wheat,Rabi,2024,22.17,1528.67,34.14,87.4,34.62,74.99,127.78,5.65,Canal,197.34,65.76,4.57,101.32,2404.45,243618.87
3766,Punjab,Jalandhar,Potato,Kharif,2020,73.58,310.64,25.45,62.84,126.46,86.62,129.02,7.82,Sprinkler,240.87,57.51,7.56,556.26,1927.05,1071940.83
3767,Tamil Nadu,Thanjavur,Tomato,Kharif,2018,30.88,912.92,35.07,93.22,122.86,40.21,32.32,5.97,Borewell,49.6,63.32,5.18,159.96,2787.32,445859.71
3768,Haryana,Ambala,Groundnut,Kharif,2018,59.75,1238.27,35.35,75.06,101.04,46.57,42.0,6.45,Borewell,125.04,27.75,2.76,164.91,5431.19,895657.54
3769,Kerala,Kannur,Millet,Zaid,2019,69.94,912.46,37.04,67.2,136.76,84.49,141.57,6.39,Sprinkler,219.14,74.78,2.62,183.24,2760.77,505883.49
3770,Punjab,Jalandhar,Maize,Kharif,2023,86.28,403.36,25.16,88.83,120.98,93.54,88.84,7.44,Canal,222.12,31.04,5.21,449.52,1818.8,817586.98
3771,Andhra Pradesh,Kurnool,Potato,Kharif,2022,17.66,723.24,27.17,57.1,64.48,45.83,20.02,7.71,Borewell,224.8,34.69,6.9,121.85,1879.19,228979.3
3772,Telangana,Warangal,Wheat,Kharif,2019,21.0,1332.67,35.06,76.84,134.88,95.53,63.99,7.23,Drip,218.08,9.66,5.33,111.93,2632.45,294650.13
3773,Haryana,Karnal,Potato,Zaid,2025,15.65,1671.63,23.5,58.52,96.19,11.53,55.84,7.09,Sprinkler,40.87,61.2,6.54,102.35,2069.88,211852.22
3774,Haryana,Hisar,Potato,Rabi,2022,21.2,1737.57,26.17,55.43,107.32,40.72,28.99,5.68,Sprinkler,227.68,69.76,7.9,167.48,1573.92,263600.12
3775,Andhra Pradesh,Krishna,Sugarcane,Rabi,2018,62.16,1026.61,36.57,75.86,66.32,66.18,77.25,7.47,Sprinkler,174.93,7.1,8.77,545.14,4002.4,2181868.34
3776,Kerala,Kollam,Cotton,Kharif,2022,46.57,911.33,37.27,79.56,48.05,51.89,141.05,5.46,Rainfed,224.28,10.59,3.33,155.08,7273.13,1127917.0
3777,Punjab,Patiala,Sugarcane,Kharif,2019,6.33,1726.68,18.46,58.35,22.4,30.04,94.44,5.82,Borewell,28.89,54.06,7.78,49.25,3424.48,168655.64
3778,Kerala,Kannur,Maize,Kharif,2019,72.58,1786.26,28.95,78.95,91.57,87.51,126.71,8.29,Rainfed,88.56,63.21,4.68,339.67,1961.35,666211.75
3779,Telangana,Hyderabad,Tomato,Zaid,2020,90.52,1172.25,25.15,72.79,35.24,18.12,134.52,8.27,Rainfed,86.15,75.49,4.96,448.98,2417.41,1085368.74
3780,Maharashtra,Satara,Millet,Rabi,2022,84.05,659.92,33.13,82.18,66.88,80.31,46.6,8.2,Borewell,166.22,26.24,2.37,199.2,3460.44,689319.65
3781,Karnataka,Mandya,Maize,Rabi,2022,97.03,820.47,21.88,80.28,139.2,77.7,91.73,8.19,Sprinkler,243.32,23.22,5.34,518.14,1941.56,1005999.9
3782,Haryana,Rohtak,Maize,Rabi,2023,22.29,448.34,33.93,63.84,30.25,31.43,87.31,5.52,Borewell,246.32,16.61,4.81,107.21,1715.19,183885.52
3783,Andhra Pradesh,Krishna,Sugarcane,Zaid,2024,28.08,364.93,30.6,45.81,107.42,53.03,128.83,7.78,Borewell,180.69,5.79,8.25,231.66,3666.61,849406.87
3784,Andhra Pradesh,Nellore,Tomato,Zaid,2022,37.24,891.11,24.59,42.69,29.47,42.67,58.02,7.27,Borewell,159.84,32.37,5.55,206.68,2955.01,610741.47
3785,Uttar Pradesh,Meerut,Rice,Rabi,2021,37.08,903.6,22.55,55.68,126.72,18.67,19.22,7.33,Canal,219.4,70.54,5.04,186.88,2176.57,406757.4
3786,Telangana,Warangal,Rice,Kharif,2021,75.13,1178.46,28.28,47.04,103.13,83.33,51.92,5.93,Canal,137.17,59.7,4.75,356.87,2224.83,793975.08
3787,Uttar Pradesh,Meerut,Maize,Rabi,2023,97.66,1307.97,21.6,73.8,53.08,94.77,56.29,6.44,Sprinkler,238.78,42.35,5.65,551.78,2090.16,1153308.48
3788,Punjab,Bathinda,Onion,Kharif,2022,12.3,532.82,24.04,92.7,50.53,62.22,147.3,7.42,Canal,125.7,24.51,5.33,65.56,2540.63,166563.7
3789,Karnataka,Mandya,Sugarcane,Kharif,2022,79.38,401.54,36.68,82.73,96.08,60.28,57.4,7.95,Rainfed,235.9,72.76,7.41,588.21,3366.64,1980291.31
3790,Punjab,Ludhiana,Rice,Zaid,2024,71.59,1539.22,30.37,56.92,126.56,22.58,17.27,6.12,Canal,135.88,33.47,5.03,360.1,2269.36,817196.54
3791,West Bengal,Hooghly,Potato,Zaid,2019,67.13,1206.17,19.28,63.33,64.68,26.11,113.03,5.49,Sprinkler,92.62,7.3,6.34,425.6,2074.97,883107.23
3792,Kerala,Kannur,Wheat,Rabi,2019,79.45,1180.82,29.88,72.45,109.22,19.51,20.31,5.52,Borewell,145.57,16.14,4.5,357.53,2340.07,836645.23
3793,Haryana,Panipat,Cotton,Zaid,2022,47.4,485.82,31.71,83.23,105.77,10.41,111.41,7.31,Borewell,161.84,21.06,3.49,165.43,5869.95,971065.83
3794,Kerala,Kannur,Groundnut,Rabi,2022,41.4,354.77,36.96,53.54,49.69,68.33,93.67,5.94,Canal,196.87,42.76,2.85,117.99,5734.3,676590.06
3795,West Bengal,Hooghly,Rice,Zaid,2021,52.89,1261.5,26.25,57.04,116.91,98.32,30.85,8.07,Borewell,219.7,14.31,4.94,261.28,2256.17,589492.1
3796,Maharashtra,Pune,Tomato,Zaid,2020,95.52,1030.91,19.23,52.47,116.99,93.65,82.15,6.41,Drip,245.0,46.29,7.65,730.73,2609.81,1907066.46
3797,Kerala,Kollam,Tomato,Zaid,2025,5.88,1519.05,28.11,,52.54,85.94,142.25,6.91,Borewell,212.49,63.27,6.65,39.1,2714.54,106138.51
3798,Haryana,Ambala,Potato,Rabi,2023,66.55,1136.85,28.27,46.8,92.88,51.59,49.15,5.11,Canal,173.29,68.77,7.09,471.84,1876.99,885638.96
3799,Kerala,Palakkad,Maize,Kharif,2022,26.44,1144.46,25.95,90.57,110.29,11.31,,7.6,Sprinkler,135.06,22.54,5.41,143.04,1626.44,232645.98
3800,Karnataka,Bangalore,Maize,Zaid,2022,64.54,560.89,23.11,42.63,71.71,40.79,69.44,7.46,Canal,88.64,65.58,4.57,294.95,1874.19,552792.34
3801,Haryana,Panipat,Sugarcane,Rabi,2020,82.78,1088.46,34.21,89.56,129.61,23.93,21.82,6.84,Rainfed,110.09,52.57,6.62,548.0,3612.71,1979765.08
3802,Karnataka,Mandya,Millet,Rabi,2022,56.15,836.39,28.77,57.19,62.45,32.38,145.48,5.93,Rainfed,195.23,19.86,1.86,104.44,3195.39,333726.53
3803,Andhra Pradesh,Kurnool,Millet,Kharif,2020,95.5,910.39,20.33,62.03,81.98,12.13,26.4,5.04,Sprinkler,243.64,14.85,2.57,245.43,2592.09,636176.65
3804,Andhra Pradesh,Nellore,Tomato,Rabi,2018,47.63,523.72,36.44,89.49,108.45,51.46,147.5,5.19,Drip,230.03,75.29,7.06,336.27,2547.0,856479.69
3805,Uttar Pradesh,Meerut,Maize,Rabi,2023,54.87,994.86,26.31,64.61,139.77,20.48,49.94,5.74,Borewell,232.83,35.47,4.93,270.51,1847.0,499631.97
3806,Haryana,Hisar,Millet,Kharif,2024,51.72,1644.51,33.81,78.61,85.94,53.14,84.08,5.64,Drip,195.86,29.14,3.3,170.68,2646.84,451762.65
3807,Maharashtra,Nagpur,Wheat,Zaid,2019,80.3,1114.48,34.31,94.53,104.1,,117.16,7.3,Borewell,47.6,73.68,3.82,306.75,1958.47,600760.67
3808,Punjab,Ludhiana,Potato,Rabi,2019,66.46,1575.7,19.95,50.66,91.46,10.53,136.72,8.44,Rainfed,125.48,52.99,5.32,353.57,2030.27,717842.56
3809,Tamil Nadu,Coimbatore,Rice,Kharif,2024,61.06,960.17,20.82,44.88,20.64,96.51,33.9,6.47,Borewell,30.92,67.19,3.81,232.64,2742.94,638117.56
3810,Karnataka,Mandya,Groundnut,Zaid,2019,19.8,520.5,27.53,83.49,38.85,28.17,17.44,7.25,Canal,227.33,64.83,2.69,53.26,6635.33,353397.68
3811,Uttar Pradesh,Varanasi,Cotton,Kharif,2021,85.02,873.77,35.89,61.83,117.2,10.84,73.16,7.5,Rainfed,127.11,68.12,1.88,159.84,5804.53,927796.08
3812,Punjab,Ludhiana,Maize,Zaid,2018,28.53,1791.19,33.31,57.32,28.75,68.29,145.91,5.79,Sprinkler,54.61,51.74,5.36,152.92,2065.81,315903.67
3813,Andhra Pradesh,Krishna,Millet,Rabi,2025,76.17,836.69,23.06,73.96,58.62,41.86,79.89,7.96,Canal,215.83,77.56,2.32,176.71,2883.57,509555.65
3814,Karnataka,Hassan,Potato,Zaid,2020,25.29,1577.48,31.64,82.32,22.13,53.78,48.35,7.39,Drip,192.53,51.47,8.02,202.83,2113.9,428762.34
3815,Andhra Pradesh,Kurnool,Millet,Kharif,2020,59.6,538.29,29.98,42.22,139.46,44.41,79.51,5.04,Drip,99.55,53.56,2.68,159.73,3455.11,551884.72
3816,Maharashtra,Satara,Maize,Kharif,2018,70.96,502.45,22.0,82.04,102.62,12.92,57.26,7.32,Rainfed,75.73,63.22,3.85,273.2,2175.48,594341.14
3817,Haryana,Hisar,Onion,Kharif,2019,44.69,344.95,18.39,54.73,49.91,36.05,58.29,7.5,Drip,26.5,42.83,4.23,189.04,2629.63,497105.26
3818,Tamil Nadu,Trichy,Wheat,Zaid,2024,98.92,592.58,32.74,53.68,86.63,67.42,132.05,7.87,Canal,244.31,11.49,4.74,468.88,2111.07,989838.5
3819,Karnataka,Mysore,Millet,Rabi,2018,71.9,647.87,35.91,44.01,52.8,44.49,19.9,5.81,Sprinkler,117.3,9.78,2.27,163.21,3516.54,573934.49
3820,Maharashtra,Nashik,Groundnut,Zaid,2019,42.03,1397.75,21.59,53.11,98.64,30.68,47.82,5.35,Borewell,211.96,68.5,3.09,129.87,5151.37,669008.42
3821,West Bengal,Burdwan,Maize,Zaid,2018,10.8,407.06,26.41,87.86,81.09,28.04,62.35,7.45,Borewell,191.88,77.89,4.82,52.06,2252.4,117259.94
3822,Karnataka,Mysore,Maize,Kharif,2023,43.37,864.3,24.92,43.18,125.04,16.96,116.84,7.89,Rainfed,234.42,24.2,4.43,192.13,2261.79,434557.71
3823,Kerala,Kannur,Cotton,Zaid,2024,64.84,1362.85,29.28,89.59,131.87,53.12,146.63,6.89,Rainfed,130.63,59.69,2.69,174.42,7792.96,1359248.08
3824,Uttar Pradesh,Varanasi,Onion,Rabi,2024,95.14,1703.42,29.61,62.25,55.48,38.88,132.57,7.19,Sprinkler,219.79,7.53,6.2,589.87,1953.08,1152063.3
3825,Uttar Pradesh,Kanpur,Sugarcane,Rabi,2021,11.4,489.14,20.78,47.22,122.55,22.74,123.19,7.96,Canal,241.47,56.97,9.1,103.74,3131.56,324868.03
3826,Telangana,Warangal,Groundnut,Kharif,2019,26.15,712.67,34.24,49.99,29.39,45.99,45.84,5.92,Rainfed,86.22,76.56,2.3,60.14,6060.65,364487.49
3827,Maharashtra,Pune,Wheat,Kharif,2018,57.07,1716.54,34.93,45.54,57.03,11.31,45.44,5.24,Sprinkler,233.7,71.99,4.84,276.22,2270.6,627185.13
3828,Punjab,Patiala,Maize,Zaid,2024,9.81,772.3,25.53,45.22,86.31,58.61,26.89,5.03,Rainfed,134.48,38.73,4.16,40.81,1931.31,78816.76
3829,Kerala,Palakkad,Cotton,Kharif,2024,15.89,908.54,19.73,51.79,31.38,85.67,104.64,6.34,Canal,205.25,19.26,3.64,57.84,6034.46,349033.17
3830,West Bengal,Kolkata,Maize,Zaid,2021,67.29,1615.55,30.09,63.86,70.9,42.33,34.26,6.22,Canal,106.53,71.86,5.3,356.64,1790.03,638396.3
3831,Uttar Pradesh,Agra,Wheat,Kharif,2025,77.04,715.34,36.2,49.17,78.53,65.24,75.49,7.82,Canal,85.25,23.71,3.63,279.66,2584.12,722675.0
3832,Tamil Nadu,Madurai,Onion,Rabi,2023,22.29,1132.01,31.6,61.51,56.43,70.69,68.64,5.42,Drip,135.74,28.85,5.45,121.48,2382.8,289462.54
3833,Haryana,Karnal,Millet,Kharif,2019,93.37,1679.43,31.67,52.75,52.23,26.43,99.39,6.27,Rainfed,57.66,76.69,2.7,252.1,2955.09,744978.19
3834,Tamil Nadu,Trichy,Millet,Kharif,2019,18.02,699.46,36.52,55.03,108.57,79.8,70.98,7.92,Canal,112.98,26.4,2.89,52.08,2778.62,144710.53
3835,Tamil Nadu,Thanjavur,Wheat,Zaid,2023,10.27,303.37,28.07,46.89,35.4,23.21,110.79,6.0,Rainfed,236.31,9.84,3.1,31.84,1976.33,62926.35
3836,Haryana,Karnal,Onion,Kharif,2019,59.69,671.94,28.24,59.75,75.7,31.52,21.6,7.96,Borewell,87.03,13.2,4.76,284.12,2172.45,617236.49
3837,Telangana,Karimnagar,Onion,Zaid,2023,72.2,1789.7,28.0,83.28,119.78,24.45,41.44,6.43,Drip,31.2,22.16,5.87,423.81,2227.87,944193.58
3838,Karnataka,Belgaum,Wheat,Kharif,2022,70.56,649.15,36.84,44.21,97.53,70.34,68.47,6.99,Borewell,207.02,32.38,4.02,283.65,2295.06,650993.77
3839,West Bengal,Murshidabad,Cotton,Zaid,2023,4.91,317.34,28.54,,124.97,69.75,14.37,5.56,Rainfed,240.3,18.12,2.81,13.8,7237.52,99877.78
3840,Tamil Nadu,Salem,Rice,Kharif,2022,16.3,1267.33,35.22,66.5,77.32,36.65,85.64,7.41,Borewell,198.47,39.1,4.83,78.73,2171.79,170985.03
3841,Uttar Pradesh,Kanpur,Cotton,Zaid,2019,58.37,949.35,37.01,52.46,38.71,33.64,35.86,5.28,Canal,161.53,19.69,3.27,190.87,7666.3,1463266.68
3842,Maharashtra,Pune,Millet,Zaid,2021,11.66,1340.67,26.82,82.08,64.49,52.25,82.63,6.48,Sprinkler,174.69,38.64,2.58,30.08,3148.07,94693.95
3843,Maharashtra,Nagpur,Millet,Zaid,2020,82.33,669.37,24.95,78.33,38.39,90.87,131.0,7.92,Canal,149.24,62.76,2.37,195.12,2871.66,560318.3
3844,Telangana,Khammam,Sugarcane,Kharif,2024,47.47,1600.17,30.21,73.36,36.44,15.55,41.36,6.72,Sprinkler,46.3,63.85,8.21,389.73,3345.1,1303685.82
3845,Punjab,Jalandhar,Cotton,Kharif,2021,18.02,1470.12,19.11,58.26,81.46,72.06,19.35,7.62,Borewell,101.92,12.92,2.94,52.98,5678.48,300845.87
3846,Maharashtra,Pune,Potato,Kharif,2025,48.61,1708.08,20.17,63.42,133.42,36.7,37.01,5.52,Borewell,115.72,74.57,7.12,346.1,1794.69,621142.21
3847,Uttar Pradesh,Varanasi,Rice,Kharif,2022,66.79,1733.45,19.47,75.58,75.61,66.19,138.72,6.47,Canal,115.1,57.2,4.52,301.89,2129.29,642811.36
3848,Uttar Pradesh,Lucknow,Potato,Kharif,2018,77.03,1458.91,20.32,77.19,49.22,16.72,58.58,6.96,Sprinkler,104.17,72.85,6.73,518.41,1813.3,940032.85
3849,Punjab,Patiala,Potato,Rabi,2018,96.85,868.16,32.57,55.5,53.87,61.33,144.45,6.37,Drip,66.34,28.99,6.29,609.19,1543.09,940035.0
3850,Telangana,Hyderabad,Millet,Zaid,2018,75.63,1622.33,23.18,43.4,131.28,73.73,117.81,5.02,Drip,70.15,8.12,2.74,207.23,3271.01,677851.4
3851,Uttar Pradesh,Varanasi,Millet,Rabi,2023,28.31,489.81,37.73,88.5,127.39,37.44,117.56,5.0,Canal,243.64,15.34,3.16,89.46,3550.19,317600.0
3852,Maharashtra,Nagpur,Groundnut,Zaid,2021,86.75,1423.06,26.68,84.34,58.04,83.09,82.6,7.2,Sprinkler,125.12,51.79,2.61,226.42,5588.94,1265447.79
3853,Karnataka,Belgaum,Rice,Kharif,2023,37.22,534.25,29.62,42.55,91.86,37.68,46.75,8.35,Drip,29.45,22.88,4.31,160.42,2724.12,437003.33
3854,Telangana,Nalgonda,Potato,Zaid,2019,49.09,1636.21,22.39,51.29,104.0,89.37,137.92,8.25,Drip,90.51,7.25,7.83,384.37,1744.5,670533.46
3855,Uttar Pradesh,Agra,Onion,Rabi,2022,95.26,1404.58,20.6,67.29,92.77,68.13,38.89,7.9,Canal,180.44,44.81,5.62,535.36,2232.96,1195437.47
3856,Telangana,Karimnagar,Onion,Kharif,2021,26.48,1262.17,21.4,63.35,75.38,58.29,38.56,5.23,Drip,84.11,35.31,5.85,154.91,2436.91,377501.73
3857,Kerala,Kannur,Millet,Zaid,2021,87.14,1466.83,36.58,80.73,39.73,34.0,81.84,5.05,Sprinkler,33.33,68.22,2.31,201.29,3373.25,679001.49
3858,Maharashtra,Kolhapur,Rice,Zaid,2022,44.28,1649.42,20.25,94.68,127.3,84.81,139.3,5.86,Rainfed,245.62,55.78,4.58,202.8,2419.32,490638.1
3859,Tamil Nadu,Coimbatore,Potato,Kharif,2025,86.6,537.19,21.9,55.34,87.55,95.42,135.45,6.13,Sprinkler,99.5,19.77,6.53,565.5,2135.08,1207387.74
3860,Punjab,Bathinda,Sugarcane,Kharif,2018,36.79,1639.62,37.92,43.73,28.95,13.8,141.59,8.04,Drip,218.23,72.35,10.11,371.95,3704.02,1377710.24
3861,Andhra Pradesh,Nellore,Potato,Zaid,2022,78.36,1197.58,21.17,70.9,106.49,81.15,26.54,7.2,Rainfed,82.73,53.7,5.65,442.73,1562.13,691601.81
3862,West Bengal,Kolkata,Millet,Rabi,2022,82.97,383.32,21.68,71.99,132.8,21.08,143.22,7.72,Canal,160.84,46.68,2.3,190.83,3347.04,638715.64
3863,Kerala,Palakkad,Tomato,Rabi,2022,26.4,1585.47,18.83,49.85,34.6,78.67,96.83,7.54,Canal,163.88,30.47,6.93,182.95,2395.61,438276.85
3864,Karnataka,Mysore,Millet,Kharif,2019,88.44,1126.7,18.92,85.4,119.32,29.17,126.57,5.33,Borewell,150.49,49.45,2.38,210.49,2913.14,613186.84
3865,Maharashtra,Pune,Groundnut,Kharif,2024,97.34,1359.59,20.32,94.06,30.7,23.68,55.78,5.91,Borewell,109.93,8.5,2.61,254.06,5516.86,1401613.45
3866,West Bengal,Murshidabad,Tomato,Zaid,2023,95.74,1371.14,26.35,80.56,106.79,87.14,128.78,7.33,Sprinkler,130.24,16.43,6.65,636.67,2339.71,1489623.17
3867,Tamil Nadu,Trichy,Cotton,Rabi,2021,3.31,676.73,23.01,51.68,76.2,23.17,24.93,7.65,Drip,95.61,10.67,3.03,10.03,7734.88,77580.85
3868,West Bengal,Nadia,Onion,Zaid,2022,95.28,490.26,29.49,43.17,24.71,74.67,76.86,8.34,Borewell,206.22,71.47,5.4,514.51,2536.21,1304905.41
3869,Maharashtra,Pune,Cotton,Rabi,2024,95.11,485.0,22.39,75.37,45.34,79.57,100.91,7.28,Drip,103.42,48.54,2.72,258.7,6953.82,1798953.23
3870,Uttar Pradesh,Kanpur,Onion,Kharif,2022,45.33,1653.31,32.56,74.2,51.7,61.99,14.39,8.12,Canal,66.34,56.68,5.17,234.36,2558.55,599621.78
3871,Karnataka,Mandya,Maize,Kharif,2018,5.95,1131.84,33.68,89.03,121.78,69.12,101.94,7.03,Rainfed,127.44,48.61,4.39,26.12,2067.58,54005.19
3872,West Bengal,Murshidabad,Potato,Rabi,2022,91.5,1761.58,23.33,80.05,107.94,87.61,15.25,7.02,Rainfed,134.85,66.24,6.0,549.0,1537.88,844296.12
3873,Maharashtra,Pune,Rice,Zaid,2019,67.12,1027.37,27.3,85.24,89.58,77.32,47.1,5.86,Rainfed,122.59,72.06,4.05,271.84,2705.32,735414.19
3874,West Bengal,Nadia,Tomato,Zaid,2024,95.84,1610.57,29.86,71.2,21.81,53.09,131.81,5.69,Canal,42.55,37.74,6.02,576.96,2148.61,1239662.03
3875,Punjab,Patiala,Onion,Zaid,2025,74.79,323.48,29.01,48.69,139.21,40.44,49.11,7.0,Rainfed,94.21,73.07,3.82,285.7,2283.06,652270.24
3876,Maharashtra,Satara,Sugarcane,Rabi,2025,97.87,300.49,36.89,51.33,99.53,52.81,56.85,8.21,Borewell,202.47,9.17,8.02,784.92,3277.21,2572347.67
3877,Andhra Pradesh,Krishna,Potato,Rabi,2025,66.87,1125.56,21.85,43.31,133.82,22.2,26.92,5.95,Canal,64.58,50.87,5.66,378.48,1764.24,667729.56
3878,West Bengal,Kolkata,Millet,Zaid,2021,81.68,1423.38,30.72,69.47,38.44,92.77,47.88,5.92,Canal,211.06,27.58,2.79,227.89,3128.22,712890.06
3879,Tamil Nadu,Coimbatore,Tomato,Rabi,2022,93.0,1249.95,31.28,70.55,81.04,11.17,45.45,8.1,Borewell,234.14,43.58,6.58,611.94,2409.2,1474285.85
3880,Andhra Pradesh,Nellore,Maize,Rabi,2021,30.07,1014.51,19.29,87.5,129.78,17.07,56.27,7.37,Rainfed,81.24,71.85,3.55,106.75,2072.84,221275.67
3881,Telangana,Warangal,Onion,Rabi,2025,63.58,849.63,32.5,40.64,119.9,66.9,96.14,5.8,Borewell,226.87,16.49,5.66,359.86,2185.82,786589.19
3882,Maharashtra,Satara,Maize,Zaid,2023,82.85,1387.54,23.4,73.46,96.32,74.23,91.41,7.93,Drip,152.36,79.54,5.68,470.59,1641.01,772242.9
3883,Karnataka,Hassan,Millet,Zaid,2023,17.22,933.91,34.38,88.0,131.82,28.83,141.17,6.95,Canal,233.76,60.59,2.74,47.18,3013.11,142158.53
3884,West Bengal,Kolkata,Wheat,Kharif,2025,14.98,502.42,22.39,69.27,134.14,29.67,126.71,7.87,Drip,65.98,64.58,4.1,61.42,2329.62,143085.26
3885,Andhra Pradesh,Kurnool,Potato,Rabi,2022,20.22,1284.88,22.68,44.73,40.91,92.34,50.28,5.69,Drip,150.97,33.43,7.05,142.55,1880.7,268093.79
3886,Maharashtra,Pune,Rice,Zaid,2022,64.34,1167.25,35.42,61.45,54.37,82.82,128.11,7.83,Sprinkler,36.39,40.49,4.5,289.53,2319.19,671475.08
3887,Karnataka,Mandya,Groundnut,Zaid,2024,4.97,714.33,29.81,68.22,84.8,44.09,138.96,6.31,Drip,243.74,50.14,3.08,15.31,6193.72,94825.85
3888,Punjab,Bathinda,Tomato,Kharif,2025,46.5,1720.29,35.97,76.7,58.17,31.83,61.17,8.1,Rainfed,75.74,19.2,5.41,251.56,2718.6,683891.02
3889,Telangana,Nalgonda,Sugarcane,Rabi,2018,5.52,476.8,19.49,86.38,97.25,15.1,31.93,6.79,Borewell,51.32,5.16,6.78,37.43,4027.2,150738.1
3890,Uttar Pradesh,Kanpur,Cotton,Zaid,2024,77.27,1633.38,30.72,67.34,126.68,14.85,90.1,6.76,Canal,179.85,59.61,3.63,280.49,5585.85,1566775.07
3891,Tamil Nadu,Thanjavur,Tomato,Zaid,2022,6.19,744.82,35.69,72.28,120.32,99.16,113.88,5.21,Rainfed,177.08,9.37,5.34,33.05,2726.99,90127.02
3892,Kerala,Palakkad,Groundnut,Kharif,2020,74.8,1487.78,34.69,63.88,64.06,86.35,96.52,6.25,Borewell,241.87,53.85,3.06,228.89,5744.44,1314844.87
3893,Andhra Pradesh,Kurnool,Onion,Zaid,2023,69.94,1056.66,37.5,51.49,30.97,17.4,24.61,5.91,Canal,120.28,45.31,5.19,362.99,2554.03,927087.35
3894,Andhra Pradesh,Chittoor,Sugarcane,Kharif,2024,45.75,1652.8,26.81,74.87,95.29,15.48,89.86,6.83,Canal,174.7,4.91,9.24,422.73,3563.25,1506292.67
3895,Karnataka,Mysore,Maize,Rabi,2025,66.94,1577.77,33.5,91.77,63.51,58.13,92.78,7.51,Drip,213.9,68.24,5.84,390.93,2019.7,789561.32
3896,Andhra Pradesh,Krishna,Millet,Zaid,2021,46.88,507.44,23.35,74.92,139.67,21.28,18.18,7.14,Borewell,236.33,24.9,2.42,113.45,3189.66,361866.93
3897,Tamil Nadu,Madurai,Groundnut,Zaid,2023,84.63,1627.43,34.66,42.31,33.27,61.48,109.88,6.18,Drip,110.89,27.38,3.03,256.43,5669.01,1453704.23
3898,Kerala,Kochi,Potato,Zaid,2025,99.17,1534.11,35.53,93.62,22.34,88.18,39.88,6.24,Canal,170.61,26.24,6.97,691.21,1762.74,1218423.52
3899,Punjab,Amritsar,Maize,Rabi,2021,85.96,671.87,25.79,90.23,111.0,52.1,25.0,5.98,Drip,41.37,67.22,5.01,430.66,1822.81,785011.35
3900,Tamil Nadu,Madurai,Millet,Kharif,2019,20.39,445.46,37.58,58.89,104.42,93.08,33.08,8.45,Drip,170.1,42.91,2.43,49.55,3137.57,155466.59
3901,Telangana,Karimnagar,Sugarcane,Rabi,2022,58.03,1218.53,37.28,64.23,110.41,76.79,100.61,6.65,Rainfed,147.46,28.94,7.27,421.88,3259.2,1374991.3
3902,Tamil Nadu,Coimbatore,Cotton,Kharif,2021,70.01,1562.65,26.9,78.11,47.14,42.62,79.46,5.09,Drip,50.72,12.17,3.38,236.63,7561.54,1789287.21
3903,Kerala,Thrissur,Wheat,Zaid,2022,32.08,596.69,35.76,55.74,81.5,29.48,131.91,5.86,Borewell,108.13,53.48,3.88,124.47,2067.55,257347.95
3904,Tamil Nadu,Thanjavur,Tomato,Zaid,2024,54.32,1785.25,30.38,42.18,87.95,33.31,92.81,7.86,Rainfed,36.9,59.4,5.55,301.48,2819.29,849959.55
3905,Andhra Pradesh,Kurnool,Tomato,Zaid,2018,6.26,1447.22,29.97,93.84,58.41,87.75,135.4,5.62,Sprinkler,65.09,63.43,6.24,39.06,2977.91,116317.16
3906,Tamil Nadu,Salem,Tomato,Zaid,2018,66.52,759.48,34.98,59.98,118.31,59.42,32.88,6.15,Drip,180.7,57.37,6.76,449.68,2361.9,1062099.19
3907,Maharashtra,Nagpur,Groundnut,Rabi,2020,47.96,619.71,33.76,68.39,90.95,79.49,10.54,5.4,Borewell,158.04,53.44,2.26,108.39,5568.03,603518.77
3908,Kerala,Kochi,Millet,Zaid,2023,14.39,1353.53,19.64,58.64,47.78,14.49,18.04,5.9,Rainfed,59.81,28.86,2.02,29.07,3016.71,87695.76
3909,Karnataka,Mandya,Cotton,Rabi,2023,97.93,948.48,37.73,70.65,95.78,53.77,33.07,6.61,Rainfed,216.84,66.91,2.78,272.25,7319.94,1992853.66
3910,Karnataka,Mysore,Potato,Rabi,2021,34.0,1406.67,27.34,58.29,34.7,77.52,32.56,6.07,Rainfed,155.66,62.65,5.79,196.86,1879.89,370075.15
3911,Maharashtra,Nashik,Wheat,Zaid,2022,49.56,893.18,25.3,62.73,120.24,50.79,62.54,7.18,Rainfed,215.87,35.27,3.49,172.96,2490.4,430739.58
3912,Haryana,Karnal,Groundnut,Zaid,2024,86.68,1360.43,20.25,73.53,95.62,61.85,85.07,6.89,Drip,109.58,64.19,3.32,287.78,6358.14,1829745.53
3913,West Bengal,Murshidabad,Tomato,Zaid,2023,26.09,438.0,19.41,59.24,75.52,87.4,76.66,6.68,Borewell,71.14,46.3,4.88,127.32,2474.06,314997.32
3914,Telangana,Hyderabad,Rice,Zaid,2021,23.32,341.92,37.78,55.48,41.02,94.77,149.65,5.86,Rainfed,85.24,9.89,3.54,82.55,2558.08,211169.5
3915,Uttar Pradesh,Meerut,Sugarcane,Kharif,2023,28.55,496.27,25.45,76.86,105.8,62.18,78.11,5.45,Canal,219.75,16.46,8.79,250.95,3285.82,824576.53
3916,Punjab,Patiala,Wheat,Kharif,2023,83.82,1478.43,35.59,89.34,89.77,57.69,62.33,5.15,Drip,130.22,55.51,4.65,389.76,2235.28,871222.73
3917,Andhra Pradesh,Krishna,Onion,Kharif,2025,67.15,1359.94,35.23,46.46,25.56,99.38,105.49,8.39,Rainfed,161.99,26.69,4.31,289.42,2128.59,616056.52
3918,Uttar Pradesh,Agra,Tomato,Rabi,2020,14.42,1398.51,22.19,87.99,100.26,50.08,124.32,6.72,Rainfed,240.74,50.07,5.57,80.32,2616.58,210163.71
3919,Andhra Pradesh,Chittoor,Potato,Rabi,2023,5.54,1748.51,31.17,43.41,126.47,84.78,61.46,7.61,Rainfed,152.84,78.22,6.23,34.51,1805.28,62300.21
3920,West Bengal,Burdwan,Sugarcane,Zaid,2022,31.69,1006.51,27.74,54.67,30.67,56.52,28.21,5.35,Rainfed,23.29,16.06,6.07,192.36,3313.43,637371.39
3921,Karnataka,Belgaum,Cotton,Kharif,2020,7.72,553.82,18.18,85.11,106.15,11.36,25.54,6.69,Sprinkler,192.47,27.6,3.51,27.1,7243.53,196299.66
3922,Karnataka,Hassan,Onion,Kharif,2018,75.36,1369.02,21.91,90.12,126.58,48.23,102.57,5.82,Borewell,68.42,76.74,5.37,404.68,2148.86,869600.66
3923,Tamil Nadu,Trichy,Wheat,Rabi,2018,7.16,443.95,26.53,45.59,80.5,40.23,31.74,7.03,Sprinkler,111.43,76.21,3.1,22.2,2481.84,55096.85
3924,Punjab,Jalandhar,Tomato,Zaid,2021,40.51,1024.23,30.38,52.53,58.09,54.07,127.13,5.78,Sprinkler,63.42,59.47,5.49,222.4,2726.0,606262.4
3925,West Bengal,Burdwan,Tomato,Kharif,2018,41.12,1465.1,27.37,58.85,84.66,93.81,18.57,6.27,Rainfed,154.09,5.14,5.26,216.29,2241.48,484809.71
3926,West Bengal,Nadia,Cotton,Rabi,2022,77.83,1765.92,22.91,94.81,91.02,28.81,43.39,6.82,Sprinkler,178.16,10.04,3.53,274.74,7445.35,2045535.46
3927,Haryana,Rohtak,Groundnut,Zaid,2024,31.12,1657.74,28.85,46.29,47.61,87.88,52.55,5.78,Borewell,140.8,10.38,2.74,85.27,5617.24,478982.05
3928,Karnataka,Hassan,Maize,Zaid,2021,82.29,1473.81,32.01,86.59,114.79,33.49,148.47,5.3,Rainfed,144.3,71.04,4.29,353.02,1801.13,635834.91
3929,Andhra Pradesh,Guntur,Millet,Zaid,2021,44.34,357.1,32.36,44.98,113.11,57.52,84.85,8.43,Borewell,176.55,65.62,2.82,125.04,3089.63,386327.34
3930,Haryana,Hisar,Wheat,Kharif,2023,53.42,796.59,25.04,54.13,114.14,82.3,24.53,6.73,Drip,56.09,42.28,4.15,221.69,2461.11,545603.48
3931,Telangana,Nalgonda,Rice,Zaid,2019,87.92,623.69,22.52,87.88,105.62,81.3,106.36,6.48,Borewell,66.61,74.89,4.05,356.08,2448.13,871730.13
3932,Uttar Pradesh,Lucknow,Millet,Zaid,2020,15.3,1552.65,22.48,57.86,35.69,99.66,113.44,8.36,Rainfed,29.29,13.65,1.74,26.62,3318.8,88346.46
3933,Kerala,Palakkad,Rice,Rabi,2018,12.89,713.35,36.23,74.93,29.96,48.89,109.38,5.99,Canal,63.76,50.58,3.99,51.43,2702.38,138983.4
3934,West Bengal,Hooghly,Maize,Rabi,2022,75.09,1058.38,33.66,77.19,81.57,46.49,57.92,7.08,Drip,241.42,51.22,6.03,452.79,2011.71,910882.17
3935,Tamil Nadu,Thanjavur,Maize,Zaid,2021,16.26,1361.55,25.63,51.88,135.17,94.31,111.28,5.67,Drip,71.48,63.24,5.3,86.18,1640.27,141358.47
3936,Tamil Nadu,Coimbatore,Groundnut,Rabi,2022,43.18,1053.13,29.46,45.01,139.85,94.48,149.05,7.45,Borewell,104.07,72.19,2.83,122.2,6743.2,824019.04
3937,Tamil Nadu,Salem,Millet,Rabi,2020,14.18,1024.28,22.1,89.42,59.1,95.79,54.51,6.12,Canal,194.91,61.26,2.22,31.48,2989.31,94103.48
3938,Telangana,Khammam,Tomato,Rabi,2021,27.65,476.93,18.19,91.48,127.96,31.02,138.38,7.76,Borewell,90.69,77.94,5.12,141.57,2621.78,371165.39
3939,Punjab,Ludhiana,Sugarcane,Rabi,2022,51.24,539.04,23.37,79.77,118.35,65.07,77.56,6.26,Borewell,74.51,79.12,7.33,375.59,3286.18,1234256.35
3940,West Bengal,Hooghly,Potato,Kharif,2023,22.07,1465.19,36.24,43.25,111.46,68.59,26.96,8.43,Drip,211.71,55.29,8.19,180.75,2006.52,362678.49
3941,West Bengal,Kolkata,Sugarcane,Zaid,2019,83.24,504.03,35.91,78.28,113.54,12.04,128.65,7.76,Drip,232.95,10.75,9.77,813.25,3749.42,3049215.81
3942,Uttar Pradesh,Varanasi,Groundnut,Zaid,2022,5.03,1744.18,19.84,49.77,80.04,88.66,135.57,8.46,Rainfed,98.83,51.12,2.19,11.02,6186.29,68172.92
3943,Maharashtra,Satara,Potato,Kharif,2021,2.53,311.53,23.72,80.01,110.89,70.87,28.14,5.85,Canal,232.08,21.79,7.47,18.9,2066.88,39064.03
3944,West Bengal,Kolkata,Potato,Kharif,2019,81.69,1358.13,34.96,51.16,30.91,24.37,78.31,6.4,Rainfed,195.84,44.66,5.48,447.66,2092.84,936880.75
3945,Punjab,Bathinda,Groundnut,Rabi,2024,7.63,454.36,31.31,67.66,36.93,77.51,122.24,6.27,Borewell,244.53,61.17,3.1,23.65,4945.48,116960.6
3946,Karnataka,Belgaum,Sugarcane,Rabi,2022,32.66,1661.43,37.01,84.03,57.4,98.05,33.15,5.2,Rainfed,36.33,48.58,6.31,206.08,3682.34,758856.63
3947,Tamil Nadu,Salem,Rice,Kharif,2022,5.52,507.31,31.75,70.9,61.75,15.74,113.51,8.09,Sprinkler,37.9,15.49,4.12,22.74,2744.99,62421.07
3948,Tamil Nadu,Madurai,Tomato,Zaid,2022,45.67,1030.78,37.93,85.49,33.02,91.39,85.9,6.08,Sprinkler,164.64,77.9,6.23,284.52,2655.53,755551.4
3949,Andhra Pradesh,Nellore,Tomato,Kharif,2024,31.86,1189.67,18.28,72.93,67.07,32.22,127.5,6.21,Drip,178.37,16.71,6.66,212.19,2683.7,569454.3
3950,Karnataka,Mysore,Millet,Rabi,2024,47.91,375.09,25.67,64.4,131.08,62.84,109.72,6.53,Sprinkler,100.52,76.1,1.88,90.07,3199.79,288205.09
3951,Maharashtra,Nashik,Cotton,Kharif,2019,50.83,478.12,18.1,,74.45,21.45,68.22,8.5,Borewell,181.44,71.76,3.21,163.16,6213.87,1013855.03
3952,Haryana,Ambala,Maize,Rabi,2018,16.8,483.71,20.45,52.3,62.42,21.17,101.46,7.51,Rainfed,80.11,73.97,3.77,63.34,2065.71,130842.07
3953,West Bengal,Murshidabad,Millet,Zaid,2024,42.35,1164.97,36.35,63.03,84.05,75.35,56.89,5.24,Drip,147.63,63.82,2.93,124.09,2941.99,365071.54
3954,Maharashtra,Pune,Millet,Kharif,2020,47.61,988.09,25.55,87.21,88.16,51.85,118.57,6.89,Borewell,218.53,35.66,2.19,104.27,3242.71,338117.37
3955,Haryana,Rohtak,Rice,Zaid,2023,61.45,790.66,26.58,54.45,59.58,88.28,18.81,5.71,Canal,30.71,37.4,4.38,269.15,2312.82,622495.5
3956,Maharashtra,Kolhapur,Onion,Kharif,2019,7.49,1532.94,19.98,66.32,123.57,24.95,24.04,6.35,Borewell,80.49,9.69,5.33,39.92,2523.13,100723.35
3957,West Bengal,Nadia,Millet,Kharif,2021,56.08,1460.65,32.63,75.24,21.0,55.43,83.36,5.84,Sprinkler,199.73,35.89,2.69,150.86,3534.95,533282.56
3958,Andhra Pradesh,Guntur,Rice,Rabi,2024,78.87,944.91,31.15,79.78,50.88,74.47,34.17,7.68,Drip,110.94,18.6,5.13,404.6,2267.57,917458.82
3959,Uttar Pradesh,Agra,Millet,Kharif,2025,14.23,1053.07,28.75,41.88,73.43,36.29,54.43,8.26,Canal,76.76,3.41,2.73,38.85,3354.82,130334.76
3960,Tamil Nadu,Madurai,Wheat,Rabi,2019,48.2,486.66,24.64,61.6,79.2,77.8,67.32,8.03,Drip,171.48,14.89,4.5,216.9,2523.95,547444.76
3961,Haryana,Hisar,Cotton,Kharif,2025,23.06,1287.14,37.02,76.76,120.93,74.38,94.87,6.25,Sprinkler,190.4,34.66,3.39,78.17,5585.28,436601.34
3962,Maharashtra,Pune,Millet,Rabi,2020,71.73,934.25,35.82,49.99,83.26,38.25,80.06,7.51,Borewell,67.19,8.43,2.7,193.67,2568.65,497470.45
3963,Andhra Pradesh,Guntur,Millet,Kharif,2025,15.18,738.44,32.53,75.98,127.06,59.71,19.66,5.22,Canal,224.11,62.72,2.44,37.04,3218.63,119218.06
3964,West Bengal,Burdwan,Tomato,Kharif,2022,71.14,1224.31,31.82,46.27,56.48,73.13,29.86,7.33,Borewell,178.03,42.78,6.12,435.38,2811.14,1223914.13
3965,Punjab,Bathinda,Sugarcane,Zaid,2021,13.66,834.13,25.85,94.39,30.14,37.31,23.92,6.19,Drip,204.91,9.34,8.82,120.48,3875.51,466921.44
3966,Punjab,Jalandhar,Rice,Zaid,2025,21.83,667.71,29.86,58.74,111.03,48.7,138.83,8.41,Borewell,35.79,73.63,3.7,80.77,2791.62,225479.15
3967,Tamil Nadu,Thanjavur,Sugarcane,Rabi,2023,82.34,933.08,26.68,70.23,55.03,26.3,74.49,6.86,Borewell,87.83,17.78,7.94,653.78,3777.86,2469889.31
3968,Karnataka,Mandya,Millet,Rabi,2024,24.33,794.23,33.52,48.79,111.67,24.33,69.19,5.48,Borewell,196.78,24.18,2.42,58.88,3348.9,197183.23
3969,Karnataka,Hassan,Sugarcane,Rabi,2025,41.28,1627.19,18.13,46.18,137.92,90.58,71.82,8.36,Rainfed,42.78,3.96,6.55,270.38,3030.85,819481.22
3970,Kerala,Kannur,Tomato,Zaid,2024,44.51,954.04,25.81,68.59,31.19,51.12,110.85,7.87,Sprinkler,145.64,42.03,6.21,276.41,2289.02,632708.02
3971,Maharashtra,Satara,Rice,Kharif,2022,46.25,1079.64,18.7,89.74,129.8,20.63,31.21,5.79,Sprinkler,180.5,70.09,5.13,237.26,2049.95,486371.14
3972,Punjab,Patiala,Sugarcane,Zaid,2020,51.81,964.05,19.48,43.42,68.89,24.54,46.87,8.41,Borewell,31.44,5.27,6.61,342.46,3451.55,1182017.81
3973,Uttar Pradesh,Lucknow,Cotton,Rabi,2025,95.48,517.71,19.42,83.57,45.59,73.56,89.03,8.22,Drip,66.21,9.47,3.41,325.59,7387.96,2405445.9
3974,Kerala,Kochi,Millet,Zaid,2024,66.03,552.18,35.31,64.45,67.69,40.6,64.9,7.31,Borewell,239.71,14.95,2.45,161.77,3201.24,517864.59
3975,Uttar Pradesh,Meerut,Rice,Rabi,2024,73.22,1390.72,19.18,93.55,134.52,98.13,59.98,6.9,Drip,203.12,12.41,5.64,412.96,2651.71,1095050.16
3976,Punjab,Amritsar,Groundnut,Rabi,2018,7.5,429.52,35.81,93.85,81.48,33.83,75.8,6.03,Sprinkler,188.79,47.22,2.77,20.77,6195.84,128687.6
3977,Karnataka,Bangalore,Millet,Zaid,2020,86.59,1756.11,32.05,53.92,109.65,36.58,32.25,7.19,Sprinkler,228.44,10.16,2.84,245.92,3268.96,803902.64
3978,Telangana,Nalgonda,Sugarcane,Kharif,2019,13.99,1171.86,21.18,79.61,30.39,88.14,27.97,6.53,Drip,154.97,54.21,9.17,128.29,3857.5,494878.67
3979,Tamil Nadu,Madurai,Tomato,Rabi,2024,32.49,605.08,24.87,51.82,122.94,84.75,101.06,5.22,Rainfed,163.53,44.33,5.25,170.57,2349.65,400779.8
3980,Andhra Pradesh,Krishna,Potato,Rabi,2021,2.98,1561.97,23.49,76.63,74.63,93.0,90.45,5.92,Borewell,41.34,8.12,6.44,19.19,2019.59,38755.93
3981,Maharashtra,Kolhapur,Maize,Zaid,2023,48.87,392.43,35.03,82.29,106.42,56.71,111.7,6.69,Drip,162.64,22.37,5.16,252.17,1895.8,478063.89
3982,West Bengal,Hooghly,Onion,Rabi,2025,20.68,1161.99,22.12,54.33,82.48,25.78,106.88,8.18,Borewell,135.58,43.13,5.25,108.57,2589.45,281136.59
3983,Kerala,Kollam,Wheat,Rabi,2019,88.15,1622.04,29.34,57.53,79.92,82.22,139.33,6.17,Sprinkler,44.88,10.11,4.35,383.45,2251.27,863249.48
3984,West Bengal,Kolkata,Tomato,Rabi,2018,17.3,324.13,21.93,93.71,131.08,84.47,68.93,6.13,Borewell,197.99,26.33,6.34,109.68,2668.05,292631.72
3985,Tamil Nadu,Thanjavur,Sugarcane,Rabi,2024,65.6,1358.54,37.22,55.74,56.06,65.57,90.15,5.62,Canal,236.03,39.53,9.48,621.89,3931.46,2444935.66
3986,West Bengal,Murshidabad,Onion,Rabi,2025,43.78,1422.87,29.01,61.12,90.91,75.27,35.26,6.53,Canal,24.4,65.65,5.0,218.9,1944.78,425712.34
3987,Haryana,Panipat,Maize,Zaid,2023,87.83,1064.38,25.16,47.95,47.31,40.38,51.0,7.7,Rainfed,70.95,73.32,4.3,377.67,1687.07,637155.73
3988,Punjab,Ludhiana,Wheat,Rabi,2018,92.09,1629.53,29.21,92.47,88.25,34.21,26.37,8.02,Sprinkler,190.63,79.19,4.25,391.38,1942.13,760110.84
3989,Uttar Pradesh,Kanpur,Sugarcane,Zaid,2019,50.73,1456.83,35.96,80.1,74.26,42.02,81.09,7.27,Rainfed,95.78,10.93,7.15,362.72,3722.13,1350090.99
3990,Kerala,Kollam,Wheat,Kharif,2022,37.4,1053.85,22.86,41.39,123.33,24.18,93.07,7.52,Sprinkler,43.98,16.77,3.78,141.37,2469.28,349082.11
3991,Maharashtra,Satara,Groundnut,Kharif,2018,64.88,1177.32,34.14,47.76,52.51,31.6,79.82,7.65,Canal,47.38,58.3,2.41,156.36,5627.31,879886.19
3992,Tamil Nadu,Trichy,Rice,Kharif,2021,91.92,1144.66,32.91,63.07,116.15,32.78,67.81,7.55,Borewell,118.16,62.09,4.44,408.12,2376.0,969693.12
3993,Uttar Pradesh,Varanasi,Sugarcane,Rabi,2024,30.18,445.13,33.17,70.37,46.72,33.02,14.66,5.36,Borewell,44.43,45.25,6.8,205.22,3015.12,618762.93
3994,West Bengal,Nadia,Rice,Zaid,2024,56.31,1192.17,34.14,43.92,77.59,82.47,27.91,5.74,Canal,80.3,67.26,4.41,248.33,2215.73,550232.23
3995,Punjab,Amritsar,Tomato,Rabi,2025,27.55,1583.7,19.59,50.25,125.21,81.59,85.86,6.54,Sprinkler,241.04,11.38,7.09,195.33,2147.54,419478.99
3996,Kerala,Palakkad,Tomato,Zaid,2020,49.15,781.63,28.85,84.42,54.34,47.0,87.08,6.93,Canal,55.17,8.64,5.65,277.7,2272.49,631070.47
3997,Andhra Pradesh,Kurnool,Potato,Zaid,2022,90.76,1100.25,31.72,41.95,99.65,47.16,63.87,6.9,Canal,221.17,35.69,7.65,694.31,1955.97,1358049.53
3998,Andhra Pradesh,Chittoor,Maize,Zaid,2023,84.34,406.03,23.59,82.6,71.21,33.55,124.34,7.63,Borewell,231.58,46.58,5.11,430.98,2175.43,937566.82
3999,Maharashtra,Satara,Sugarcane,Kharif,2021,2.49,729.57,35.32,82.4,52.75,81.97,35.86,5.39,Sprinkler,42.83,64.53,6.93,17.26,3712.56,64078.79
4000,Kerala,Palakkad,Cotton,Rabi,2018,3.04,304.27,24.54,70.99,130.31,80.62,33.3,7.13,Sprinkler,101.38,25.26,2.87,8.72,5838.1,50908.23
4001,Tamil Nadu,Thanjavur,Potato,Kharif,2023,34.57,1763.54,20.89,65.82,49.67,73.28,21.21,7.1,Rainfed,119.56,25.32,5.61,193.94,2043.09,396236.87
4002,Tamil Nadu,Salem,Sugarcane,Zaid,2024,34.04,1359.56,35.88,92.7,93.96,64.16,124.84,6.94,Borewell,172.6,4.84,8.88,302.28,3656.71,1105350.3
4003,Andhra Pradesh,Krishna,Maize,Zaid,2021,79.12,727.36,32.3,40.62,63.32,72.18,115.78,7.2,Rainfed,198.39,38.2,3.68,291.16,1981.43,576913.16
4004,Kerala,Palakkad,Onion,Zaid,2022,92.28,1233.85,20.68,78.56,89.51,57.79,61.46,7.69,Rainfed,174.26,45.53,4.98,459.55,2630.76,1208965.76
4005,Kerala,Kannur,Wheat,Rabi,2022,18.45,814.74,32.47,47.07,55.84,87.11,95.56,7.84,Borewell,145.94,50.77,4.03,74.35,2282.36,169693.47
4006,Uttar Pradesh,Meerut,Potato,Zaid,2021,55.57,1477.56,26.14,43.78,79.13,39.07,60.51,6.77,Drip,90.34,22.7,7.24,402.33,2045.65,823026.36
4007,Uttar Pradesh,Lucknow,Tomato,Zaid,2019,30.33,1081.27,35.36,70.66,104.16,24.94,118.77,8.28,Borewell,196.14,45.65,6.15,186.53,2833.27,528489.85
4008,Haryana,Hisar,Groundnut,Kharif,2024,34.7,377.91,27.7,67.28,110.67,10.18,69.53,8.16,Borewell,180.68,74.2,2.65,91.95,5638.0,518414.1
4009,Karnataka,Belgaum,Potato,Zaid,2020,61.06,1170.01,26.7,78.99,49.33,83.6,23.59,7.35,Rainfed,238.83,27.37,6.35,387.73,1822.79,706750.37
4010,Uttar Pradesh,Meerut,Cotton,Rabi,2022,84.18,1340.26,33.94,61.14,84.64,45.52,27.33,6.17,Rainfed,26.52,12.94,2.46,207.08,7244.68,1500228.33
4011,Punjab,Amritsar,Millet,Zaid,2022,87.58,331.45,19.07,91.21,20.96,30.35,149.09,5.25,Sprinkler,199.16,68.04,2.25,197.06,3473.83,684552.94
4012,Telangana,Warangal,Groundnut,Kharif,2025,53.75,1788.27,29.6,70.77,94.6,45.78,120.63,6.17,Drip,157.27,13.87,3.41,183.29,6714.11,1230629.22
4013,Kerala,Thrissur,Maize,Zaid,2020,30.24,1397.72,34.9,51.3,32.76,52.52,140.09,5.26,Drip,126.57,52.72,5.64,170.55,1877.92,320279.26
4014,Haryana,Ambala,Sugarcane,Zaid,2019,43.51,1342.58,27.05,61.35,123.45,78.86,10.62,5.35,Borewell,54.35,11.2,8.15,354.61,3069.82,1088588.87
4015,Andhra Pradesh,Kurnool,Tomato,Rabi,2021,71.47,521.45,27.28,57.93,95.85,96.73,102.14,6.24,Drip,242.49,35.09,7.08,506.01,2229.47,1128134.11
4016,Andhra Pradesh,Kurnool,Millet,Rabi,2020,38.68,1318.46,37.59,53.11,22.1,43.5,21.11,6.29,Rainfed,63.57,20.28,1.75,67.69,3227.7,218483.01
4017,Tamil Nadu,Thanjavur,Maize,Rabi,2023,47.16,1709.61,36.98,81.24,33.77,61.35,21.66,5.09,Canal,117.93,54.23,5.09,240.04,1692.38,406238.9
4018,Haryana,Karnal,Sugarcane,Zaid,2019,33.79,961.6,24.66,61.43,65.08,78.46,29.59,8.0,Drip,23.91,23.7,7.96,268.97,3374.07,907523.61
4019,Kerala,Kochi,Maize,Rabi,2020,46.87,582.45,24.35,91.94,77.22,47.66,140.93,7.65,Rainfed,228.73,66.84,4.62,216.54,1867.89,404472.9
4020,Punjab,Patiala,Sugarcane,Kharif,2024,63.73,1488.25,22.93,60.94,27.03,58.37,30.28,7.01,Canal,214.47,75.25,9.35,595.88,3531.06,2104088.03
4021,Karnataka,Hassan,Maize,Zaid,2020,41.88,830.22,27.86,94.75,94.36,69.13,31.58,7.82,Rainfed,211.9,65.01,4.5,188.46,1907.53,359493.1
4022,Haryana,Panipat,Groundnut,Kharif,2022,8.87,868.32,31.97,57.86,76.22,43.02,39.41,6.52,Rainfed,169.18,37.7,1.9,16.85,5480.82,92351.82
4023,Karnataka,Mysore,Onion,Kharif,2022,7.63,921.39,19.27,46.52,55.92,16.61,73.68,5.71,Borewell,243.21,66.89,5.43,41.43,2000.56,82883.2
4024,West Bengal,Nadia,Wheat,Kharif,2022,86.18,1287.08,37.73,93.2,45.78,78.99,91.75,7.62,Drip,20.38,36.43,4.02,346.44,2248.8,779074.27
4025,Karnataka,Mysore,Sugarcane,Zaid,2019,13.18,1277.5,24.46,57.76,134.8,28.14,64.96,7.82,Borewell,220.32,67.72,9.22,121.52,3463.11,420837.13
4026,Maharashtra,Kolhapur,Onion,Zaid,2024,24.2,460.61,35.43,77.42,63.15,16.24,113.6,6.46,Borewell,121.93,42.03,4.36,105.51,2195.06,231600.78
4027,Karnataka,Hassan,Onion,Kharif,2023,51.37,1066.8,37.13,65.95,107.39,55.67,30.15,7.14,Drip,26.74,50.95,4.9,251.71,2091.18,526370.92
4028,Punjab,Amritsar,Groundnut,Kharif,2025,93.93,694.44,34.52,66.68,55.97,33.72,94.62,6.84,Canal,145.4,41.34,2.3,216.04,6545.83,1414161.11
4029,Uttar Pradesh,Kanpur,Maize,Rabi,2018,83.95,923.35,27.68,77.98,63.23,90.58,136.73,7.39,Sprinkler,193.93,20.72,5.19,435.7,1644.14,716351.8
4030,Tamil Nadu,Trichy,Tomato,Zaid,2023,48.1,1587.8,24.88,91.39,73.51,73.89,31.26,7.63,Canal,191.08,6.5,6.73,323.71,2858.07,925185.84
4031,Uttar Pradesh,Agra,Tomato,Rabi,2024,85.89,1591.34,30.31,56.05,133.94,15.02,111.4,5.36,Canal,237.77,31.48,8.0,687.12,2172.13,1492513.97
4032,Punjab,Amritsar,Sugarcane,Rabi,2020,55.19,898.73,30.87,79.12,32.57,49.52,87.31,5.09,Sprinkler,130.05,25.66,8.15,449.8,3577.87,1609325.93
4033,Maharashtra,Nagpur,Tomato,Rabi,2018,31.22,1019.54,30.53,89.25,84.72,87.42,115.66,6.52,Sprinkler,52.05,78.33,5.68,177.33,2487.42,441094.19
4034,Telangana,Warangal,Rice,Rabi,2022,99.21,1047.73,24.26,68.29,76.06,56.52,16.71,6.66,Sprinkler,62.68,61.75,4.45,441.48,2207.73,974668.64
4035,Tamil Nadu,Trichy,Sugarcane,Rabi,2023,80.69,797.33,23.19,70.19,40.95,22.52,149.95,6.21,Sprinkler,216.92,70.68,8.84,713.3,3551.3,2533142.29
4036,Karnataka,Bangalore,Wheat,Rabi,2019,53.97,1415.84,31.72,55.09,100.51,55.87,62.59,6.06,Borewell,93.73,70.63,4.4,237.47,2108.86,500790.98
4037,West Bengal,Murshidabad,Millet,Zaid,2023,93.2,1580.1,25.32,56.35,78.79,63.4,93.48,6.87,Borewell,29.3,41.44,2.53,235.8,2623.14,618536.41
4038,Tamil Nadu,Trichy,Maize,Rabi,2019,83.55,1083.97,36.2,46.46,38.09,51.01,121.91,8.0,Canal,31.25,34.64,4.52,377.65,1678.13,633745.79
4039,Andhra Pradesh,Chittoor,Wheat,Zaid,2024,64.01,1297.1,31.89,66.74,123.45,43.67,106.35,7.3,Canal,243.0,26.16,5.27,337.33,2367.87,798753.59
4040,Maharashtra,Satara,Wheat,Kharif,2020,82.68,605.19,31.26,41.29,54.36,42.89,90.77,6.28,Rainfed,212.53,14.76,3.8,314.18,2179.66,684805.58
4041,Andhra Pradesh,Chittoor,Potato,Kharif,2018,50.69,326.95,28.59,45.62,40.33,78.49,63.84,7.82,Canal,32.27,43.38,5.56,281.84,1720.36,484866.26
4042,West Bengal,Nadia,Onion,Rabi,2020,31.81,1185.33,21.03,66.1,29.99,43.75,135.66,8.07,Sprinkler,154.04,9.5,5.58,177.5,2049.7,363821.75
4043,Karnataka,Bangalore,Rice,Rabi,2020,43.97,920.62,25.62,61.99,75.83,56.16,118.92,5.76,Drip,142.54,72.33,5.03,221.17,2325.18,514260.06
4044,Haryana,Rohtak,Millet,Kharif,2025,25.14,911.77,26.58,84.95,129.85,85.83,36.98,5.55,Drip,138.64,20.81,2.65,66.62,2815.73,187583.93
4045,West Bengal,Burdwan,Groundnut,Kharif,2024,2.78,592.17,24.62,51.02,75.61,79.04,89.9,6.63,Drip,190.67,32.11,2.82,7.84,6023.48,47224.08
4046,Haryana,Rohtak,Maize,Zaid,2023,96.94,1455.88,23.42,47.66,32.94,24.47,103.35,5.84,Drip,168.55,22.13,5.69,551.59,1729.0,953699.11
4047,Maharashtra,Kolhapur,Cotton,Kharif,2023,65.66,1122.45,22.65,77.29,128.18,81.75,31.19,7.14,Drip,30.23,35.37,2.66,174.66,7683.74,1342042.03
4048,Telangana,Karimnagar,Groundnut,Rabi,2019,31.6,312.39,24.82,41.36,56.24,24.04,59.34,7.69,Borewell,154.41,32.61,2.57,81.21,5167.26,419633.18
4049,Maharashtra,Kolhapur,Cotton,Kharif,2022,66.68,388.19,21.96,81.09,70.9,35.84,145.99,6.32,Borewell,175.21,28.85,3.23,215.38,5875.97,1265566.42
4050,Kerala,Kannur,Cotton,Kharif,2018,66.93,790.57,33.89,43.7,96.03,69.29,107.83,6.23,Sprinkler,39.71,11.89,2.91,194.77,5894.92,1148153.57
4051,Haryana,Panipat,Potato,Zaid,2020,21.9,1359.21,18.69,56.91,133.15,50.47,57.05,7.29,Sprinkler,215.71,44.3,7.44,162.94,1838.15,299508.16
4052,Punjab,Patiala,Groundnut,Kharif,2021,7.24,1559.73,25.26,63.33,71.23,86.5,19.72,7.42,Canal,58.21,68.34,2.5,18.1,6929.54,125424.67
4053,Maharashtra,Satara,Wheat,Kharif,2024,92.84,402.77,33.64,75.99,85.39,40.29,145.12,6.66,Drip,246.71,8.88,4.91,455.84,2024.51,922852.64
4054,Uttar Pradesh,Varanasi,Millet,Zaid,2022,57.46,1607.13,22.92,75.49,74.6,27.43,99.27,5.69,Drip,160.78,75.86,2.93,168.36,2889.59,486491.37
4055,Tamil Nadu,Madurai,Tomato,Rabi,2021,89.95,1665.7,29.07,56.16,93.25,29.15,142.95,5.96,Borewell,55.19,12.3,5.87,528.01,2653.02,1400821.09
4056,Punjab,Jalandhar,Sugarcane,Rabi,2022,72.76,459.69,29.6,66.13,75.66,17.11,140.41,5.91,Sprinkler,22.62,17.3,7.3,531.15,3095.5,1644174.82
4057,Telangana,Warangal,Cotton,Rabi,2023,50.82,1645.28,34.47,80.84,62.03,57.35,100.5,5.69,Canal,242.5,29.55,4.0,203.28,7614.81,1547938.58
4058,Telangana,Nalgonda,Sugarcane,Rabi,2018,61.31,595.19,22.59,72.91,26.69,92.74,77.87,6.78,Canal,245.22,21.74,8.8,539.53,3358.84,1812194.95
4059,Tamil Nadu,Salem,Sugarcane,Kharif,2020,25.04,1449.24,31.21,71.41,107.32,73.77,133.23,7.68,Drip,97.17,73.05,9.31,233.12,4171.96,972567.32
4060,Haryana,Rohtak,Millet,Kharif,2024,3.63,1410.18,27.03,89.66,135.71,14.16,96.19,7.21,Rainfed,181.29,4.95,2.67,9.69,3194.37,30953.45
4061,Maharashtra,Satara,Potato,Zaid,2023,1.38,1747.5,23.95,91.44,55.99,80.08,115.23,8.06,Sprinkler,109.9,46.9,7.23,9.98,1719.56,17161.21
4062,Karnataka,Belgaum,Wheat,Kharif,2023,94.29,,24.68,51.3,42.74,88.95,34.42,7.18,Sprinkler,199.39,28.96,4.47,421.48,1878.65,791813.4
4063,Uttar Pradesh,Agra,Groundnut,Zaid,2025,22.69,747.28,33.79,46.76,87.99,36.75,101.04,6.46,Canal,25.52,59.8,2.48,56.27,5138.66,289152.4
4064,Haryana,Rohtak,Rice,Zaid,2021,80.97,1570.14,26.62,41.16,125.82,13.56,118.64,5.25,Borewell,92.42,51.77,4.78,387.04,2622.09,1014853.71
4065,Maharashtra,Kolhapur,Cotton,Zaid,2021,3.08,816.42,33.46,42.49,87.11,62.94,33.74,5.26,Borewell,99.38,18.84,2.88,8.87,5537.79,49120.2
4066,Punjab,Jalandhar,Millet,Zaid,2025,91.06,1136.27,20.37,54.23,63.1,30.51,37.51,7.23,Rainfed,26.12,57.16,1.84,167.55,2767.8,463744.89
4067,Maharashtra,Kolhapur,Onion,Kharif,2023,99.34,710.48,21.15,50.03,64.73,45.27,79.91,8.25,Sprinkler,98.36,17.01,5.39,535.44,2026.93,1085299.4
4068,Kerala,Kollam,Wheat,Kharif,2021,12.87,695.06,18.68,56.35,125.57,90.78,14.83,7.59,Canal,241.16,70.39,4.84,62.29,2033.54,126669.21
4069,Karnataka,Mandya,Wheat,Zaid,2022,38.95,1252.6,25.32,59.93,50.22,46.38,139.54,7.64,Canal,123.22,60.08,4.64,180.73,2129.51,384866.34
4070,Punjab,Patiala,Groundnut,Zaid,2020,88.7,838.94,34.87,85.01,101.12,84.61,30.14,8.45,Drip,145.17,75.32,2.85,252.8,5063.85,1280141.28
4071,Maharashtra,Nagpur,Onion,Rabi,2025,30.77,400.64,22.89,91.16,25.54,81.27,67.96,8.21,Canal,240.16,45.19,5.69,175.08,2163.23,378738.31
4072,Uttar Pradesh,Kanpur,Groundnut,Kharif,2020,82.79,350.16,36.51,50.24,95.18,64.2,57.78,7.75,Borewell,176.92,52.08,2.55,211.11,5625.57,1187614.08
4073,Haryana,Ambala,Tomato,Zaid,2024,15.56,648.47,18.24,45.04,117.46,49.79,92.41,8.3,Rainfed,103.85,14.68,4.78,74.38,2380.45,177057.87
4074,Uttar Pradesh,Lucknow,Maize,Rabi,2023,85.93,1643.05,37.8,76.39,34.2,75.05,22.07,5.33,Drip,100.28,66.01,5.32,457.15,1865.62,852868.18
4075,Kerala,Thrissur,Sugarcane,Kharif,2018,56.8,1422.2,29.81,64.65,53.33,25.48,108.41,6.34,Drip,222.19,29.5,10.0,568.0,2981.23,1693338.64
4076,Uttar Pradesh,Kanpur,Sugarcane,Kharif,2021,82.33,1472.87,19.19,94.12,70.34,81.14,68.43,7.26,Drip,39.44,5.39,8.4,691.57,3673.13,2540226.51
4077,Haryana,Karnal,Groundnut,Kharif,2021,52.6,1216.31,32.97,42.33,70.41,66.95,116.67,5.12,Sprinkler,37.82,62.14,2.39,125.71,6615.4,831621.93
4078,Karnataka,Belgaum,Potato,Zaid,2022,47.97,966.2,19.96,52.31,30.25,99.63,53.89,8.32,Rainfed,97.94,79.44,5.66,271.51,1823.38,495065.9
4079,Tamil Nadu,Trichy,Tomato,Rabi,2021,20.35,696.47,36.25,91.14,67.21,96.98,85.75,6.51,Canal,165.18,5.02,5.95,121.08,2869.46,347434.22
4080,Haryana,Karnal,Maize,Rabi,2025,98.35,1584.84,26.71,62.48,40.13,63.57,125.06,7.5,Drip,239.69,74.55,6.19,608.79,1797.81,1094488.75
4081,Punjab,Ludhiana,Groundnut,Zaid,2020,53.13,1095.43,35.81,81.1,138.8,33.87,40.52,6.17,Borewell,198.49,24.7,2.23,118.48,6808.09,806622.5
4082,Haryana,Ambala,Wheat,Zaid,2022,17.96,1587.44,30.03,93.54,86.05,93.06,57.94,7.45,Drip,164.91,44.75,5.38,96.62,2261.67,218522.56
4083,Andhra Pradesh,Kurnool,Sugarcane,Rabi,2018,72.58,560.68,28.26,59.45,102.88,54.65,38.31,5.93,Canal,219.4,13.12,8.82,640.16,4003.65,2562976.58
4084,Maharashtra,Pune,Potato,Zaid,2024,70.99,1508.65,18.8,77.63,86.32,37.68,12.17,8.17,Drip,137.38,58.69,7.34,521.07,1651.28,860432.47
4085,Uttar Pradesh,Kanpur,Groundnut,Zaid,2019,17.5,1257.46,28.89,41.92,50.48,39.92,43.79,5.2,Rainfed,187.94,53.83,2.73,47.77,6833.82,326451.58
4086,Karnataka,Mysore,Rice,Rabi,2022,65.68,307.99,25.33,62.11,23.14,81.45,39.89,7.13,Borewell,157.39,51.05,4.39,288.34,2528.46,729056.16
4087,Uttar Pradesh,Kanpur,Maize,Rabi,2019,73.29,364.6,37.84,88.99,123.41,22.46,43.47,7.38,Rainfed,207.43,65.28,3.99,292.43,1729.66,505804.47
4088,West Bengal,Murshidabad,Rice,Kharif,2022,38.55,733.72,18.87,,120.95,54.3,92.82,5.35,Sprinkler,80.06,78.62,4.38,168.85,2763.7,466650.74
4089,Uttar Pradesh,Kanpur,Rice,Zaid,2022,31.07,1616.69,36.83,94.23,94.54,99.01,147.72,6.66,Borewell,175.71,4.71,5.16,160.32,2121.84,340173.39
4090,Karnataka,Hassan,Cotton,Kharif,2018,31.48,1112.88,24.45,66.79,97.93,65.59,62.15,6.04,Drip,119.62,12.48,2.93,92.24,5538.47,510868.47
4091,Tamil Nadu,Coimbatore,Rice,Zaid,2022,71.46,489.42,31.15,91.1,73.71,58.52,127.81,8.48,Rainfed,231.67,67.32,4.47,319.43,2192.42,700324.72
4092,Maharashtra,Nashik,Tomato,Zaid,2021,58.43,1226.3,28.08,42.64,48.07,46.87,76.99,7.8,Canal,41.33,47.6,5.75,335.97,2225.46,747687.8
4093,Punjab,Ludhiana,Rice,Kharif,2023,50.83,1700.8,26.45,60.21,46.82,26.21,82.46,8.32,Rainfed,159.3,65.2,3.94,200.27,2430.79,486814.31
4094,Tamil Nadu,Trichy,Sugarcane,Rabi,2025,94.14,1093.81,32.56,56.92,25.12,42.32,124.2,7.77,Borewell,98.93,64.16,7.82,736.17,4186.83,3082218.64
4095,Haryana,Karnal,Cotton,Zaid,2024,56.11,1663.89,22.46,86.45,109.7,14.33,26.51,6.21,Sprinkler,96.47,26.13,3.21,180.11,5996.65,1080056.63
4096,Maharashtra,Kolhapur,Groundnut,Kharif,2021,31.16,825.23,20.36,73.79,116.96,59.09,24.8,7.63,Borewell,228.23,64.71,2.78,86.62,5156.12,446623.11
4097,Punjab,Amritsar,Potato,Zaid,2022,98.98,1201.71,30.35,61.55,96.34,78.96,126.3,7.32,Rainfed,93.48,26.67,5.42,536.47,2135.68,1145728.25
4098,Punjab,Patiala,Maize,Zaid,2020,63.72,463.51,21.14,89.1,49.47,13.84,93.81,6.15,Drip,33.44,24.55,3.87,246.6,2130.31,525334.45
4099,Andhra Pradesh,Guntur,Wheat,Zaid,2018,85.95,1109.25,21.59,86.68,85.78,94.02,118.22,7.6,Borewell,71.39,66.11,4.08,350.68,1967.93,690113.69
4100,West Bengal,Murshidabad,Sugarcane,Kharif,2019,94.15,340.97,24.15,40.54,92.1,74.65,86.57,5.29,Canal,74.6,54.38,6.99,658.11,3111.54,2047735.59
4101,Uttar Pradesh,Lucknow,Groundnut,Zaid,2018,77.91,1543.5,18.18,75.89,54.6,11.06,118.54,7.22,Rainfed,152.64,13.31,2.68,208.8,5785.89,1208093.83
4102,Uttar Pradesh,Agra,Maize,Kharif,2025,88.43,1100.57,29.3,85.66,109.53,68.1,83.37,5.75,Canal,61.33,48.16,4.71,416.51,1910.76,795850.65
4103,Maharashtra,Satara,Sugarcane,Zaid,2022,95.24,1232.93,37.57,51.54,84.39,90.68,108.57,7.62,Drip,31.94,72.7,8.74,832.4,3593.99,2991637.28
4104,Haryana,Ambala,Rice,Zaid,2022,94.3,967.78,27.17,77.18,129.29,88.07,30.55,7.75,Sprinkler,217.83,62.2,5.49,517.71,2664.69,1379536.66
4105,Karnataka,Mysore,Wheat,Zaid,2024,93.23,1063.19,23.33,49.02,106.78,59.57,14.96,7.81,Drip,161.5,54.21,4.69,437.25,2130.56,931587.36
4106,Uttar Pradesh,Kanpur,Rice,Kharif,2019,4.31,950.38,36.54,78.8,34.67,86.39,77.72,7.79,Sprinkler,34.0,6.59,3.75,16.16,2555.25,41292.84
4107,Uttar Pradesh,Meerut,Wheat,Rabi,2024,17.49,935.52,21.67,72.66,111.56,28.15,47.81,6.4,Rainfed,131.03,17.79,3.69,64.54,2017.96,130239.14
4108,Andhra Pradesh,Kurnool,Sugarcane,Rabi,2018,96.34,305.36,35.88,49.7,93.95,73.22,28.37,5.58,Canal,56.1,21.27,6.81,656.08,4067.84,2668828.47
4109,Punjab,Ludhiana,Onion,Rabi,2024,16.72,578.81,34.61,78.37,53.53,23.67,80.8,5.71,Borewell,81.15,65.1,4.58,76.58,2075.16,158915.75
4110,West Bengal,Hooghly,Millet,Zaid,2019,22.84,1618.66,32.84,91.3,85.94,23.7,41.0,5.71,Borewell,52.16,42.39,2.19,50.02,3365.15,168324.8
4111,Telangana,Nalgonda,Maize,Rabi,2019,23.82,404.03,30.88,51.24,39.97,34.8,15.08,8.23,Rainfed,144.24,16.48,3.92,93.37,2225.73,207816.41
4112,Telangana,Warangal,Wheat,Zaid,2019,44.47,1619.08,19.73,83.8,73.77,19.22,15.93,5.22,Sprinkler,92.3,15.52,3.96,176.1,2500.32,440306.35
4113,Uttar Pradesh,Meerut,Cotton,Zaid,2022,82.34,599.87,19.4,57.69,54.9,74.3,148.4,8.23,Borewell,108.41,31.44,2.67,219.85,6847.28,1505374.51
4114,Haryana,Ambala,Groundnut,Zaid,2024,4.37,1736.1,37.25,59.35,115.93,12.78,93.34,6.28,Canal,154.51,21.67,2.88,12.59,6837.96,86089.92
4115,Andhra Pradesh,Nellore,Groundnut,Kharif,2018,94.52,1036.48,34.69,47.6,113.69,69.43,10.76,7.76,Rainfed,41.26,14.07,1.74,164.46,6218.7,1022727.4
4116,Kerala,Kannur,Wheat,Zaid,2023,10.3,743.05,30.52,94.78,96.17,91.6,135.94,6.13,Sprinkler,193.45,8.37,4.74,48.82,2496.95,121901.1
4117,Tamil Nadu,Coimbatore,Maize,Zaid,2025,38.59,1382.02,23.2,64.04,47.1,85.25,20.85,7.03,Drip,198.13,44.63,5.66,218.42,2186.65,477608.09
4118,West Bengal,Murshidabad,Wheat,Zaid,2018,39.25,646.29,37.09,86.55,61.82,78.89,142.48,6.01,Borewell,103.85,38.75,4.21,165.24,1904.79,314747.5
4119,West Bengal,Nadia,Rice,Kharif,2022,22.53,742.14,36.71,79.38,101.83,87.9,71.05,6.97,Drip,224.51,38.62,5.31,119.63,2468.42,295297.08
4120,Uttar Pradesh,Kanpur,Cotton,Rabi,2020,59.83,592.28,26.13,41.75,111.09,66.79,146.98,8.23,Borewell,219.09,67.5,3.38,202.23,7585.98,1534112.74
4121,Haryana,Rohtak,Potato,Rabi,2023,71.94,1684.7,24.82,77.6,100.03,28.72,142.25,7.66,Drip,171.6,3.72,8.33,599.26,1797.42,1077121.91
4122,Andhra Pradesh,Chittoor,Wheat,Rabi,2023,54.61,401.46,19.15,81.61,106.62,59.99,124.8,5.72,Drip,68.95,3.23,3.79,206.97,2421.71,501221.32
4123,West Bengal,Hooghly,Wheat,Rabi,2021,5.09,985.14,19.97,88.84,36.56,32.69,111.45,7.75,Borewell,109.27,67.27,3.6,18.32,2440.01,44700.98
4124,Kerala,Kannur,Cotton,Zaid,2018,52.5,1324.29,27.68,57.14,82.82,96.88,93.74,7.21,Sprinkler,165.04,27.97,3.68,193.2,7156.97,1382726.6
4125,West Bengal,Kolkata,Rice,Zaid,2023,7.94,1350.47,30.57,76.77,58.2,90.33,14.19,5.66,Borewell,82.94,17.53,5.08,40.34,2560.17,103277.26
4126,Andhra Pradesh,Krishna,Onion,Kharif,2018,36.2,1155.15,31.82,68.4,84.61,23.45,84.47,6.9,Drip,114.74,60.9,5.56,201.27,1899.42,382296.26
4127,Telangana,Warangal,Onion,Rabi,2024,94.08,775.66,26.91,40.65,76.07,91.1,26.98,8.24,Borewell,171.81,57.42,5.34,502.39,2506.05,1259014.46
4128,Maharashtra,Nagpur,Maize,Kharif,2024,18.31,659.81,29.68,72.47,122.91,48.62,121.1,7.84,Drip,108.32,14.08,5.13,93.93,1697.06,159404.85
4129,Kerala,Palakkad,Wheat,Kharif,2019,2.87,692.99,27.43,71.02,105.78,62.56,133.52,7.61,Drip,66.35,28.77,3.73,10.71,2095.73,22445.27
4130,Maharashtra,Nashik,Rice,Kharif,2018,59.27,430.23,35.43,77.6,138.96,77.24,69.7,7.85,Sprinkler,156.96,17.54,5.03,298.13,2272.38,677464.65
4131,Punjab,Patiala,Sugarcane,Kharif,2025,84.21,1707.02,18.1,87.44,83.09,50.4,138.63,5.03,Borewell,195.6,46.82,9.19,773.89,3136.65,2427422.07
4132,Tamil Nadu,Coimbatore,Rice,Kharif,2025,90.0,1097.21,23.7,42.08,57.05,26.89,27.04,6.21,Drip,64.39,79.81,4.63,416.7,2575.23,1073098.34
4133,Punjab,Jalandhar,Tomato,Kharif,2023,91.29,1021.48,26.22,53.95,76.51,99.16,59.63,8.35,Borewell,44.01,64.27,5.65,515.79,2802.17,1445331.26
4134,Tamil Nadu,Madurai,Tomato,Kharif,2019,91.62,1031.48,36.46,65.37,133.09,76.12,87.29,6.25,Drip,153.54,63.0,7.29,667.91,2735.32,1826947.58
4135,Haryana,Panipat,Tomato,Zaid,2023,70.3,1177.87,28.95,81.13,125.41,35.76,78.85,5.31,Sprinkler,141.98,12.01,6.87,482.96,2666.38,1287754.88
4136,Karnataka,Belgaum,Wheat,Rabi,2025,40.91,362.15,34.56,81.59,127.68,87.13,48.51,5.28,Drip,221.25,19.28,4.13,168.96,1896.75,320474.88
4137,Haryana,Panipat,Wheat,Rabi,2021,61.82,774.41,28.94,84.46,93.83,88.55,61.48,7.8,Rainfed,226.83,62.54,3.85,238.01,2444.34,581777.36
4138,Haryana,Rohtak,Onion,Kharif,2018,83.29,749.31,28.53,41.5,115.69,85.81,56.2,6.55,Rainfed,32.57,62.6,3.9,324.83,2416.67,785006.92
4139,Karnataka,Belgaum,Rice,Zaid,2022,42.99,1372.24,21.44,41.5,73.2,10.99,24.2,6.01,Canal,144.5,71.75,4.6,197.75,2779.87,549719.29
4140,Maharashtra,Nashik,Sugarcane,Zaid,2019,83.3,1341.55,30.91,72.39,37.67,73.96,31.08,6.19,Canal,242.45,21.68,9.16,763.03,4102.91,3130643.42
4141,Telangana,Karimnagar,Potato,Rabi,2024,69.76,315.4,33.59,40.36,35.14,86.57,115.03,7.24,Rainfed,100.01,58.2,4.86,339.03,1750.05,593319.45
4142,Uttar Pradesh,Meerut,Potato,Rabi,2020,15.28,1471.41,24.46,59.54,52.03,73.47,140.88,5.43,Borewell,91.4,12.18,6.83,104.36,1680.09,175334.19
4143,Punjab,Jalandhar,Maize,Kharif,2022,94.8,979.89,33.49,72.82,37.22,93.34,114.95,5.98,Canal,104.95,46.86,4.67,442.72,1844.4,816552.77
4144,West Bengal,Nadia,Wheat,Zaid,2022,51.78,394.79,20.86,74.83,24.43,67.07,90.19,6.15,Drip,48.99,69.95,3.76,194.69,2173.31,423121.72
4145,Telangana,Khammam,Millet,Rabi,2023,73.02,1673.95,23.5,91.2,28.53,30.12,90.37,8.43,Borewell,92.27,19.08,2.41,175.98,3451.4,607377.37
4146,Tamil Nadu,Coimbatore,Tomato,Kharif,2022,45.82,819.8,28.01,62.93,92.05,83.59,149.46,8.04,Canal,47.72,4.29,5.35,245.14,2442.33,598712.78
4147,West Bengal,Hooghly,Rice,Kharif,2020,23.13,1637.89,31.33,93.3,92.42,55.26,133.72,6.04,Sprinkler,229.61,75.39,5.44,125.83,2312.27,290952.93
4148,Tamil Nadu,Thanjavur,Tomato,Rabi,2020,37.62,1022.23,35.87,71.71,99.29,93.98,51.53,5.95,Rainfed,37.41,55.04,4.37,164.4,2580.78,424280.23
4149,Maharashtra,Pune,Groundnut,Kharif,2020,84.94,738.69,18.29,46.13,97.27,89.51,42.36,5.49,Drip,160.57,45.42,3.15,267.56,5785.22,1547893.46
4150,Telangana,Nalgonda,Sugarcane,Kharif,2019,83.95,381.72,26.1,56.53,29.65,25.51,80.7,5.99,Canal,185.65,18.41,7.99,670.76,3027.13,2030477.72
4151,West Bengal,Kolkata,Millet,Zaid,2018,97.36,1245.37,24.89,40.44,133.13,44.59,90.77,6.58,Rainfed,30.17,10.48,2.51,244.37,2854.92,697656.8
4152,Punjab,Patiala,Cotton,Zaid,2022,63.7,1486.82,36.33,53.38,21.43,17.63,142.96,7.44,Canal,129.1,8.59,3.07,195.56,5865.95,1147145.18
4153,Punjab,Amritsar,Cotton,Kharif,2021,66.47,1354.19,34.23,84.45,110.71,63.17,77.97,6.44,Drip,62.81,33.02,4.01,266.54,6297.58,1678556.97
4154,Karnataka,Hassan,Tomato,Kharif,2024,19.05,1540.47,30.21,46.12,128.29,23.08,97.66,5.8,Rainfed,69.33,57.2,5.59,106.49,2435.9,259398.99
4155,Uttar Pradesh,Agra,Sugarcane,Zaid,2021,22.96,1591.96,29.25,84.64,23.32,72.03,67.42,6.73,Sprinkler,240.23,79.65,10.3,236.49,3651.86,863628.37
4156,Tamil Nadu,Madurai,Cotton,Zaid,2020,60.27,1534.48,18.4,91.85,106.53,86.68,85.22,7.71,Rainfed,73.94,57.93,2.6,156.7,7687.75,1204670.42
4157,Maharashtra,Nashik,Rice,Rabi,2023,1.79,1426.96,31.71,87.04,,75.34,20.1,7.32,Sprinkler,244.81,20.56,5.56,9.95,2632.94,26197.75
4158,Telangana,Nalgonda,Potato,Rabi,2019,62.61,740.6,22.62,45.73,35.9,95.9,63.58,5.61,Borewell,115.54,55.61,6.27,392.56,1863.77,731641.55
4159,Karnataka,Mandya,Cotton,Rabi,2018,44.1,1279.07,36.52,72.2,49.04,34.69,68.46,8.04,Rainfed,164.09,23.72,2.7,119.07,6540.32,778755.9
4160,Karnataka,Mandya,Millet,Zaid,2021,13.01,863.01,25.87,47.69,76.41,29.7,90.62,5.77,Rainfed,159.85,62.23,1.86,24.2,3207.28,77616.18
4161,Kerala,Palakkad,Wheat,Rabi,2019,73.02,714.3,19.25,78.48,58.18,24.49,26.4,6.73,Rainfed,30.37,11.37,2.98,217.6,2049.08,445879.81
4162,Andhra Pradesh,Krishna,Wheat,Rabi,2024,85.14,1782.37,37.76,74.47,76.29,66.12,74.6,5.03,Drip,26.89,57.64,4.74,403.56,2597.98,1048440.81
4163,Maharashtra,Nagpur,Maize,Kharif,2019,59.66,1658.08,33.64,60.43,56.32,35.49,144.49,5.43,Canal,27.83,17.33,4.8,286.37,2269.59,649942.49
4164,Andhra Pradesh,Chittoor,Groundnut,Rabi,2022,60.07,918.93,26.52,79.02,46.66,76.77,19.49,8.5,Sprinkler,65.58,23.35,2.72,163.39,6714.92,1097150.78
4165,Andhra Pradesh,Guntur,Rice,Zaid,2025,50.27,1181.19,36.22,80.32,45.04,94.92,134.85,6.12,Rainfed,32.51,72.67,3.52,176.95,2663.32,471274.47
4166,Kerala,Kollam,Groundnut,Kharif,2021,25.02,613.92,25.95,54.32,101.18,28.17,98.51,6.36,Rainfed,103.7,3.17,2.25,56.3,6657.82,374835.27
4167,Andhra Pradesh,Nellore,Rice,Rabi,2022,82.6,1598.44,24.6,42.59,70.27,71.67,31.43,7.9,Rainfed,233.74,49.54,4.56,376.66,2728.88,1027859.94
4168,Andhra Pradesh,Krishna,Sugarcane,Kharif,2021,10.77,1131.28,34.75,92.35,104.31,39.05,56.77,8.11,Borewell,228.76,17.09,8.59,92.51,4186.17,387262.59
4169,Tamil Nadu,Salem,Potato,Rabi,2020,34.95,998.45,23.05,90.63,126.28,94.96,148.73,6.39,Borewell,198.42,76.95,7.23,252.69,1831.78,462872.49
4170,Andhra Pradesh,Kurnool,Groundnut,Kharif,2025,2.68,1191.53,31.49,62.66,31.43,53.54,92.05,6.48,Rainfed,244.93,3.22,2.65,7.1,5416.29,38455.66
4171,Andhra Pradesh,Guntur,Millet,Zaid,2020,48.96,1769.65,37.41,65.08,34.95,86.14,15.38,6.86,Borewell,30.37,6.95,2.26,110.65,3336.61,369195.9
4172,Punjab,Amritsar,Cotton,Rabi,2024,38.53,1138.26,32.44,55.14,102.66,64.94,107.86,7.17,Drip,219.7,34.34,4.07,156.82,5849.66,917343.68
4173,Telangana,Khammam,Rice,Zaid,2024,10.09,1319.45,24.66,62.73,31.09,84.4,141.98,8.33,Borewell,204.52,37.39,5.16,52.06,2377.7,123783.06
4174,Punjab,Ludhiana,Sugarcane,Rabi,2019,69.52,1667.56,21.41,84.47,128.04,41.19,64.57,7.93,Drip,240.93,42.27,10.4,723.01,3273.68,2366903.38
4175,Karnataka,Mandya,Cotton,Rabi,2020,94.39,452.57,29.22,64.37,20.16,94.35,47.45,7.32,Borewell,48.19,64.55,2.35,221.82,7093.84,1573555.59
4176,Maharashtra,Pune,Wheat,Rabi,2025,3.69,1499.5,28.73,44.07,122.79,63.31,147.06,6.94,Rainfed,111.97,17.14,4.1,15.13,2281.52,34519.4
4177,Telangana,Karimnagar,Sugarcane,Zaid,2019,69.22,1284.16,35.24,46.95,104.25,59.38,80.41,6.11,Borewell,176.91,79.33,8.57,593.22,3505.6,2079592.03
4178,Andhra Pradesh,Nellore,Millet,Kharif,2020,83.25,618.66,27.71,68.39,44.91,68.25,22.98,6.07,Drip,168.35,67.51,2.66,221.45,2890.02,639994.93
4179,Punjab,Amritsar,Tomato,Kharif,2019,97.63,324.37,33.47,89.1,39.97,28.91,82.71,5.54,Rainfed,187.25,70.1,4.64,453.0,2986.3,1352793.9
4180,Uttar Pradesh,Meerut,Potato,Kharif,2020,89.15,678.92,27.65,93.65,72.17,60.61,64.76,5.42,Sprinkler,113.19,64.14,6.33,564.32,1608.77,907861.09
4181,Haryana,Hisar,Groundnut,Rabi,2024,78.28,1364.78,26.11,75.52,124.22,86.89,60.09,7.16,Drip,211.35,57.99,3.46,270.85,6630.91,1795981.97
4182,Punjab,Amritsar,Potato,Rabi,2023,9.83,1432.96,31.62,68.95,114.33,31.85,51.74,5.21,Borewell,115.85,40.63,6.87,67.53,1733.65,117073.38
4183,West Bengal,Nadia,Potato,Rabi,2023,79.66,1576.78,21.41,62.19,98.54,69.65,123.66,5.14,Rainfed,132.16,16.81,6.1,485.93,2111.71,1026143.24
4184,Kerala,Kannur,Cotton,Rabi,2021,91.3,1401.0,18.01,50.57,83.18,99.19,119.8,7.32,Canal,58.54,44.67,3.3,301.29,6067.53,1828086.11
4185,Karnataka,Bangalore,Potato,Kharif,2019,44.1,1218.07,18.47,86.75,56.53,20.18,120.6,6.53,Sprinkler,115.21,42.04,6.48,285.77,2142.87,612367.96
4186,Andhra Pradesh,Chittoor,Rice,Zaid,2019,94.28,809.61,31.97,40.81,113.34,78.68,134.24,7.14,Drip,77.47,60.41,5.25,494.97,2190.0,1083984.3
4187,Kerala,Kannur,Tomato,Rabi,2019,61.28,863.4,20.51,46.3,39.08,87.48,135.91,8.0,Canal,224.91,33.69,6.6,404.45,2609.5,1055412.27
4188,Karnataka,Belgaum,Groundnut,Zaid,2020,84.66,1126.84,32.64,52.64,114.84,10.69,48.52,6.65,Canal,54.73,38.09,2.3,194.72,5548.41,1080386.4
4189,Punjab,Amritsar,Wheat,Kharif,2024,35.26,1358.29,26.94,59.5,131.53,13.63,18.02,7.35,Rainfed,109.09,13.79,3.13,110.36,2030.91,224131.23
4190,Haryana,Hisar,Maize,Zaid,2021,43.02,1764.23,36.45,62.56,106.95,62.49,107.06,6.26,Drip,110.32,24.2,5.92,254.68,1755.51,447093.29
4191,West Bengal,Burdwan,Tomato,Rabi,2023,17.47,694.71,22.35,81.42,115.45,80.55,46.02,5.26,Canal,224.85,43.29,6.12,106.92,2621.37,280276.88
4192,Andhra Pradesh,Guntur,Tomato,Rabi,2019,72.02,303.95,32.0,72.26,23.21,62.22,145.23,5.68,Rainfed,142.82,56.03,4.58,329.85,2684.02,885324.0
4193,Kerala,Palakkad,Onion,Zaid,2020,52.65,881.43,26.03,78.82,66.35,81.48,10.98,7.64,Rainfed,99.48,9.21,4.19,220.6,2424.72,534893.23
4194,Haryana,Hisar,Cotton,Rabi,2024,70.09,347.36,25.76,84.28,76.15,32.87,132.49,6.45,Borewell,231.78,31.97,2.97,208.17,7317.28,1523238.18
4195,Punjab,Bathinda,Maize,Zaid,2025,78.69,635.94,27.43,89.61,45.71,60.24,124.67,5.22,Rainfed,60.74,65.55,4.15,326.56,1824.45,595792.39
4196,Uttar Pradesh,Agra,Rice,Zaid,2024,6.18,414.48,28.91,58.67,81.31,53.9,69.71,5.65,Sprinkler,63.49,78.21,4.31,26.64,2477.05,65988.61
4197,Telangana,Hyderabad,Onion,Zaid,2020,61.57,1744.84,25.59,83.2,91.98,65.52,141.94,5.44,Rainfed,192.17,24.58,5.29,325.71,1993.63,649345.23
4198,Kerala,Thrissur,Tomato,Kharif,2021,51.31,1416.46,26.93,84.78,30.64,93.31,133.77,7.07,Canal,35.39,6.3,6.15,315.56,2691.96,849474.9
4199,Karnataka,Mysore,Cotton,Rabi,2022,46.14,1532.57,25.31,73.42,129.65,57.15,68.5,7.55,Drip,165.35,66.93,3.8,175.33,7682.65,1346999.02
4200,Uttar Pradesh,Kanpur,Millet,Kharif,2024,66.27,1525.44,22.32,79.56,66.86,20.21,60.75,5.22,Drip,81.72,52.82,2.81,186.22,2611.44,486302.36
4201,Telangana,Karimnagar,Millet,Rabi,2024,78.19,1420.58,34.66,62.58,38.13,57.66,120.48,7.39,Rainfed,126.61,59.26,1.85,144.65,2585.47,373988.24
4202,Haryana,Karnal,Maize,Kharif,2020,39.16,1743.27,28.43,84.47,54.73,15.3,76.54,5.1,Rainfed,66.1,53.22,4.1,160.56,2227.94,357718.05
4203,Uttar Pradesh,Agra,Groundnut,Kharif,2022,21.2,1387.29,19.77,82.18,59.15,91.63,101.74,5.34,Rainfed,118.49,45.73,2.65,56.18,6271.61,352339.05
4204,Andhra Pradesh,Kurnool,Sugarcane,Zaid,2021,58.61,1612.52,23.15,62.67,63.21,61.33,102.34,6.04,Rainfed,232.16,34.11,7.92,464.19,3949.02,1833095.59
4205,Tamil Nadu,Salem,Cotton,Kharif,2020,96.17,795.25,19.97,76.98,53.2,43.43,87.66,5.57,Canal,82.1,38.18,2.4,230.81,7663.5,1768812.44
4206,Maharashtra,Pune,Maize,Kharif,2022,50.05,1741.37,18.91,72.35,95.4,96.45,63.28,6.61,Drip,107.46,78.71,5.84,292.29,1976.18,577617.65
4207,Karnataka,Belgaum,Potato,Rabi,2021,60.31,1265.52,28.09,54.54,55.5,70.46,89.7,7.53,Canal,49.79,9.23,6.73,405.89,2061.34,836677.29
4208,Kerala,Thrissur,Onion,Zaid,2019,14.87,715.58,19.63,67.35,60.83,16.22,116.74,7.94,Canal,182.36,15.68,5.57,82.83,2226.5,184420.99
4209,Punjab,Ludhiana,Maize,Zaid,2019,23.4,448.78,36.42,51.03,25.12,84.57,44.9,5.99,Borewell,203.8,61.13,4.34,101.56,1637.52,166306.53
4210,Uttar Pradesh,Varanasi,Millet,Rabi,2023,41.59,1336.24,21.03,60.24,44.88,24.72,46.72,5.99,Rainfed,37.0,50.2,1.88,78.19,2686.99,210095.75
4211,Tamil Nadu,Thanjavur,Sugarcane,Kharif,2022,25.6,1793.8,26.26,66.23,50.15,67.24,73.99,7.69,Drip,238.65,66.48,10.41,266.5,2979.7,794090.05
4212,Telangana,Hyderabad,Onion,Rabi,2021,34.74,1302.7,20.78,66.33,64.55,30.9,86.68,5.1,Sprinkler,97.24,28.94,4.91,170.57,2523.19,430380.52
4213,Kerala,Kannur,Sugarcane,Rabi,2018,73.58,487.24,29.8,86.01,136.64,79.22,84.9,7.72,Sprinkler,97.29,79.11,7.98,587.17,4066.4,2387668.09
4214,Kerala,Kannur,Sugarcane,Kharif,2018,91.94,1690.45,18.52,77.62,55.41,69.36,75.53,5.89,Rainfed,128.29,69.94,7.65,703.34,3664.38,2577305.03
4215,Haryana,Hisar,Rice,Zaid,2020,47.02,1583.09,22.88,77.17,113.74,75.01,19.28,5.34,Borewell,115.21,2.85,4.68,220.05,2332.21,513202.81
4216,Karnataka,Mysore,Wheat,Zaid,2023,26.91,1446.93,37.68,82.16,126.24,32.04,113.08,6.95,Drip,55.17,60.13,4.29,115.44,2015.53,232672.78
4217,Tamil Nadu,Madurai,Cotton,Kharif,2024,41.33,687.56,18.3,90.02,86.41,63.02,79.83,5.84,Borewell,167.76,49.11,2.73,112.83,7296.86,823304.71
4218,Haryana,Ambala,Onion,Kharif,2018,31.62,1233.65,23.24,61.64,136.61,45.24,50.55,6.36,Canal,99.58,47.66,5.35,169.17,2010.75,340158.58
4219,West Bengal,Kolkata,Rice,Rabi,2023,35.02,600.2,32.75,57.42,121.07,83.69,113.03,5.9,Canal,62.37,61.28,4.14,144.98,2080.47,301626.54
4220,Punjab,Bathinda,Sugarcane,Kharif,2023,34.48,715.11,31.55,69.01,112.18,29.08,68.26,7.48,Canal,219.05,17.8,8.63,297.56,3514.48,1045768.67
4221,Andhra Pradesh,Guntur,Millet,Kharif,2019,12.02,614.72,24.63,55.77,82.43,98.93,139.98,6.59,Drip,97.21,5.8,2.29,27.53,2905.83,79997.5
4222,Punjab,Ludhiana,Onion,Zaid,2020,66.13,495.31,26.09,85.31,86.54,21.9,16.89,6.33,Drip,122.52,40.32,5.56,367.68,2517.79,925741.03
4223,Tamil Nadu,Thanjavur,Wheat,Zaid,2021,47.32,373.35,31.12,86.88,95.39,85.78,45.71,5.72,Drip,165.58,41.58,4.42,209.15,1989.23,416047.45
4224,Punjab,Patiala,Millet,Rabi,2019,88.47,1561.23,32.65,74.04,44.38,35.76,74.21,5.21,Drip,30.35,60.0,3.08,272.49,3570.72,972985.49
4225,Telangana,Nalgonda,Rice,Zaid,2022,51.01,1260.32,22.8,,121.95,61.47,58.53,8.19,Borewell,244.4,3.36,5.54,282.6,2521.87,712680.46
4226,Telangana,Karimnagar,Maize,Zaid,2019,44.21,403.78,27.48,46.72,122.79,16.99,124.49,6.53,Sprinkler,101.86,58.57,4.98,220.17,1891.37,416422.93
4227,Andhra Pradesh,Kurnool,Cotton,Rabi,2023,89.37,489.28,18.81,57.25,28.41,86.32,61.09,7.89,Rainfed,145.82,79.54,2.09,186.78,7718.96,1441747.35
4228,Haryana,Ambala,Maize,Kharif,2024,61.31,347.48,24.7,65.04,138.97,52.11,118.51,5.55,Sprinkler,60.96,25.26,4.65,285.09,1899.9,541642.49
4229,Andhra Pradesh,Krishna,Maize,Rabi,2025,36.66,821.51,22.57,77.75,30.78,78.81,89.44,7.89,Rainfed,30.74,64.05,3.75,137.47,2167.16,297919.49
4230,Andhra Pradesh,Guntur,Sugarcane,Kharif,2021,63.41,934.57,19.19,46.91,97.11,33.8,83.7,6.33,Drip,79.43,61.36,8.29,525.67,3972.39,2088166.25
4231,Karnataka,Mandya,Maize,Rabi,2025,25.78,1213.92,25.14,70.23,33.38,60.22,44.56,5.72,Canal,142.69,65.29,4.78,123.23,1624.85,200230.27
4232,Karnataka,Belgaum,Onion,Zaid,2024,33.37,1048.42,22.05,65.77,131.75,58.25,119.32,5.31,Drip,164.65,53.78,5.96,198.89,2322.25,461872.3
4233,Kerala,Kollam,Tomato,Rabi,2021,77.53,586.13,33.69,91.95,99.31,28.03,54.5,5.5,Sprinkler,26.88,65.45,5.21,403.93,2779.69,1122800.18
4234,Maharashtra,Pune,Cotton,Kharif,2020,62.57,1464.83,29.3,84.48,77.49,68.06,48.73,6.26,Drip,186.78,2.49,3.28,205.23,5576.34,1144432.26
4235,Tamil Nadu,Madurai,Tomato,Kharif,2025,4.18,1732.77,21.7,67.66,129.14,53.01,87.29,8.21,Sprinkler,244.71,75.66,7.24,30.26,2720.4,82319.3
4236,Haryana,Panipat,Sugarcane,Zaid,2024,18.51,1370.49,23.93,51.59,94.88,29.63,95.69,5.02,Drip,140.41,48.71,9.06,167.7,3662.78,614248.21
4237,Maharashtra,Pune,Maize,Rabi,2018,87.45,1594.54,27.91,86.57,114.75,13.78,102.69,6.1,Sprinkler,231.28,49.98,6.22,543.94,2270.29,1234901.54
4238,Haryana,Karnal,Onion,Rabi,2022,13.32,1768.6,34.54,50.26,47.86,23.49,51.25,6.86,Borewell,105.45,46.34,5.43,72.33,2435.36,176149.59
4239,Andhra Pradesh,Nellore,Onion,Kharif,2022,13.63,523.08,28.72,48.72,40.24,63.26,68.12,6.35,Rainfed,109.24,71.28,4.01,54.66,1956.37,106935.18
4240,Kerala,Kannur,Rice,Kharif,2023,45.28,518.47,22.07,57.87,99.8,35.27,96.17,7.25,Sprinkler,153.74,22.47,4.4,199.23,2057.85,409985.46
4241,Maharashtra,Nashik,Millet,Zaid,2025,12.98,1370.3,28.17,56.69,135.49,76.32,137.24,5.39,Canal,165.36,50.75,2.28,29.59,3371.1,99750.85
4242,Tamil Nadu,Trichy,Groundnut,Kharif,2021,18.38,720.25,21.85,58.67,83.78,77.73,121.06,5.73,Sprinkler,171.54,48.46,3.1,56.98,5292.79,301583.17
4243,Andhra Pradesh,Krishna,Onion,Rabi,2024,9.85,966.07,34.37,41.85,95.97,36.21,105.72,8.03,Rainfed,91.74,24.11,4.22,41.57,2482.24,103186.72
4244,Uttar Pradesh,Kanpur,Millet,Rabi,2019,44.32,695.09,31.16,47.1,25.42,87.35,125.97,6.58,Canal,228.42,19.19,2.6,115.23,3288.23,378902.74
4245,Punjab,Amritsar,Groundnut,Kharif,2021,86.66,640.53,36.11,89.85,24.49,41.18,143.26,6.07,Drip,131.42,48.85,2.99,259.11,5500.88,1425333.02
4246,Telangana,Karimnagar,Onion,Rabi,2021,23.83,1024.55,34.01,75.26,31.36,83.39,68.29,6.26,Sprinkler,85.02,44.85,5.37,127.97,2273.53,290943.63
4247,Andhra Pradesh,Chittoor,Potato,Kharif,2019,94.19,1595.81,33.04,94.99,45.33,96.53,57.62,7.13,Drip,231.12,72.79,8.15,767.65,1795.33,1378185.07
4248,Kerala,Kollam,Tomato,Zaid,2021,3.09,651.53,26.63,63.27,126.54,11.01,10.96,8.48,Sprinkler,213.35,17.71,6.49,20.05,2730.12,54738.91
4249,Punjab,Jalandhar,Millet,Kharif,2018,97.46,1028.04,25.34,79.49,107.58,10.65,101.81,7.08,Rainfed,235.14,50.58,2.8,272.89,2737.52,747041.83
4250,Haryana,Karnal,Maize,Zaid,2019,68.05,761.8,27.15,85.23,36.46,26.71,21.36,6.78,Drip,192.69,47.48,5.27,358.62,2189.53,785209.25
4251,Uttar Pradesh,Lucknow,Maize,Kharif,2021,2.81,1796.07,23.84,58.49,75.7,78.57,123.93,7.29,Borewell,181.45,55.1,5.52,15.51,2108.06,32696.01
4252,Maharashtra,Satara,Onion,Zaid,2022,97.12,1232.29,22.79,87.56,69.73,81.94,99.84,8.05,Canal,60.74,21.69,5.16,501.14,2317.62,1161452.09
4253,Karnataka,Mysore,Rice,Kharif,2018,65.2,897.34,35.3,62.48,113.79,32.17,14.41,5.95,Drip,111.02,64.21,4.83,314.92,2682.96,844917.76
4254,Haryana,Rohtak,Wheat,Kharif,2018,65.53,1597.49,33.72,41.94,41.21,13.45,53.23,5.63,Canal,226.09,18.56,4.67,306.03,2515.36,769775.62
4255,West Bengal,Murshidabad,Potato,Zaid,2024,21.04,1240.76,29.65,41.67,124.11,33.58,129.32,5.86,Sprinkler,182.14,34.64,7.31,153.8,1763.52,271229.38
4256,Uttar Pradesh,Agra,Tomato,Zaid,2018,82.77,1092.95,36.26,77.81,59.62,79.22,92.37,6.2,Canal,65.8,40.64,5.56,460.2,2680.82,1233713.36
4257,Andhra Pradesh,Kurnool,Tomato,Rabi,2020,56.9,1076.76,33.74,43.31,67.92,16.66,141.67,5.91,Canal,82.36,43.12,6.1,347.09,2679.68,930090.13
4258,Haryana,Karnal,Sugarcane,Zaid,2025,35.05,1156.74,22.19,73.28,134.85,27.13,17.07,7.14,Rainfed,226.32,21.93,7.87,275.84,3418.23,942884.56
4259,Tamil Nadu,Trichy,Potato,Zaid,2023,53.23,439.02,29.0,51.52,47.81,78.53,140.69,7.58,Rainfed,210.57,53.16,5.47,291.17,1775.31,516917.01
4260,Uttar Pradesh,Meerut,Rice,Kharif,2021,5.25,980.24,24.75,46.58,44.64,45.19,31.89,6.2,Rainfed,99.93,37.99,3.37,17.69,2438.97,43145.38
4261,Haryana,Rohtak,Rice,Rabi,2019,48.23,314.19,36.77,79.28,54.66,98.44,16.78,5.51,Sprinkler,23.16,48.69,3.92,189.06,2375.14,449043.97
4262,Karnataka,Hassan,Sugarcane,Rabi,2022,51.29,447.78,25.96,72.09,38.96,80.47,14.1,5.17,Borewell,23.89,2.52,6.9,353.9,3820.15,1351951.08
4263,Punjab,Amritsar,Sugarcane,Kharif,2019,85.84,722.05,19.62,87.69,93.12,61.28,37.88,5.1,Rainfed,169.69,14.47,6.79,582.85,3512.82,2047447.14
4264,Kerala,Kannur,Groundnut,Zaid,2020,65.94,992.84,32.57,83.25,72.69,32.67,100.18,8.09,Rainfed,212.61,19.64,2.54,167.49,5746.27,962442.76
4265,Uttar Pradesh,Agra,Rice,Kharif,2021,16.62,1744.53,19.77,84.36,54.77,55.6,125.25,6.1,Rainfed,199.68,10.89,4.24,70.47,2143.53,151054.56
4266,Telangana,Khammam,Sugarcane,Rabi,2022,75.25,1715.96,35.07,48.98,95.99,81.22,61.92,7.05,Borewell,78.52,15.96,8.41,632.85,3152.35,1994964.7
4267,West Bengal,Murshidabad,Maize,Kharif,2020,36.72,302.03,31.26,91.08,134.15,35.12,50.25,7.2,Borewell,183.63,16.29,4.89,179.56,2274.56,408419.99
4268,Punjab,Bathinda,Millet,Kharif,2019,35.67,1164.63,35.96,41.96,42.34,31.78,13.27,5.13,Drip,73.3,50.81,2.22,79.19,2655.97,210326.26
4269,Tamil Nadu,Coimbatore,Wheat,Kharif,2021,43.02,513.16,35.9,65.53,54.62,14.41,80.25,7.27,Rainfed,236.21,12.47,3.31,142.4,2252.51,320757.42
4270,Karnataka,Bangalore,Tomato,Kharif,2018,26.8,469.82,27.8,65.6,84.71,15.31,96.29,7.18,Sprinkler,46.92,3.9,5.14,137.75,2190.11,301687.65
4271,Haryana,Panipat,Sugarcane,Zaid,2019,12.51,723.42,20.26,40.28,130.55,34.87,71.71,5.63,Sprinkler,71.41,71.18,7.89,98.7,3321.27,327809.35
4272,Punjab,Patiala,Maize,Kharif,2019,66.92,1575.26,19.52,50.18,45.99,41.93,90.19,6.79,Drip,235.98,46.6,5.99,400.85,2182.9,875015.47
4273,Karnataka,Bangalore,Sugarcane,Zaid,2020,28.45,761.24,27.03,91.83,123.9,67.54,121.87,5.13,Sprinkler,64.85,8.01,7.82,222.48,3040.09,676359.22
4274,Uttar Pradesh,Varanasi,Onion,Kharif,2019,34.29,1766.91,21.83,66.55,59.98,88.63,65.49,5.92,Drip,176.17,41.7,5.94,203.68,2342.65,477150.95
4275,Kerala,Kochi,Sugarcane,Rabi,2025,98.27,1076.57,28.47,53.51,120.63,60.04,149.37,5.37,Rainfed,150.63,30.01,7.2,707.54,3628.79,2567514.08
4276,Telangana,Karimnagar,Wheat,Kharif,2025,14.5,1071.41,32.71,50.48,42.31,35.63,15.31,6.28,Drip,212.33,70.51,4.42,64.09,2588.69,165909.14
4277,Maharashtra,Nashik,Millet,Kharif,2022,21.31,1697.74,22.63,40.68,113.8,56.71,58.28,6.44,Canal,149.9,38.39,2.28,48.59,3394.96,164961.11
4278,Andhra Pradesh,Nellore,Potato,Rabi,2018,6.28,907.98,25.84,83.98,122.21,76.86,110.71,6.33,Canal,247.46,79.99,7.69,48.29,1834.15,88571.1
4279,Haryana,Ambala,Potato,Zaid,2021,76.61,878.6,21.81,53.17,110.03,27.73,108.32,5.63,Borewell,121.84,52.02,6.45,494.13,1798.3,888593.98
4280,Karnataka,Mysore,Onion,Kharif,2018,37.31,881.82,27.52,47.57,65.84,48.98,69.08,5.96,Borewell,117.11,15.19,5.03,187.67,2054.11,385494.82
4281,Punjab,Patiala,Sugarcane,Kharif,2023,51.46,544.75,20.07,82.29,104.21,30.93,105.5,8.4,Borewell,137.26,17.79,7.73,397.79,3631.93,1444745.43
4282,Telangana,Hyderabad,Sugarcane,Zaid,2019,61.13,979.97,27.23,73.84,70.35,40.65,126.46,6.87,Borewell,135.64,14.84,8.64,528.16,3494.49,1845649.84
4283,Karnataka,Mandya,Cotton,Zaid,2023,6.95,792.55,29.17,69.3,69.03,37.41,52.34,6.87,Sprinkler,94.59,38.22,2.87,19.95,7130.76,142258.66
4284,Uttar Pradesh,Kanpur,Potato,Kharif,2018,22.38,1359.55,20.63,92.1,92.07,60.47,111.2,6.86,Sprinkler,78.75,27.49,7.04,157.56,1974.93,311169.97
4285,Maharashtra,Satara,Rice,Zaid,2022,1.69,931.93,32.14,67.21,118.27,25.56,102.98,5.07,Sprinkler,85.12,16.78,4.78,8.08,2153.46,17399.96
4286,Uttar Pradesh,Kanpur,Potato,Kharif,2022,9.61,873.06,37.61,64.79,131.55,14.39,55.75,6.55,Drip,124.65,49.79,6.81,65.44,1884.89,123347.2
4287,Tamil Nadu,Coimbatore,Rice,Rabi,2019,43.86,476.21,24.27,89.71,32.45,72.74,75.24,7.51,Borewell,28.98,36.94,3.59,157.46,2242.97,353178.06
4288,Punjab,Patiala,Sugarcane,Rabi,2020,87.44,1145.06,19.1,45.69,120.21,14.77,147.69,8.1,Canal,111.87,22.68,8.37,731.87,3525.39,2580127.18
4289,Haryana,Karnal,Wheat,Zaid,2018,38.87,802.09,30.72,94.67,97.23,48.2,100.66,5.91,Borewell,27.57,79.17,3.36,130.6,2517.18,328743.71
4290,Uttar Pradesh,Meerut,Potato,Zaid,2022,14.4,385.81,18.58,91.98,97.09,41.13,15.5,8.25,Rainfed,49.73,46.17,4.75,68.4,1859.35,127179.54
4291,Kerala,Kannur,Maize,Rabi,2025,34.28,1559.37,27.33,73.26,25.01,93.39,21.74,6.21,Rainfed,101.57,19.1,4.41,151.17,1893.82,286288.77
4292,Tamil Nadu,Trichy,Maize,Rabi,2019,36.68,1221.79,21.39,66.53,125.55,32.05,36.03,5.61,Rainfed,92.96,51.73,4.23,155.16,1615.46,250654.77
4293,Telangana,Nalgonda,Maize,Zaid,2019,3.9,1720.41,26.62,56.66,58.97,62.28,11.27,7.93,Canal,62.69,71.45,5.46,21.29,1951.95,41557.02
4294,Telangana,Khammam,Millet,Kharif,2020,29.99,481.72,34.92,86.99,111.36,28.0,11.7,5.96,Borewell,249.62,57.18,2.43,72.88,3201.77,233345.0
4295,Karnataka,Mandya,Groundnut,Kharif,2023,34.23,629.72,23.49,87.9,78.03,94.99,58.16,7.55,Rainfed,192.14,59.98,2.31,79.07,6666.54,527123.32
4296,Punjab,Jalandhar,Millet,Rabi,2025,12.08,1328.27,35.41,82.75,63.02,59.33,17.72,6.46,Canal,29.43,72.87,2.27,27.42,2723.08,74666.85
4297,Karnataka,Bangalore,Millet,Zaid,2024,23.07,627.39,29.77,70.96,49.2,95.47,111.29,5.32,Rainfed,77.9,17.78,1.99,45.91,3501.14,160737.34
4298,Uttar Pradesh,Meerut,Millet,Rabi,2018,39.71,1636.11,28.57,65.65,80.85,53.25,139.73,6.66,Sprinkler,207.73,71.61,2.62,104.04,2842.14,295696.25
4299,Kerala,Thrissur,Groundnut,Rabi,2021,10.39,742.51,28.4,43.3,80.34,76.3,118.49,7.63,Borewell,117.85,26.45,2.43,25.25,5300.51,133837.88
4300,Haryana,Ambala,Onion,Kharif,2022,8.49,1262.42,20.83,55.8,86.89,85.99,29.72,8.02,Sprinkler,36.34,16.8,5.36,45.51,2376.31,108145.87
4301,Andhra Pradesh,Kurnool,Maize,Kharif,2025,78.5,1643.29,32.54,84.47,63.13,58.83,112.69,7.87,Rainfed,194.8,60.32,4.49,352.47,1777.23,626420.26
4302,Punjab,Patiala,Maize,Rabi,2021,22.61,1792.84,34.23,67.63,99.9,28.65,79.93,7.85,Rainfed,172.57,14.68,4.54,102.65,2196.41,225461.49
4303,Punjab,Bathinda,Maize,Kharif,2020,5.98,595.13,24.98,85.68,24.21,12.59,102.14,5.54,Rainfed,191.75,64.66,4.23,25.3,1636.01,41391.05
4304,West Bengal,Nadia,Groundnut,Rabi,2021,76.12,1323.29,26.75,88.94,87.45,20.54,90.46,7.08,Borewell,193.35,45.43,3.22,245.11,5896.37,1445259.25
4305,Kerala,Palakkad,Onion,Zaid,2024,86.95,943.96,35.49,93.08,138.84,39.04,19.32,7.0,Drip,186.75,34.66,5.55,482.57,2074.41,1001048.03
4306,Andhra Pradesh,Guntur,Cotton,Zaid,2023,50.16,816.46,36.23,67.23,31.69,51.24,117.75,7.51,Drip,102.64,45.69,3.28,164.52,6922.41,1138874.89
4307,Tamil Nadu,Madurai,Rice,Rabi,2018,5.03,889.43,22.12,44.9,28.04,54.73,138.69,7.75,Borewell,189.19,27.91,4.76,23.94,2360.36,56507.02
4308,Haryana,Karnal,Wheat,Zaid,2024,80.93,1745.59,32.9,83.91,45.28,37.1,53.81,6.56,Borewell,193.82,57.37,4.18,338.29,2399.64,811774.22
4309,Punjab,Amritsar,Rice,Rabi,2025,19.22,1711.82,18.07,76.64,110.94,17.32,113.08,5.88,Borewell,51.23,45.46,4.82,92.64,2326.66,215541.78
4310,West Bengal,Nadia,Cotton,Zaid,2021,9.89,596.09,27.41,63.98,119.96,48.79,52.85,5.46,Borewell,248.92,38.46,3.33,32.93,7635.27,251429.44
4311,Uttar Pradesh,Kanpur,Cotton,Rabi,2020,49.54,1735.23,24.0,72.23,53.61,69.66,102.76,6.58,Drip,226.66,58.18,4.13,204.6,7060.17,1444510.78
4312,Tamil Nadu,Thanjavur,Potato,Rabi,2021,27.56,990.9,28.19,51.28,97.11,15.06,116.12,8.29,Canal,53.56,79.7,6.49,178.86,1712.03,306213.69
4313,Maharashtra,Nashik,Wheat,Rabi,2019,5.26,1313.49,22.55,81.84,138.91,62.59,117.54,5.26,Borewell,212.37,23.94,4.5,23.67,2099.09,49685.46
4314,Punjab,Bathinda,Wheat,Zaid,2021,30.54,1696.37,30.74,47.33,23.13,91.74,86.61,7.49,Drip,28.98,46.29,4.19,127.96,2222.11,284341.2
4315,Punjab,Jalandhar,Onion,Zaid,2024,9.88,1452.1,28.47,40.09,24.94,82.68,47.05,5.88,Borewell,40.68,27.04,4.98,49.2,2330.19,114645.35
4316,Andhra Pradesh,Kurnool,Onion,Kharif,2022,99.6,713.63,27.66,60.7,74.06,61.81,62.43,8.15,Rainfed,168.18,18.08,5.02,499.99,2286.61,1143282.13
4317,Tamil Nadu,Coimbatore,Rice,Kharif,2021,3.13,1522.89,19.59,64.76,101.95,63.58,68.87,6.64,Borewell,91.5,73.33,4.78,14.96,2413.98,36113.14
4318,Kerala,Thrissur,Rice,Rabi,2022,20.22,1705.34,36.69,50.02,84.76,87.06,33.52,5.96,Sprinkler,74.97,51.9,5.27,106.56,2238.88,238575.05
4319,Maharashtra,Pune,Cotton,Zaid,2020,49.38,1041.7,22.13,53.08,128.65,34.19,101.76,7.89,Borewell,203.12,70.59,3.28,161.97,6653.41,1077652.82
4320,Punjab,Patiala,Cotton,Rabi,2022,18.06,1291.06,31.87,77.53,138.21,30.53,14.22,7.37,Borewell,93.53,5.38,2.99,54.0,7276.22,392915.88
4321,Haryana,Panipat,Sugarcane,Rabi,2019,97.07,701.82,37.97,44.44,103.26,56.43,23.52,7.71,Drip,45.97,20.57,8.16,792.09,4119.86,3263299.91
4322,Maharashtra,Satara,Groundnut,Zaid,2024,52.85,989.27,31.76,68.33,98.73,35.9,57.51,5.57,Canal,207.57,8.58,2.18,115.21,6372.3,734152.68
4323,Punjab,Bathinda,Rice,Rabi,2020,31.79,1011.19,22.82,84.97,94.86,28.71,68.26,7.11,Canal,205.71,67.3,5.24,166.58,2658.81,442904.57
4324,Andhra Pradesh,Guntur,Millet,Zaid,2025,67.66,398.22,34.64,56.55,96.03,75.77,117.14,5.04,Borewell,46.57,67.15,2.07,140.06,3096.73,433728.0
4325,Maharashtra,Kolhapur,Cotton,Rabi,2018,30.68,601.84,19.14,85.77,77.33,53.81,118.8,5.68,Drip,114.94,25.31,2.93,89.89,7321.75,658152.11
4326,Maharashtra,Nashik,Potato,Zaid,2024,13.62,907.93,30.33,76.81,60.76,86.48,90.65,7.33,Drip,93.77,2.06,6.91,94.11,1930.57,181685.94
4327,Telangana,Khammam,Rice,Zaid,2020,54.85,1267.9,30.33,44.35,78.18,41.39,94.59,8.06,Rainfed,48.57,68.45,4.01,219.95,2706.63,595323.27
4328,Andhra Pradesh,Guntur,Groundnut,Zaid,2025,44.39,1663.57,24.89,60.56,130.08,33.66,22.45,5.0,Rainfed,58.56,46.65,2.29,101.65,4969.13,505112.06
4329,Uttar Pradesh,Varanasi,Sugarcane,Kharif,2025,15.71,1695.6,30.21,45.45,41.26,93.28,77.72,5.36,Drip,249.55,71.1,10.66,167.47,3807.71,637677.19
4330,Punjab,Jalandhar,Onion,Kharif,2023,87.41,1632.91,33.67,45.94,45.65,78.37,125.22,7.77,Borewell,154.63,29.14,5.8,506.98,2237.08,1134154.82
4331,Punjab,Bathinda,Groundnut,Kharif,2019,97.74,965.75,20.71,82.24,45.67,96.57,78.14,6.29,Rainfed,123.06,41.32,2.41,235.55,6295.34,1482867.34
4332,Uttar Pradesh,Varanasi,Sugarcane,Zaid,2021,57.64,962.82,32.6,55.91,102.84,69.85,121.04,5.2,Drip,247.21,79.04,10.13,583.89,3170.61,1851287.47
4333,Kerala,Kochi,Maize,Kharif,2020,74.81,536.31,23.29,53.33,43.25,56.26,132.57,6.29,Sprinkler,189.67,40.72,5.05,377.79,1809.56,683633.67
4334,West Bengal,Hooghly,Sugarcane,Kharif,2024,32.72,1063.19,36.07,67.3,104.51,31.98,20.75,6.85,Sprinkler,68.99,28.35,7.41,242.46,3510.13,851066.12
4335,Karnataka,Mysore,Groundnut,Zaid,2025,27.55,668.02,26.02,65.42,53.77,26.15,87.53,5.51,Borewell,206.91,44.55,2.67,73.56,5747.91,422816.26
4336,Andhra Pradesh,Krishna,Millet,Kharif,2024,33.02,1425.09,23.04,51.48,85.77,86.51,78.56,7.69,Drip,167.06,61.22,2.44,80.57,3389.46,273088.79
4337,Karnataka,Bangalore,Onion,Zaid,2022,85.44,411.54,27.06,87.72,63.6,28.7,74.23,7.22,Sprinkler,115.85,58.06,4.77,407.55,2564.47,1045149.75
4338,Karnataka,Hassan,Rice,Rabi,2023,31.41,649.28,37.16,40.24,101.11,86.82,149.1,5.61,Canal,218.99,70.85,5.26,165.22,2824.6,466680.41
4339,Uttar Pradesh,Agra,Maize,Kharif,2022,93.88,319.46,28.57,68.59,47.82,12.61,72.97,7.52,Rainfed,180.97,54.04,4.13,387.72,2222.92,861870.54
4340,Andhra Pradesh,Guntur,Maize,Kharif,2025,41.51,1216.67,23.55,52.0,49.2,94.14,58.43,6.9,Canal,117.52,45.97,5.2,215.85,2122.68,458180.48
4341,Kerala,Thrissur,Rice,Kharif,2022,31.75,1222.74,23.74,65.44,136.79,64.16,72.84,5.08,Drip,149.48,42.59,5.19,164.78,2596.83,427905.65
4342,Haryana,Rohtak,Cotton,Zaid,2025,29.45,786.9,21.05,93.31,79.58,38.61,76.4,8.5,Sprinkler,225.58,23.39,3.04,89.53,6967.79,623826.24
4343,Punjab,Amritsar,Cotton,Rabi,2022,95.51,1698.99,34.42,72.21,121.46,98.64,14.74,7.27,Canal,55.52,53.67,2.82,269.34,6507.8,1752810.85
4344,Telangana,Hyderabad,Rice,Zaid,2018,5.91,1714.93,28.77,67.61,81.12,79.97,95.99,5.79,Drip,177.26,35.87,5.51,32.56,2453.75,79894.1
4345,Kerala,Kannur,Cotton,Kharif,2023,57.48,646.19,19.08,45.79,95.61,92.81,61.09,6.75,Canal,178.65,18.57,3.01,173.01,6615.37,1144525.16
4346,West Bengal,Burdwan,Maize,Kharif,2025,96.27,1115.25,35.41,88.39,114.62,69.57,36.14,6.34,Borewell,239.8,52.13,5.29,509.27,1753.09,892796.14
4347,West Bengal,Hooghly,Sugarcane,Kharif,2024,95.88,658.77,26.67,60.03,127.09,96.16,55.3,7.16,Drip,127.79,43.16,8.49,814.02,3497.85,2847319.86
4348,Karnataka,Belgaum,Potato,Zaid,2019,11.97,1219.23,25.08,55.19,89.43,59.65,23.54,5.64,Canal,154.66,58.48,7.08,84.75,2095.55,177597.86
4349,Tamil Nadu,Coimbatore,Onion,Rabi,2021,20.09,1655.1,33.57,85.85,29.72,20.53,13.17,6.77,Sprinkler,157.9,39.83,5.69,114.31,2449.03,279948.62
4350,Andhra Pradesh,Nellore,Cotton,Kharif,2020,47.99,1264.53,22.24,94.58,20.21,21.3,44.64,7.85,Drip,80.97,78.5,3.32,159.33,7271.9,1158631.83
4351,West Bengal,Kolkata,Millet,Kharif,2022,47.47,840.25,28.08,55.73,40.28,82.58,34.29,6.81,Sprinkler,180.16,26.85,2.54,120.57,3159.65,380959.0
4352,Telangana,Warangal,Millet,Kharif,2019,37.92,917.99,36.12,51.76,135.73,95.14,107.82,6.66,Drip,186.12,20.52,3.12,118.31,3399.49,402193.66
4353,Karnataka,Bangalore,Wheat,Rabi,2021,46.74,1201.34,35.59,60.57,96.81,95.7,28.83,5.47,Drip,79.37,74.02,4.2,196.31,2251.73,442037.12
4354,West Bengal,Hooghly,Sugarcane,Zaid,2021,68.8,1495.52,18.49,47.57,132.14,10.39,130.57,7.53,Sprinkler,96.26,34.03,8.66,595.81,3711.79,2211521.6
4355,Andhra Pradesh,Kurnool,Millet,Rabi,2021,99.57,1290.04,22.66,86.52,109.4,84.84,11.65,7.53,Borewell,44.38,28.58,2.04,203.12,2900.03,589054.09
4356,Andhra Pradesh,Nellore,Tomato,Kharif,2024,50.88,1525.35,24.27,64.82,58.03,38.93,89.67,7.94,Sprinkler,208.81,59.59,7.13,362.77,2155.96,782117.61
4357,Maharashtra,Pune,Potato,Kharif,2022,33.15,1561.97,34.78,85.63,92.29,26.54,81.12,6.81,Drip,220.6,42.4,8.1,268.51,1919.01,515273.38
4358,Karnataka,Belgaum,Potato,Rabi,2024,47.24,1498.91,32.97,76.69,24.18,94.18,126.16,7.92,Borewell,173.92,77.3,7.63,360.44,1583.53,570767.55
4359,Uttar Pradesh,Lucknow,Millet,Rabi,2025,18.19,681.47,36.66,86.14,76.81,49.01,71.42,5.17,Rainfed,147.33,11.63,2.17,39.47,3264.99,128869.16
4360,Kerala,Palakkad,Groundnut,Rabi,2023,33.56,1265.03,31.01,52.68,27.03,32.24,31.54,6.02,Sprinkler,44.43,18.94,2.74,91.95,5341.3,491132.54
4361,Haryana,Panipat,Groundnut,Kharif,2019,61.4,915.55,21.05,86.34,121.63,48.22,13.04,6.31,Canal,94.82,49.79,2.24,137.54,5932.43,815946.42
4362,Uttar Pradesh,Meerut,Rice,Kharif,2025,50.32,846.86,33.02,58.72,56.43,66.72,23.62,6.02,Rainfed,58.82,32.45,3.54,178.13,2319.46,413165.41
4363,Karnataka,Mysore,Wheat,Kharif,2018,90.52,612.92,34.62,85.19,26.99,57.11,131.81,5.83,Drip,209.49,55.04,4.61,417.3,2182.63,910811.5
4364,Telangana,Hyderabad,Onion,Kharif,2018,73.97,305.55,18.35,46.66,22.93,99.76,72.84,7.55,Borewell,51.57,34.91,3.45,255.2,2541.45,648578.04
4365,Telangana,Nalgonda,Sugarcane,Kharif,2022,8.22,357.64,21.67,77.01,127.45,23.16,96.12,7.64,Canal,164.35,54.14,7.92,65.1,3592.59,233877.61
4366,Maharashtra,Nagpur,Millet,Kharif,2020,80.76,803.42,33.34,85.09,77.92,47.96,93.09,5.53,Drip,69.35,58.6,2.32,187.36,2585.6,484438.02
4367,Maharashtra,Nagpur,Maize,Kharif,2021,21.81,1020.34,28.69,65.66,107.84,99.29,16.34,5.81,Canal,163.27,63.82,5.67,123.66,1840.15,227552.95
4368,Tamil Nadu,Coimbatore,Millet,Zaid,2023,65.87,455.21,33.03,46.01,55.16,21.32,113.65,8.45,Drip,109.67,49.35,2.39,157.43,2617.09,412008.48
4369,Maharashtra,Pune,Maize,Zaid,2022,58.55,1024.03,38.0,52.3,35.92,89.36,31.82,6.84,Canal,34.04,55.46,4.6,269.33,1723.54,464201.03
4370,Kerala,Thrissur,Wheat,Rabi,2018,17.74,988.0,29.35,85.05,85.5,65.53,120.96,7.26,Sprinkler,120.27,69.53,4.49,79.65,1965.31,156536.94
4371,West Bengal,Nadia,Maize,Zaid,2025,77.55,1092.84,34.92,88.24,43.9,54.83,139.75,7.14,Sprinkler,179.15,64.57,5.45,422.65,1740.43,735592.74
4372,Kerala,Kochi,Groundnut,Rabi,2025,61.68,508.28,29.34,84.35,20.92,12.43,134.88,5.26,Canal,99.19,26.85,2.56,157.9,5916.05,934144.3
4373,Andhra Pradesh,Guntur,Groundnut,Kharif,2024,73.75,948.12,36.06,49.94,68.01,20.13,33.08,6.18,Sprinkler,82.91,65.78,2.77,204.29,5040.97,1029819.76
4374,Karnataka,Hassan,Sugarcane,Kharif,2019,8.85,689.04,22.56,42.57,68.4,22.95,23.95,8.48,Canal,128.86,21.7,7.92,70.09,3442.6,241291.83
4375,Punjab,Ludhiana,Wheat,Zaid,2022,72.53,1436.49,37.76,41.4,26.12,48.8,38.26,8.31,Rainfed,239.02,58.26,3.94,285.77,1929.84,551490.38
4376,Tamil Nadu,Thanjavur,Tomato,Zaid,2024,55.15,561.91,36.0,55.98,71.11,35.31,53.07,7.89,Rainfed,164.84,75.99,4.92,271.34,2339.68,634848.77
4377,West Bengal,Hooghly,Rice,Kharif,2023,21.82,707.15,37.97,68.8,109.64,24.24,14.2,7.12,Rainfed,73.16,73.61,3.27,71.35,2237.27,159629.21
4378,Maharashtra,Nagpur,Rice,Rabi,2020,67.1,360.58,36.77,60.06,30.37,79.07,106.78,7.57,Canal,35.66,67.17,3.33,223.44,2191.86,489749.2
4379,Tamil Nadu,Madurai,Rice,Rabi,2023,99.8,1764.94,25.51,57.9,67.35,14.19,148.19,7.75,Canal,54.74,48.54,4.63,462.07,2159.5,997840.17
4380,Uttar Pradesh,Agra,Rice,Rabi,2019,88.68,1198.42,21.44,61.02,109.23,56.47,127.98,8.22,Borewell,25.08,25.77,4.1,363.59,2766.58,1005900.82
4381,West Bengal,Murshidabad,Cotton,Kharif,2021,69.97,1573.64,25.0,84.96,89.71,71.09,84.84,5.15,Canal,102.78,15.85,3.72,260.29,7407.2,1928020.09
4382,West Bengal,Kolkata,Wheat,Zaid,2018,52.91,674.69,37.74,94.81,78.0,61.89,99.07,6.52,Drip,46.91,74.73,3.87,204.76,2489.86,509823.73
4383,Karnataka,Mysore,Millet,Rabi,2024,45.25,939.96,25.51,50.77,98.83,49.76,50.0,6.73,Borewell,207.59,72.34,2.79,126.25,2568.87,324319.84
4384,Telangana,Nalgonda,Potato,Rabi,2021,95.68,1415.27,25.65,90.77,81.66,95.64,106.24,7.83,Rainfed,106.77,27.4,6.18,591.3,1543.76,912825.29
4385,West Bengal,Burdwan,Maize,Rabi,2022,58.22,1533.75,27.6,65.47,78.73,88.18,118.3,7.25,Drip,94.63,9.77,5.71,332.44,1690.33,561933.31
4386,Tamil Nadu,Salem,Onion,Zaid,2018,79.37,1536.18,23.58,79.05,120.73,64.09,31.73,7.86,Sprinkler,78.89,33.7,5.36,425.42,2509.12,1067429.83
4387,Andhra Pradesh,Guntur,Tomato,Rabi,2025,36.06,1642.43,24.14,66.69,24.64,99.07,118.09,6.26,Borewell,61.19,30.87,6.04,217.8,2332.55,508029.39
4388,Haryana,Hisar,Wheat,Kharif,2019,93.94,1128.36,23.13,72.14,82.34,18.77,119.22,5.46,Drip,52.29,31.85,4.61,433.06,2071.95,897278.67
4389,Uttar Pradesh,Meerut,Groundnut,Kharif,2025,32.0,1603.37,26.92,75.13,64.55,38.68,61.5,6.75,Sprinkler,52.7,28.31,2.43,77.76,5632.31,437968.43
4390,Karnataka,Mandya,Millet,Zaid,2023,99.52,490.37,19.35,89.64,130.83,75.94,140.79,7.33,Canal,95.81,32.68,2.58,256.76,2917.8,749174.33
4391,Haryana,Hisar,Maize,Kharif,2018,39.99,1784.81,32.51,55.83,53.69,24.31,118.95,7.94,Rainfed,115.25,24.93,4.59,183.55,1937.74,355672.18
4392,Haryana,Panipat,Millet,Rabi,2022,87.63,320.15,27.99,91.31,79.42,32.81,116.67,5.61,Rainfed,51.25,4.71,1.92,168.25,3273.92,550837.04
4393,Haryana,Rohtak,Maize,Kharif,2023,73.76,394.98,36.12,75.4,40.5,44.66,52.87,6.18,Drip,110.22,19.84,4.39,323.81,1702.86,551403.1
4394,Kerala,Kollam,Wheat,Kharif,2023,76.94,1575.13,35.14,57.7,135.58,21.05,76.81,5.81,Rainfed,70.95,76.09,4.04,310.84,2135.53,663808.15
4395,West Bengal,Kolkata,Wheat,Rabi,2025,10.07,962.96,23.4,90.24,68.34,14.26,133.8,7.64,Drip,241.77,73.98,5.31,53.47,2582.48,138085.21
4396,Uttar Pradesh,Lucknow,Maize,Rabi,2024,7.07,1728.28,26.42,59.89,60.6,71.87,92.53,7.58,Borewell,246.93,78.82,5.46,38.6,2210.48,85324.53
4397,Haryana,Rohtak,Potato,Zaid,2025,53.7,1455.05,32.54,88.12,36.75,92.49,117.97,7.0,Rainfed,109.8,64.65,5.72,307.16,1553.97,477317.43
4398,Andhra Pradesh,Guntur,Rice,Zaid,2025,48.82,391.05,21.38,40.81,100.6,74.66,30.84,7.12,Canal,239.34,28.17,4.93,240.68,2667.89,642107.77
4399,Tamil Nadu,Salem,Tomato,Kharif,2021,62.49,318.11,29.88,56.3,137.93,14.77,86.58,7.98,Borewell,86.7,61.99,4.76,297.45,2602.41,774086.85
4400,Haryana,Karnal,Sugarcane,Kharif,2019,97.06,329.3,20.79,63.46,116.27,51.5,48.76,7.69,Borewell,229.67,79.21,7.98,774.54,3732.7,2891125.46
4401,West Bengal,Burdwan,Wheat,Kharif,2019,53.91,981.85,30.44,53.89,39.9,85.2,23.54,5.2,Canal,110.22,37.61,3.89,209.71,2497.64,523780.08
4402,Telangana,Nalgonda,Tomato,Rabi,2021,37.51,1190.3,25.12,78.48,136.1,22.49,76.3,7.43,Sprinkler,216.09,70.09,7.14,267.82,2657.91,711841.46
4403,Haryana,Rohtak,Millet,Rabi,2019,24.15,1595.27,36.07,73.64,118.44,23.79,72.02,8.4,Sprinkler,247.49,71.14,2.43,58.68,2671.54,156765.97
4404,Maharashtra,Pune,Millet,Kharif,2023,34.64,1232.67,32.12,86.18,87.4,48.52,21.64,7.58,Drip,90.21,9.11,2.65,91.8,2647.51,243041.42
4405,Karnataka,Mandya,Sugarcane,Kharif,2024,88.19,911.38,25.33,50.56,104.39,34.76,34.31,7.58,Drip,192.83,73.33,9.37,826.34,4108.44,3394968.31
4406,Karnataka,Bangalore,Tomato,Zaid,2024,73.3,857.96,24.27,85.03,115.94,86.25,104.9,8.43,Borewell,187.17,65.47,6.43,471.32,2885.55,1360017.43
4407,Tamil Nadu,Thanjavur,Millet,Kharif,2024,43.99,661.08,33.06,86.26,133.77,33.54,77.27,5.74,Canal,176.37,5.95,2.63,115.69,3374.46,390391.28
4408,West Bengal,Kolkata,Onion,Zaid,2020,85.19,527.42,28.24,40.46,110.26,36.79,26.41,5.18,Rainfed,113.35,46.03,3.87,329.69,2454.94,809369.17
4409,Kerala,Palakkad,Rice,Kharif,2020,14.55,1502.83,36.05,83.08,84.38,40.05,99.66,5.79,Canal,143.18,56.29,5.19,75.51,2106.99,159098.81
4410,Tamil Nadu,Coimbatore,Groundnut,Rabi,2019,36.33,699.64,32.33,83.29,139.03,25.88,115.12,6.38,Sprinkler,231.27,7.29,3.15,114.44,5658.51,647559.88
4411,Kerala,Kollam,Groundnut,Kharif,2023,22.94,321.29,29.59,84.79,99.26,23.59,107.8,7.0,Drip,211.88,50.83,3.58,82.13,6441.27,529021.51
4412,Uttar Pradesh,Varanasi,Cotton,Kharif,2021,7.79,1577.37,18.24,90.41,34.9,76.32,62.38,6.68,Canal,37.93,63.55,3.1,24.15,5569.47,134502.7
4413,Karnataka,Mandya,Rice,Kharif,2019,40.06,655.57,29.48,42.79,99.63,81.13,26.01,8.38,Rainfed,112.91,33.89,3.82,153.03,2659.27,406948.09
4414,Karnataka,Hassan,Groundnut,Rabi,2024,85.51,980.46,18.35,74.57,113.29,17.9,105.53,7.15,Rainfed,197.84,43.55,2.21,188.98,5836.94,1103064.92
4415,Andhra Pradesh,Chittoor,Maize,Kharif,2025,16.82,482.57,27.26,43.54,80.74,41.71,74.38,6.74,Canal,217.94,68.82,5.58,93.86,2116.11,198618.08
4416,Tamil Nadu,Thanjavur,Groundnut,Rabi,2023,61.47,1573.04,34.22,53.13,129.4,39.86,56.0,5.46,Borewell,141.58,34.68,2.78,170.89,5412.29,924906.24
4417,Andhra Pradesh,Krishna,Cotton,Zaid,2020,80.48,600.8,34.15,88.94,139.15,56.51,87.25,7.16,Drip,52.79,46.18,2.71,218.1,6480.41,1413377.42
4418,Tamil Nadu,Thanjavur,Maize,Rabi,2022,26.0,725.27,35.27,59.35,47.95,61.66,129.88,6.42,Drip,102.28,7.59,5.22,135.72,1721.92,233698.98
4419,Haryana,Rohtak,Tomato,Zaid,2019,89.1,1461.12,18.65,71.31,103.0,55.05,27.04,7.71,Borewell,79.17,18.86,5.8,516.78,2418.27,1249713.57
4420,West Bengal,Burdwan,Millet,Zaid,2018,37.06,555.14,26.04,94.77,67.97,84.9,44.55,7.63,Sprinkler,112.77,63.21,2.19,81.16,2667.55,216498.36
4421,Maharashtra,Nagpur,Groundnut,Kharif,2023,98.21,567.23,28.12,82.33,121.68,65.67,38.46,5.2,Canal,76.7,74.31,2.32,227.85,5600.08,1275978.23
4422,Uttar Pradesh,Lucknow,Wheat,Zaid,2023,54.64,675.46,31.29,41.58,35.29,13.72,142.61,7.17,Drip,156.04,47.06,4.57,249.7,2025.46,505757.36
4423,West Bengal,Murshidabad,Groundnut,Kharif,2024,83.3,1153.91,26.51,51.22,136.71,16.78,10.49,5.13,Drip,70.96,78.56,2.53,210.75,5380.45,1133929.84
4424,Tamil Nadu,Madurai,Potato,Kharif,2018,49.91,1035.42,27.93,63.06,52.62,29.22,19.6,7.19,Drip,27.23,14.6,6.46,322.42,1630.97,525857.35
4425,Karnataka,Mandya,Sugarcane,Zaid,2019,56.19,742.26,34.07,47.44,21.33,99.09,10.79,5.6,Borewell,108.3,55.55,7.01,393.89,4090.19,1611084.94
4426,Punjab,Amritsar,Wheat,Zaid,2023,51.19,1742.04,18.77,86.99,48.35,91.18,136.87,7.19,Rainfed,167.1,16.84,3.94,201.69,2327.42,469417.34
4427,West Bengal,Nadia,Millet,Rabi,2024,52.96,540.08,20.24,55.42,44.37,80.47,71.75,6.52,Canal,247.05,68.08,2.5,132.4,3198.19,423440.36
4428,Andhra Pradesh,Kurnool,Maize,Kharif,2018,54.89,463.82,28.52,88.35,81.18,49.33,75.29,8.18,Rainfed,229.91,25.59,4.31,236.58,1853.54,438510.49
4429,Telangana,Nalgonda,Tomato,Zaid,2021,38.65,1022.72,18.36,49.35,50.25,42.9,56.56,5.94,Sprinkler,129.56,65.33,5.79,223.78,2566.39,574306.75
4430,Karnataka,Belgaum,Maize,Kharif,2018,95.01,1427.83,34.08,67.76,131.82,25.4,46.33,7.05,Canal,236.68,16.47,5.5,522.56,1892.6,988997.06
4431,Uttar Pradesh,Agra,Sugarcane,Kharif,2023,68.04,1547.47,22.02,46.9,76.85,45.75,139.99,7.48,Drip,68.13,39.68,8.71,592.63,3053.63,1809672.75
4432,Kerala,Kochi,Maize,Zaid,2022,58.64,1081.57,32.37,43.17,38.76,84.97,68.0,7.12,Sprinkler,132.68,25.31,5.53,324.28,1673.53,542692.31
4433,Tamil Nadu,Madurai,Rice,Rabi,2022,8.84,1079.16,35.65,75.92,67.56,45.4,56.98,5.41,Canal,68.26,38.32,4.05,35.8,2355.74,84335.49
4434,Maharashtra,Kolhapur,Rice,Zaid,2023,3.5,972.45,20.21,61.27,104.48,46.02,103.16,5.61,Drip,29.78,64.9,3.83,13.41,2209.9,29634.76
4435,Punjab,Amritsar,Maize,Zaid,2024,40.81,493.87,28.75,52.39,117.21,72.11,96.99,5.97,Borewell,144.31,62.39,4.82,196.7,1938.24,381251.81
4436,Tamil Nadu,Trichy,Cotton,Kharif,2022,32.19,874.46,32.9,73.87,86.67,75.21,142.05,7.7,Sprinkler,230.73,42.48,3.28,105.58,5742.47,606289.98
4437,Uttar Pradesh,Lucknow,Potato,Rabi,2024,93.79,560.67,31.44,93.55,93.69,52.65,57.56,8.2,Drip,69.0,52.59,6.78,635.9,2106.05,1339237.2
4438,Haryana,Ambala,Rice,Rabi,2025,89.09,1581.64,26.75,67.36,90.29,37.13,85.71,7.19,Sprinkler,70.3,47.22,4.93,439.21,2531.89,1112031.41
4439,Maharashtra,Satara,Sugarcane,Rabi,2021,73.54,598.76,31.57,86.3,49.6,84.1,30.77,5.91,Rainfed,237.74,32.5,7.15,525.81,4014.42,2110822.18
4440,Andhra Pradesh,Krishna,Tomato,Rabi,2018,17.83,989.47,28.2,86.96,48.48,19.11,49.35,6.97,Drip,33.57,55.89,5.7,101.63,2643.86,268695.49
4441,Uttar Pradesh,Agra,Potato,Rabi,2020,90.21,642.56,23.25,91.83,110.59,71.32,17.31,7.54,Canal,66.94,78.32,6.06,546.67,2033.16,1111467.58
4442,Uttar Pradesh,Meerut,Millet,Rabi,2022,78.18,1462.53,31.14,64.51,105.63,77.26,126.04,7.92,Canal,230.94,48.72,2.62,204.83,3053.21,625389.0
4443,Andhra Pradesh,Krishna,Wheat,Kharif,2022,8.74,1006.46,37.7,86.35,100.62,18.0,78.39,7.87,Drip,141.96,13.3,4.45,38.89,2048.47,79665.0
4444,Andhra Pradesh,Guntur,Tomato,Zaid,2024,21.98,775.85,34.96,66.2,116.29,90.72,60.21,7.54,Drip,106.6,33.74,6.46,141.99,2224.76,315893.67
4445,Tamil Nadu,Coimbatore,Rice,Rabi,2025,31.71,1139.51,19.45,67.87,79.83,98.13,74.08,6.91,Drip,145.09,56.72,4.88,154.74,2750.74,425649.51
4446,Maharashtra,Satara,Groundnut,Kharif,2022,61.72,540.6,33.96,49.4,30.14,32.26,102.27,6.82,Drip,38.39,55.97,2.53,156.15,6651.25,1038592.69
4447,Tamil Nadu,Coimbatore,Potato,Kharif,2018,47.05,914.21,26.24,74.66,127.64,46.11,35.39,5.87,Rainfed,128.11,27.42,5.84,274.77,1788.06,491305.25
4448,Uttar Pradesh,Lucknow,Onion,Rabi,2024,50.51,1308.06,26.08,48.07,118.18,51.5,72.49,7.64,Borewell,225.79,72.68,5.46,275.78,2222.48,612915.53
4449,Telangana,Karimnagar,Onion,Rabi,2018,68.05,416.86,33.19,91.98,100.73,94.89,24.41,5.64,Borewell,212.13,62.22,4.83,328.68,2189.69,719707.31
4450,Telangana,Khammam,Sugarcane,Zaid,2024,35.4,,25.27,76.6,76.0,17.54,116.85,7.31,Drip,53.08,13.3,8.31,294.17,3883.46,1142397.43
4451,Tamil Nadu,Madurai,Rice,Rabi,2018,75.41,1030.09,25.96,76.12,109.19,15.15,86.93,8.49,Sprinkler,90.31,55.76,4.76,358.95,2605.23,935147.31
4452,Karnataka,Hassan,Wheat,Zaid,2025,90.63,1521.1,18.89,87.86,103.36,54.96,30.32,5.36,Sprinkler,69.13,2.48,4.61,417.8,1964.41,820730.5
4453,Maharashtra,Satara,Tomato,Kharif,2021,53.35,1674.09,31.19,90.39,87.73,75.11,65.17,5.25,Drip,196.91,4.79,7.6,405.46,2387.81,968161.44
4454,Kerala,Palakkad,Rice,Kharif,2019,43.17,673.53,35.11,92.48,55.54,61.05,41.72,5.53,Borewell,40.47,69.55,3.82,164.91,2293.92,378290.35
4455,Punjab,Bathinda,Tomato,Zaid,2018,11.02,1482.54,29.2,58.61,65.35,49.38,28.21,5.47,Rainfed,227.04,55.43,5.59,61.6,2579.53,158899.05
4456,Punjab,Jalandhar,Sugarcane,Kharif,2022,72.38,1188.74,33.25,56.4,130.33,56.25,94.56,8.06,Borewell,139.69,35.41,8.6,622.47,3123.73,1944428.21
4457,Haryana,Karnal,Sugarcane,Rabi,2019,24.38,1605.21,37.46,74.61,61.25,22.32,126.62,7.7,Canal,127.47,79.65,8.76,213.57,4013.32,857124.75
4458,Uttar Pradesh,Meerut,Millet,Kharif,2022,54.98,1634.24,28.19,85.96,104.15,12.25,93.61,7.88,Drip,49.58,66.32,2.7,148.45,2647.57,393031.77
4459,Uttar Pradesh,Meerut,Maize,Zaid,2022,21.38,991.68,30.41,67.44,41.92,94.91,112.01,6.98,Borewell,53.92,52.42,4.78,102.2,2241.1,229040.42
4460,Uttar Pradesh,Kanpur,Maize,Rabi,2025,94.25,891.64,21.03,59.94,84.48,14.07,81.51,7.12,Sprinkler,203.04,63.14,5.16,486.33,1943.79,945323.39
4461,Punjab,Jalandhar,Cotton,Rabi,2022,56.26,849.83,34.57,60.59,126.55,93.39,121.78,7.65,Drip,189.09,41.13,3.8,213.79,7654.1,1636370.04
4462,Andhra Pradesh,Chittoor,Onion,Zaid,2018,24.95,1273.88,24.54,76.14,47.84,25.92,48.75,7.75,Rainfed,220.1,32.55,5.03,125.5,1875.39,235361.45
4463,Karnataka,Mandya,Cotton,Zaid,2018,1.01,396.42,28.88,41.16,122.69,57.01,140.97,5.01,Borewell,227.67,71.36,2.87,2.9,7395.49,21446.92
4464,Maharashtra,Nagpur,Rice,Zaid,2021,40.8,1619.61,35.37,54.76,130.95,19.87,90.32,6.53,Drip,49.8,65.96,5.22,212.98,2062.34,439237.17
4465,Maharashtra,Pune,Sugarcane,Rabi,2025,47.78,765.46,18.1,40.11,115.16,92.93,65.89,7.21,Sprinkler,171.98,2.86,8.83,421.9,3090.36,1303822.88
4466,West Bengal,Nadia,Millet,Kharif,2019,19.95,1711.29,29.2,48.42,109.91,45.61,,5.17,Drip,107.89,9.45,2.71,54.06,3352.6,181241.56
4467,Uttar Pradesh,Meerut,Onion,Kharif,2025,94.46,1178.45,23.38,65.74,48.5,86.87,67.6,7.5,Sprinkler,126.11,16.32,5.67,535.59,2046.78,1096234.9
4468,Maharashtra,Nagpur,Maize,Zaid,2022,58.48,1307.62,35.17,47.21,60.8,37.1,70.58,8.05,Rainfed,125.21,34.86,3.64,212.87,2029.82,432087.78
4469,Haryana,Karnal,Wheat,Rabi,2018,34.13,1069.11,28.96,90.4,77.69,62.68,106.94,6.06,Sprinkler,195.47,68.8,4.48,152.9,2604.66,398252.51
4470,Maharashtra,Nagpur,Onion,Zaid,2021,36.48,585.69,19.54,91.27,129.05,30.29,,5.29,Canal,147.75,21.23,4.91,179.12,2415.37,432641.07
4471,Uttar Pradesh,Agra,Millet,Zaid,2025,17.72,1486.75,24.63,59.38,81.61,93.89,115.1,6.88,Rainfed,249.97,28.17,2.72,48.2,3212.58,154846.36
4472,Telangana,Nalgonda,Sugarcane,Zaid,2019,94.47,851.18,34.58,41.86,134.54,44.07,12.35,5.67,Canal,127.01,40.71,8.04,759.54,4040.58,3068982.13
4473,Karnataka,Bangalore,Groundnut,Zaid,2023,9.5,1057.88,24.03,78.61,54.99,72.59,119.15,6.0,Canal,142.96,56.97,2.62,24.89,6269.02,156035.91
4474,Telangana,Karimnagar,Sugarcane,Zaid,2021,35.66,625.54,26.39,87.51,41.95,74.89,146.61,6.57,Sprinkler,237.45,57.31,9.29,331.28,3018.01,999806.35
4475,Haryana,Hisar,Groundnut,Zaid,2023,65.33,864.04,27.73,73.95,41.41,63.08,83.93,8.31,Sprinkler,173.1,55.65,3.01,196.64,5742.13,1129132.44
4476,Tamil Nadu,Thanjavur,Wheat,Rabi,2021,32.93,1287.36,25.99,63.43,50.77,99.35,56.09,5.43,Sprinkler,175.05,78.15,4.61,151.81,2357.94,357958.87
4477,Maharashtra,Satara,Onion,Zaid,2021,10.93,980.71,26.81,45.74,123.53,79.97,91.44,7.98,Canal,46.6,39.61,4.66,50.93,2508.99,127782.86
4478,Karnataka,Belgaum,Sugarcane,Kharif,2024,42.29,1345.1,26.63,41.84,21.52,83.85,47.3,5.42,Borewell,46.52,71.59,7.67,324.36,3623.94,1175461.18
4479,Tamil Nadu,Salem,Maize,Rabi,2022,65.9,1711.91,29.51,48.38,45.35,66.96,126.38,7.09,Drip,97.08,51.98,5.93,390.79,2244.28,877042.18
4480,Maharashtra,Nashik,Rice,Kharif,2022,90.48,687.98,29.51,63.16,112.73,66.63,120.61,5.94,Drip,207.3,65.16,5.26,475.92,2423.74,1153506.34
4481,Tamil Nadu,Trichy,Potato,Zaid,2021,83.18,994.88,34.33,47.93,83.17,43.27,148.59,7.67,Borewell,154.54,10.72,6.43,534.85,1878.68,1004812.0
4482,Punjab,Bathinda,Millet,Zaid,2021,42.39,405.17,20.81,82.73,65.17,50.42,37.33,6.35,Borewell,167.03,4.41,2.4,101.74,2757.44,280541.95
4483,Karnataka,Mysore,Wheat,Rabi,2019,39.41,1776.41,28.54,58.29,108.49,32.36,43.12,7.71,Sprinkler,184.86,36.15,4.96,195.47,2316.96,452896.17
4484,Tamil Nadu,Coimbatore,Tomato,Zaid,2022,17.17,1702.92,24.77,85.95,56.25,35.36,81.82,8.45,Rainfed,90.97,77.54,5.15,88.43,2514.95,222397.03
4485,West Bengal,Murshidabad,Potato,Kharif,2019,30.28,1799.76,34.15,79.01,50.69,88.1,95.45,5.81,Borewell,99.01,72.15,7.24,219.23,1944.88,426376.04
4486,Telangana,Warangal,Groundnut,Kharif,2025,99.41,927.37,31.6,73.8,47.01,10.16,147.3,7.65,Sprinkler,53.3,63.74,2.29,227.65,4953.47,1127657.45
4487,West Bengal,Burdwan,Tomato,Zaid,2022,90.92,1617.53,31.17,75.14,107.09,39.47,54.07,5.08,Borewell,69.79,42.62,5.81,528.25,2668.07,1409407.98
4488,West Bengal,Kolkata,Tomato,Kharif,2024,63.39,403.94,33.29,77.94,63.21,75.09,35.12,5.69,Canal,94.46,42.78,5.21,330.26,2781.76,918704.06
4489,Telangana,Nalgonda,Groundnut,Kharif,2022,65.24,813.15,37.4,49.94,118.4,88.82,112.95,6.63,Canal,176.95,33.94,2.4,156.58,6829.59,1069377.2
4490,West Bengal,Hooghly,Rice,Zaid,2023,72.86,538.31,21.0,42.63,116.99,94.96,136.2,6.28,Canal,89.88,4.12,4.17,303.83,2574.43,782189.07
4491,Andhra Pradesh,Nellore,Tomato,Zaid,2024,63.49,506.06,34.05,46.76,88.47,75.8,11.12,6.55,Rainfed,46.73,73.36,4.19,266.02,2194.43,583762.27
4492,Kerala,Kannur,Millet,Rabi,2022,33.81,1248.27,34.8,58.98,84.45,33.67,56.43,8.3,Drip,77.55,38.15,2.6,87.91,2964.55,260613.59
4493,Karnataka,Mysore,Groundnut,Rabi,2022,87.64,1203.86,24.37,78.92,36.37,98.92,141.29,5.78,Rainfed,205.08,22.57,2.54,222.61,6665.82,1483878.19
4494,Telangana,Karimnagar,Millet,Rabi,2018,19.47,1091.25,34.91,78.43,75.35,21.41,17.89,8.33,Rainfed,141.23,68.45,2.07,40.3,3579.95,144271.98
4495,Maharashtra,Pune,Onion,Kharif,2022,30.11,430.18,32.24,72.1,45.19,72.42,107.73,7.13,Rainfed,21.95,8.16,3.44,103.58,2043.71,211687.48
4496,Kerala,Kollam,Potato,Zaid,2022,83.68,1202.74,31.19,51.24,37.65,50.74,74.61,7.41,Rainfed,115.98,27.13,5.52,461.91,1886.77,871517.93
4497,Haryana,Ambala,Rice,Rabi,2021,2.96,505.64,18.65,69.08,70.04,56.45,42.09,5.7,Canal,128.91,75.75,4.61,13.65,2178.85,29741.3
4498,Punjab,Patiala,Maize,Zaid,2021,51.22,1464.32,37.34,57.67,34.31,80.25,50.09,6.01,Drip,218.67,25.21,6.15,315.0,2049.11,645469.65
4499,Karnataka,Mandya,Millet,Rabi,2023,46.95,561.93,31.95,69.6,36.51,27.43,97.77,5.2,Drip,231.1,30.85,2.74,128.64,2959.6,380722.94
4500,Karnataka,Mandya,Onion,Zaid,2021,92.95,906.74,26.71,82.67,75.32,47.98,149.52,7.7,Borewell,196.67,65.54,5.8,539.11,2082.92,1122923.0
4501,Kerala,Kollam,Onion,Kharif,2021,10.42,1618.14,36.95,47.54,44.41,41.36,27.62,5.36,Sprinkler,182.02,29.8,5.71,59.5,2124.58,126412.51
4502,Uttar Pradesh,Kanpur,Wheat,Kharif,2022,36.78,1458.7,37.13,50.56,33.42,52.54,81.19,6.97,Sprinkler,131.06,79.22,4.67,171.76,2568.8,441217.09
4503,Maharashtra,Satara,Millet,Zaid,2023,53.62,1099.62,34.49,50.18,80.22,47.29,85.03,6.02,Sprinkler,165.04,70.36,2.57,137.8,3577.73,493011.19
4504,Tamil Nadu,Madurai,Potato,Rabi,2018,91.64,521.48,26.43,79.46,47.67,44.82,147.75,6.22,Canal,193.84,30.89,6.48,593.83,1738.18,1032183.43
4505,Karnataka,Belgaum,Onion,Rabi,2023,42.37,1185.98,30.62,93.6,116.66,85.07,113.46,7.34,Rainfed,102.34,65.24,4.75,201.26,2166.77,436084.13
4506,Maharashtra,Nagpur,Cotton,Zaid,2024,16.4,807.65,27.83,85.29,87.79,70.62,66.12,5.99,Drip,98.3,39.86,2.95,48.38,6060.5,293206.99
4507,Uttar Pradesh,Lucknow,Onion,Rabi,2021,49.84,1358.45,37.02,67.58,43.63,21.45,136.34,7.07,Sprinkler,188.5,75.68,6.01,299.54,2347.87,703280.98
4508,Punjab,Jalandhar,Rice,Rabi,2025,72.38,681.0,33.45,61.01,111.08,63.78,45.57,8.12,Borewell,49.49,74.08,4.16,301.1,2545.2,766359.72
4509,Karnataka,Hassan,Maize,Kharif,2019,21.99,1674.81,30.26,79.52,28.66,32.92,118.74,7.71,Borewell,61.45,60.05,4.54,99.83,1799.97,179691.01
4510,Kerala,Kannur,Wheat,Rabi,2024,13.99,1625.07,18.21,54.86,79.77,47.47,20.36,6.03,Canal,121.35,15.02,4.2,58.76,2567.49,150865.71
4511,Haryana,Panipat,Wheat,Kharif,2020,21.34,1184.99,24.96,52.22,22.63,18.01,113.8,8.11,Drip,139.28,17.93,4.75,101.36,2238.18,226861.92
4512,Haryana,Ambala,Rice,Rabi,2020,34.08,1289.95,36.72,87.63,100.74,29.04,94.4,6.92,Sprinkler,68.88,44.05,4.54,154.72,2157.28,333774.36
4513,Uttar Pradesh,Kanpur,Potato,Rabi,2025,96.85,1125.01,37.48,72.21,128.39,10.59,88.72,5.09,Rainfed,108.28,38.83,5.48,530.74,2083.5,1105796.79
4514,Maharashtra,Nashik,Sugarcane,Rabi,2020,6.03,1672.61,24.3,44.05,83.13,18.11,65.64,6.33,Rainfed,168.87,18.0,7.77,46.85,3567.51,167137.84
4515,Uttar Pradesh,Kanpur,Sugarcane,Kharif,2025,27.27,1774.57,23.65,89.42,29.73,45.79,52.26,6.23,Canal,78.9,29.1,8.55,233.16,4199.11,979064.49
4516,Uttar Pradesh,Kanpur,Groundnut,Zaid,2019,98.47,1728.6,23.07,63.23,86.28,57.87,67.39,6.95,Rainfed,246.89,67.04,2.32,228.45,5871.58,1341362.45
4517,West Bengal,Nadia,Wheat,Zaid,2018,49.98,942.93,23.26,61.71,122.46,86.63,118.67,7.68,Borewell,223.0,54.45,4.03,201.42,2394.34,482267.96
4518,Maharashtra,Pune,Potato,Kharif,2025,16.45,526.59,36.32,65.36,46.71,37.42,44.96,8.39,Sprinkler,137.67,4.67,6.34,104.29,1663.3,173465.56
4519,West Bengal,Nadia,Cotton,Kharif,2020,44.45,1651.54,18.66,48.09,100.72,92.89,103.06,8.38,Sprinkler,158.27,2.24,2.86,127.13,6752.93,858499.99
4520,Telangana,Khammam,Cotton,Zaid,2022,63.71,762.04,29.15,59.1,60.89,39.14,65.01,5.26,Canal,105.47,35.21,3.04,193.68,7363.39,1426141.38
4521,Tamil Nadu,Coimbatore,Potato,Zaid,2023,71.58,1290.86,28.98,60.52,125.78,67.74,108.51,5.52,Rainfed,192.28,45.42,5.54,396.55,1776.97,704657.45
4522,Haryana,Ambala,Potato,Rabi,2025,32.09,655.89,29.45,79.68,101.89,96.93,42.43,6.72,Sprinkler,212.54,66.24,6.92,222.06,1535.26,340919.84
4523,Tamil Nadu,Trichy,Onion,Rabi,2019,55.66,1344.38,28.64,56.72,84.82,65.93,20.16,5.48,Drip,178.71,65.16,6.29,350.1,2149.65,752592.47
4524,Maharashtra,Nashik,Rice,Rabi,2023,67.78,1541.52,34.75,45.85,74.33,84.09,144.17,5.56,Sprinkler,226.81,69.15,5.41,366.69,2071.77,759697.34
4525,Tamil Nadu,Trichy,Onion,Zaid,2019,23.37,1608.37,31.94,84.08,87.18,34.9,81.35,6.36,Drip,140.76,18.14,6.11,142.79,2403.39,343180.06
4526,Maharashtra,Nashik,Tomato,Kharif,2024,46.64,322.14,23.59,86.62,127.24,45.36,96.36,7.82,Drip,132.34,51.62,6.28,292.9,2481.68,726884.07
4527,Tamil Nadu,Salem,Wheat,Kharif,2024,73.55,,37.2,47.17,138.34,18.06,113.83,5.33,Rainfed,202.72,54.75,3.68,270.66,2136.06,578146.0
4528,Telangana,Hyderabad,Groundnut,Rabi,2023,46.73,1270.03,34.34,49.39,122.12,18.48,44.24,8.42,Drip,100.56,32.59,2.89,135.05,6745.88,911031.09
4529,Tamil Nadu,Thanjavur,Potato,Zaid,2025,34.21,1249.48,24.21,89.09,80.45,64.37,12.78,7.6,Canal,51.89,61.67,6.29,215.18,2063.57,444038.99
4530,Telangana,Karimnagar,Millet,Zaid,2021,21.81,958.3,34.38,84.29,128.5,,124.5,5.75,Sprinkler,23.02,38.34,2.21,48.2,3231.54,155760.23
4531,Telangana,Karimnagar,Cotton,Rabi,2025,77.7,1269.43,27.44,82.15,49.73,39.93,92.76,5.34,Drip,135.21,15.78,3.65,283.61,5593.38,1586338.5
4532,Punjab,Ludhiana,Onion,Zaid,2018,47.75,365.49,34.29,94.57,23.85,71.52,13.59,8.12,Borewell,191.59,16.91,5.12,244.48,2544.29,622028.02
4533,Haryana,Panipat,Rice,Kharif,2021,81.79,421.99,27.12,76.63,134.79,19.26,57.33,5.03,Canal,77.01,48.99,4.25,347.61,2316.8,805342.85
4534,Andhra Pradesh,Krishna,Tomato,Zaid,2025,87.72,546.11,19.4,64.28,37.36,46.91,103.75,5.85,Canal,240.82,49.59,6.16,540.36,2587.64,1398257.15
4535,Tamil Nadu,Salem,Cotton,Rabi,2020,46.19,661.9,25.27,83.67,106.04,16.94,98.99,8.3,Rainfed,66.49,37.45,2.14,98.85,7384.54,729961.78
4536,Karnataka,Bangalore,Sugarcane,Rabi,2024,58.36,1057.89,32.31,55.59,50.41,51.34,58.24,6.29,Drip,144.14,61.15,9.02,526.41,3510.52,1847972.83
4537,Punjab,Patiala,Cotton,Kharif,2022,27.75,1507.28,33.77,80.29,61.38,27.09,59.67,5.14,Canal,46.49,56.46,2.9,80.47,6751.02,543254.58
4538,Uttar Pradesh,Meerut,Millet,Rabi,2020,78.18,694.02,30.22,63.53,57.77,28.22,108.4,7.53,Drip,102.43,16.26,2.02,157.92,3216.71,507982.84
4539,Telangana,Hyderabad,Potato,Zaid,2023,65.07,1530.05,35.86,85.56,107.4,65.28,61.36,6.48,Borewell,134.92,56.25,6.76,439.87,1839.96,809343.21
4540,Karnataka,Hassan,Rice,Zaid,2019,38.99,990.82,30.09,57.33,46.87,60.55,115.98,6.5,Rainfed,248.4,19.92,4.29,167.27,2263.05,378540.37
4541,Haryana,Hisar,Wheat,Kharif,2021,53.64,1322.09,31.69,43.32,39.14,36.94,113.43,5.57,Drip,248.58,26.56,5.45,292.34,2520.29,736781.58
4542,Kerala,Kollam,Millet,Kharif,2018,55.69,388.78,26.01,50.26,115.67,61.28,79.18,5.75,Sprinkler,190.51,72.3,2.25,125.3,3542.36,443857.71
4543,West Bengal,Hooghly,Groundnut,Zaid,2023,81.87,455.38,29.64,52.52,63.37,47.15,116.54,5.52,Canal,86.8,74.05,2.37,194.03,6067.63,1177302.25
4544,Tamil Nadu,Madurai,Potato,Rabi,2023,59.75,914.46,26.69,55.31,135.95,11.89,30.58,5.07,Canal,20.43,62.19,5.34,319.06,1821.87,581285.84
4545,Maharashtra,Nagpur,Wheat,Kharif,2019,65.81,831.06,23.15,88.85,42.43,82.13,52.33,6.22,Sprinkler,28.7,8.51,3.82,251.39,2006.72,504469.34
4546,Karnataka,Mysore,Rice,Rabi,2021,52.93,1010.03,25.23,84.72,74.9,99.51,95.25,8.04,Rainfed,247.07,53.14,4.43,234.48,2164.9,507625.75
4547,Punjab,Patiala,Rice,Kharif,2020,57.73,1244.79,32.59,83.76,64.18,68.92,28.0,6.71,Canal,47.92,3.17,4.34,250.55,2377.75,595745.26
4548,West Bengal,Burdwan,Tomato,Kharif,2025,71.38,1124.43,31.26,43.61,33.07,45.56,69.58,6.58,Canal,211.95,46.83,6.37,454.69,2324.94,1057126.97
4549,Uttar Pradesh,Meerut,Groundnut,Kharif,2021,95.86,1630.73,37.44,82.74,78.97,41.09,149.96,5.34,Canal,25.15,64.64,2.93,280.87,5020.98,1410242.65
4550,Tamil Nadu,Salem,Tomato,Zaid,2018,78.66,1764.75,18.09,72.67,82.88,41.85,141.45,8.44,Drip,59.75,36.85,6.58,517.58,2997.34,1551363.24
4551,Karnataka,Mysore,Groundnut,Zaid,2025,96.88,1379.54,19.12,46.69,74.7,91.42,61.31,5.36,Sprinkler,186.73,15.34,2.86,277.08,5433.27,1505450.45
4552,Kerala,Kollam,Rice,Rabi,2019,48.86,1678.6,24.2,93.31,95.6,55.9,82.3,7.57,Drip,183.41,20.58,5.5,268.73,2593.12,696849.14
4553,Uttar Pradesh,Kanpur,Sugarcane,Zaid,2024,14.95,1421.15,18.88,67.52,32.44,79.94,100.65,8.45,Drip,231.4,18.89,10.14,151.59,4111.38,623244.09
4554,Haryana,Hisar,Sugarcane,Zaid,2020,27.01,1162.36,32.91,67.72,74.44,75.09,63.09,5.98,Drip,47.22,58.83,8.04,217.16,3510.17,762268.52
4555,Tamil Nadu,Madurai,Wheat,Kharif,2025,71.8,1362.84,25.59,89.59,115.13,25.41,60.99,5.98,Drip,21.05,67.65,4.21,302.28,1955.48,591102.49
4556,Telangana,Khammam,Maize,Zaid,2021,6.52,1149.35,21.9,41.26,102.3,68.91,46.4,5.71,Rainfed,76.47,8.92,3.88,25.3,1850.75,46823.97
4557,West Bengal,Hooghly,Maize,Kharif,2019,42.93,1012.34,37.77,58.46,91.6,86.56,142.72,6.28,Rainfed,195.08,63.46,4.54,194.9,2258.3,440142.67
4558,Karnataka,Mandya,Millet,Rabi,2022,7.67,1132.87,26.9,78.84,29.28,76.44,127.42,5.72,Borewell,204.81,46.19,2.45,18.79,2999.96,56369.25
4559,Uttar Pradesh,Meerut,Maize,Rabi,2024,36.3,762.35,36.15,94.64,127.1,14.09,40.01,5.56,Borewell,54.13,37.04,4.05,147.01,1955.35,287456.0
4560,Maharashtra,Nashik,Rice,Rabi,2018,10.22,650.56,19.72,61.96,88.96,90.42,37.62,7.37,Borewell,32.66,71.95,3.91,39.96,2622.54,104796.7
4561,Kerala,Thrissur,Cotton,Rabi,2019,29.38,563.51,24.46,57.71,106.47,24.19,99.07,7.33,Drip,130.52,76.72,3.08,90.49,6565.06,594072.28
4562,Uttar Pradesh,Varanasi,Rice,Kharif,2024,47.19,1352.64,37.49,84.68,77.66,41.17,92.87,6.56,Drip,139.37,50.46,5.39,254.35,2375.02,604086.34
4563,Kerala,Thrissur,Potato,Rabi,2018,59.96,612.74,30.55,68.71,124.2,18.75,63.65,7.98,Borewell,37.22,57.41,5.51,330.38,1969.74,650762.7
4564,Tamil Nadu,Coimbatore,Sugarcane,Rabi,2024,53.59,683.89,26.22,40.32,71.42,43.97,71.45,5.08,Canal,87.77,24.78,7.88,422.29,4168.76,1760425.66
4565,Uttar Pradesh,Varanasi,Groundnut,Rabi,2021,9.2,1258.55,18.25,58.66,102.98,77.85,130.49,5.4,Rainfed,120.22,75.88,2.2,20.24,5748.92,116358.14
4566,Kerala,Kannur,Cotton,Kharif,2022,29.49,986.72,30.89,59.81,105.49,70.09,93.09,5.17,Borewell,47.2,15.9,2.88,84.93,5581.88,474069.07
4567,Punjab,Ludhiana,Groundnut,Rabi,2022,71.88,1638.8,31.32,93.1,41.6,42.33,115.16,8.42,Canal,129.96,70.9,2.68,192.64,6787.6,1307563.26
4568,Karnataka,Mysore,Millet,Kharif,2024,24.94,910.45,26.3,80.81,115.05,26.38,31.35,5.27,Drip,77.58,46.47,2.38,59.36,2587.25,153579.16
4569,Uttar Pradesh,Agra,Sugarcane,Kharif,2018,65.8,1782.1,32.6,48.55,73.49,58.49,46.06,6.19,Drip,185.27,24.3,10.26,675.11,3234.82,2183859.33
4570,Tamil Nadu,Madurai,Groundnut,Rabi,2018,48.6,1111.36,29.05,67.23,52.66,13.34,116.28,8.21,Borewell,136.94,17.98,2.91,141.43,6696.33,947061.95
4571,Uttar Pradesh,Lucknow,Millet,Rabi,2019,88.22,869.52,33.99,77.84,114.99,21.4,38.46,6.87,Rainfed,181.72,74.14,1.95,172.03,3003.75,516735.11
4572,Tamil Nadu,Salem,Tomato,Rabi,2024,94.02,1264.74,33.74,92.16,28.67,31.47,23.65,6.08,Borewell,198.45,34.4,6.57,617.71,2944.64,1818933.57
4573,Karnataka,Mysore,Onion,Rabi,2023,77.52,1207.2,36.12,88.73,21.93,95.19,75.44,6.71,Sprinkler,93.79,67.96,5.66,438.76,2636.7,1156878.49
4574,Karnataka,Hassan,Groundnut,Kharif,2019,46.29,400.92,31.21,58.82,107.65,82.71,51.82,7.75,Drip,91.13,40.07,2.6,120.35,4973.04,598505.36
4575,West Bengal,Hooghly,Groundnut,Kharif,2023,85.07,991.67,19.41,76.02,119.15,18.87,,7.77,Canal,67.94,71.73,2.73,232.24,5180.62,1203147.19
4576,West Bengal,Burdwan,Wheat,Kharif,2023,88.49,1452.86,28.73,88.89,117.06,11.12,102.03,6.63,Canal,51.16,48.16,3.96,350.42,2429.43,851320.86
4577,Karnataka,Mandya,Millet,Rabi,2023,3.69,400.66,23.25,41.74,35.77,59.07,39.6,7.97,Canal,162.05,55.53,2.48,9.15,3505.49,32075.23
4578,Karnataka,Bangalore,Cotton,Zaid,2020,29.69,1435.36,34.12,75.74,104.59,97.11,117.59,6.34,Sprinkler,223.15,68.34,3.79,112.53,7110.57,800152.44
4579,Karnataka,Mysore,Rice,Kharif,2024,6.85,1182.68,27.22,85.24,,10.29,11.79,5.98,Borewell,146.63,38.3,4.5,30.82,2674.29,82421.62
4580,Andhra Pradesh,Guntur,Wheat,Zaid,2021,23.73,1236.25,24.47,62.13,136.27,65.36,26.43,8.16,Borewell,192.32,63.11,5.2,123.4,1905.72,235165.85
4581,Andhra Pradesh,Kurnool,Groundnut,Rabi,2023,92.92,1722.09,24.96,51.1,134.81,60.76,36.33,7.04,Borewell,51.68,56.11,2.77,257.39,5327.27,1371186.03
4582,Andhra Pradesh,Kurnool,Rice,Zaid,2024,87.68,1377.94,26.66,69.64,40.75,27.62,16.76,8.45,Rainfed,51.69,78.3,3.91,342.83,2295.49,786962.84
4583,Uttar Pradesh,Varanasi,Millet,Kharif,2022,51.52,1534.86,20.3,81.55,53.14,74.09,23.55,7.27,Drip,127.93,16.48,2.78,143.23,3256.02,466359.74
4584,Kerala,Kochi,Onion,Kharif,2023,72.03,791.74,37.19,61.84,95.19,99.02,71.28,5.33,Sprinkler,176.49,40.79,5.29,381.04,2059.76,784850.95
4585,Kerala,Thrissur,Tomato,Rabi,2021,7.55,844.5,22.72,51.66,28.89,60.43,100.36,7.87,Canal,200.37,61.93,6.26,47.26,2630.57,124320.74
4586,Punjab,Jalandhar,Maize,Rabi,2022,69.75,1656.95,36.67,44.02,42.95,33.4,132.05,6.58,Borewell,69.51,55.43,4.94,344.57,2187.47,753736.54
4587,Maharashtra,Satara,Rice,Zaid,2021,97.62,1574.58,29.61,68.38,89.19,99.61,13.71,6.76,Drip,70.28,66.52,5.86,572.05,2700.63,1544895.39
4588,Uttar Pradesh,Varanasi,Sugarcane,Rabi,2020,26.26,1274.23,31.42,87.15,74.98,37.97,145.68,6.18,Canal,201.65,11.72,9.51,249.73,3499.4,873905.16
4589,West Bengal,Hooghly,Potato,Zaid,2022,8.4,389.27,30.9,60.42,98.12,36.72,32.69,8.36,Borewell,26.1,51.78,5.43,45.61,1666.55,76011.35
4590,West Bengal,Hooghly,Cotton,Kharif,2024,85.24,1524.4,28.69,46.6,101.86,87.5,41.17,7.17,Borewell,146.64,58.72,3.49,297.49,6370.33,1895109.47
4591,Uttar Pradesh,Kanpur,Sugarcane,Zaid,2020,26.28,399.53,31.17,58.01,50.36,29.76,12.95,8.41,Canal,120.21,6.93,7.23,190.0,3234.56,614566.4
4592,Karnataka,Belgaum,Millet,Rabi,2025,90.67,1030.34,30.68,71.76,50.98,15.82,72.1,5.35,Canal,162.55,37.29,2.41,218.51,3026.91,661410.1
4593,Haryana,Hisar,Potato,Kharif,2019,45.96,1664.68,36.5,87.59,34.97,93.12,91.38,7.33,Sprinkler,238.54,23.83,7.52,345.62,1557.85,538424.12
4594,Haryana,Ambala,Sugarcane,Kharif,2023,73.09,1371.19,24.76,44.84,128.24,38.71,47.15,7.5,Drip,191.55,33.23,10.07,736.02,3493.18,2571050.34
4595,Maharashtra,Satara,Potato,Rabi,2024,13.86,1155.72,22.36,67.79,28.47,37.3,114.9,8.02,Borewell,64.17,3.44,5.91,81.91,1613.3,132145.4
4596,Punjab,Amritsar,Onion,Zaid,2018,69.42,1119.7,25.32,85.86,104.64,25.18,114.86,5.3,Sprinkler,122.23,24.86,5.78,401.25,2493.42,1000484.78
4597,West Bengal,Hooghly,Wheat,Rabi,2022,90.23,930.3,28.68,74.39,51.97,16.05,16.97,5.14,Canal,247.89,31.81,4.2,378.97,2246.01,851170.41
4598,West Bengal,Kolkata,Wheat,Kharif,2019,94.59,674.4,20.27,86.17,58.71,25.62,66.59,7.44,Sprinkler,146.7,40.75,4.36,412.41,2624.67,1082440.15
4599,West Bengal,Kolkata,Tomato,Zaid,2021,1.94,645.87,31.17,66.19,31.03,26.94,89.8,6.82,Sprinkler,152.13,40.8,5.84,11.33,2248.45,25474.94
4600,Uttar Pradesh,Meerut,Wheat,Zaid,2021,11.05,1012.06,23.56,81.78,122.67,22.93,130.77,6.7,Canal,33.12,79.74,3.26,36.02,2312.73,83304.53
4601,Tamil Nadu,Coimbatore,Maize,Rabi,2020,99.34,627.46,27.09,63.25,135.45,26.36,83.7,5.3,Sprinkler,249.81,32.1,5.41,537.43,1710.11,919064.42
4602,Andhra Pradesh,Nellore,Millet,Zaid,2024,78.62,1678.98,37.04,77.16,44.03,54.2,14.83,7.37,Sprinkler,186.44,26.16,2.95,231.93,3272.97,759099.93
4603,Kerala,Kollam,Rice,Rabi,2018,25.03,306.85,26.12,59.32,89.18,70.22,48.7,7.41,Sprinkler,141.71,9.22,4.2,105.13,2550.56,268140.37
4604,Andhra Pradesh,Krishna,Cotton,Kharif,2021,61.14,1415.22,28.1,73.16,119.59,56.43,68.21,5.69,Canal,164.23,39.58,3.42,209.1,6144.52,1284819.13
4605,Karnataka,Belgaum,Onion,Kharif,2018,37.7,1261.67,33.56,81.5,28.4,51.04,49.05,6.04,Sprinkler,172.31,2.58,5.8,218.66,2068.57,452313.52
4606,Haryana,Ambala,Onion,Kharif,2021,78.5,757.03,30.39,42.11,106.69,15.31,113.08,6.77,Borewell,196.58,8.09,5.37,421.55,2224.49,937733.76
4607,West Bengal,Nadia,Wheat,Rabi,2020,61.21,1786.28,20.49,87.61,138.8,81.7,75.18,5.62,Canal,133.74,51.8,4.94,302.38,2556.21,772946.78
4608,Maharashtra,Kolhapur,Sugarcane,Rabi,2021,61.68,360.68,20.44,82.62,134.75,90.47,60.73,6.09,Drip,40.48,18.8,7.57,466.92,3754.67,1753130.52
4609,Telangana,Nalgonda,Cotton,Rabi,2022,6.78,1235.41,19.0,84.82,35.87,69.32,18.69,5.61,Borewell,182.45,11.86,2.64,17.9,7793.87,139510.27
4610,Telangana,Hyderabad,Sugarcane,Rabi,2024,7.59,406.26,37.84,42.83,29.09,88.35,112.0,8.41,Sprinkler,167.0,42.01,8.33,63.22,3802.3,240381.41
4611,Uttar Pradesh,Varanasi,Tomato,Kharif,2020,52.39,1077.91,35.3,76.26,28.35,85.14,43.88,5.13,Borewell,170.87,3.19,5.87,307.53,2208.01,679029.32
4612,Telangana,Hyderabad,Potato,Zaid,2018,36.81,1539.48,24.89,46.06,80.03,35.46,105.66,6.18,Canal,81.74,65.35,7.24,266.5,1876.47,500079.26
4613,Punjab,Ludhiana,Potato,Rabi,2018,87.27,1063.4,21.84,70.62,86.44,42.08,131.91,6.04,Rainfed,170.02,2.79,6.36,555.04,1717.49,953275.65
4614,Haryana,Panipat,Wheat,Kharif,2022,38.35,882.51,35.9,70.88,50.45,48.57,130.66,8.38,Sprinkler,230.34,13.27,4.42,169.51,2098.99,355799.79
4615,Karnataka,Belgaum,Rice,Rabi,2022,15.94,1793.27,33.36,76.53,57.44,86.08,52.35,5.03,Borewell,206.3,6.48,5.4,86.08,2069.0,178099.52
4616,Uttar Pradesh,Lucknow,Cotton,Zaid,2024,4.61,1736.67,23.95,56.2,135.84,96.56,29.21,7.0,Borewell,159.88,16.75,3.65,16.83,5733.48,96494.47
4617,West Bengal,Nadia,Cotton,Rabi,2018,33.94,461.55,18.95,61.04,111.79,45.05,14.37,5.95,Rainfed,39.5,8.58,2.35,79.76,5687.03,453597.51
4618,Maharashtra,Satara,Potato,Rabi,2021,31.43,433.19,24.75,49.29,118.27,26.65,107.98,7.54,Borewell,82.49,7.16,5.9,185.44,2157.25,400040.44
4619,Telangana,Nalgonda,Millet,Zaid,2022,57.7,1509.54,20.14,68.61,56.74,33.45,39.09,6.67,Rainfed,220.08,41.21,2.2,126.94,2723.58,345731.25
4620,Kerala,Kannur,Tomato,Zaid,2021,86.9,1174.2,30.79,69.32,50.2,81.02,125.63,5.37,Sprinkler,32.67,42.81,5.7,495.33,2535.01,1255666.5
4621,Punjab,Patiala,Groundnut,Rabi,2024,17.84,1524.42,36.78,73.05,134.46,82.91,142.02,7.66,Rainfed,64.6,27.13,2.56,45.67,5662.53,258607.75
4622,Punjab,Jalandhar,Sugarcane,Zaid,2022,17.56,530.16,35.77,53.1,55.43,26.74,121.11,7.22,Drip,21.97,76.05,7.17,125.91,3919.13,493457.66
4623,West Bengal,Hooghly,Sugarcane,Zaid,2022,18.94,1674.52,33.27,86.05,95.13,29.8,114.79,5.38,Drip,229.49,7.2,10.69,202.47,4124.84,835156.35
4624,West Bengal,Kolkata,Tomato,Zaid,2025,23.03,1075.6,31.25,76.92,94.78,59.89,99.28,6.77,Drip,134.12,6.76,6.31,145.32,2829.42,411171.31
4625,Tamil Nadu,Trichy,Cotton,Rabi,2021,15.22,1289.32,33.1,41.82,52.66,27.91,116.52,6.01,Borewell,180.73,47.51,3.08,46.88,6594.04,309128.6
4626,Haryana,Rohtak,Rice,Zaid,2021,19.27,898.04,37.0,76.45,25.69,45.16,139.47,5.16,Drip,103.94,16.5,5.14,99.05,2725.16,269927.1
4627,Kerala,Kochi,Cotton,Kharif,2020,26.16,1218.64,35.24,81.26,62.06,86.93,89.26,8.11,Sprinkler,215.04,40.46,3.38,88.42,5753.58,508731.54
4628,Uttar Pradesh,Agra,Wheat,Rabi,2024,23.45,444.51,29.61,85.09,38.9,36.08,58.07,8.11,Sprinkler,214.76,8.18,4.16,97.55,2288.77,223269.51
4629,Haryana,Karnal,Rice,Rabi,2018,82.66,979.64,25.35,44.21,73.02,39.67,142.76,5.29,Borewell,126.79,42.29,4.62,381.89,2169.37,828460.71
4630,Kerala,Kochi,Maize,Rabi,2020,41.28,720.84,33.83,83.82,90.93,26.89,40.94,7.48,Rainfed,132.05,7.38,3.7,152.74,1890.79,288799.26
4631,Maharashtra,Nashik,Potato,Rabi,2024,87.17,1210.31,29.23,60.04,84.69,92.63,35.54,5.42,Sprinkler,74.89,26.28,6.38,556.14,1831.53,1018587.09
4632,West Bengal,Kolkata,Maize,Kharif,2025,90.37,711.52,21.04,94.64,22.72,12.52,103.32,7.34,Sprinkler,203.66,59.19,5.03,454.56,2062.49,937525.45
4633,West Bengal,Nadia,Rice,Zaid,2020,17.89,356.41,29.66,88.93,67.89,45.36,45.57,7.01,Borewell,160.16,61.53,4.45,79.61,2588.35,206058.54
4634,Telangana,Warangal,Sugarcane,Rabi,2021,55.35,417.49,20.76,51.66,48.43,16.13,129.35,7.99,Rainfed,100.56,15.95,6.46,357.56,3347.78,1197032.22
4635,Telangana,Khammam,Onion,Zaid,2019,88.32,704.76,20.09,59.27,38.0,82.02,62.99,7.15,Borewell,152.23,35.48,4.71,415.99,2073.14,862405.51
4636,Kerala,Kannur,Onion,Zaid,2025,30.53,1673.32,20.67,90.25,89.53,23.89,73.29,6.48,Rainfed,169.42,57.42,5.21,159.06,2571.65,409046.65
4637,Kerala,Palakkad,Wheat,Zaid,2022,50.43,365.96,36.48,88.92,53.57,37.23,48.83,6.49,Drip,66.45,56.69,3.78,190.63,2118.9,403925.91
4638,Kerala,Kannur,Wheat,Rabi,2020,21.52,922.76,32.14,53.74,38.51,14.79,91.93,6.27,Sprinkler,134.63,52.06,3.69,79.41,2062.61,163791.86
4639,Telangana,Khammam,Onion,Zaid,2021,53.26,371.03,26.84,87.21,52.69,89.12,116.22,5.01,Rainfed,182.07,15.9,4.37,232.75,2016.74,469396.23
4640,Karnataka,Mysore,Sugarcane,Rabi,2018,94.52,730.42,26.98,59.5,71.33,36.73,139.64,6.53,Borewell,79.78,65.11,7.71,728.75,3612.6,2632682.25
4641,Punjab,Amritsar,Maize,Rabi,2023,77.22,997.38,35.79,48.78,59.98,48.49,35.63,5.76,Borewell,162.79,29.08,5.17,399.23,2245.36,896415.07
4642,Andhra Pradesh,Nellore,Rice,Rabi,2024,67.52,1072.63,23.23,87.49,74.74,95.68,52.71,5.29,Drip,167.61,6.37,5.2,351.1,2512.33,882079.06
4643,Haryana,Rohtak,Potato,Kharif,2025,35.93,844.35,29.64,66.65,85.11,60.37,127.22,6.35,Borewell,169.3,26.4,7.06,253.67,2058.66,522220.28
4644,Telangana,Hyderabad,Wheat,Kharif,2018,91.16,996.65,31.41,54.19,119.06,90.26,127.4,5.41,Canal,146.75,29.06,4.49,409.31,2039.55,834808.21
4645,Punjab,Jalandhar,Cotton,Zaid,2022,47.12,1277.16,29.55,76.98,103.4,32.16,32.32,6.43,Drip,23.55,48.18,2.91,137.12,6223.81,853408.83
4646,Punjab,Patiala,Maize,Rabi,2023,44.73,460.75,37.41,94.1,86.38,81.07,102.26,8.14,Borewell,203.49,8.73,5.07,226.78,1853.69,420379.82
4647,Maharashtra,Satara,Potato,Zaid,2023,70.1,698.52,18.17,80.79,110.59,53.21,25.12,8.22,Sprinkler,213.04,46.1,7.2,504.72,1892.48,955172.51
4648,Kerala,Kochi,Wheat,Kharif,2018,14.17,1415.14,35.27,79.89,69.59,84.93,140.57,7.78,Rainfed,49.35,32.5,3.92,55.55,2065.61,114744.64
4649,Haryana,Rohtak,Sugarcane,Rabi,2018,84.85,1071.4,20.54,49.25,129.18,82.89,35.55,6.97,Rainfed,230.63,45.03,7.36,624.5,3842.45,2399610.02
4650,Andhra Pradesh,Krishna,Millet,Kharif,2024,78.37,1516.34,33.79,77.15,134.17,88.58,20.4,7.98,Sprinkler,97.09,8.2,3.07,240.6,3184.83,766270.1
4651,Karnataka,Belgaum,Cotton,Kharif,2019,85.87,979.27,19.4,50.2,134.67,61.32,23.98,7.6,Drip,128.85,72.19,3.12,267.91,6095.49,1633042.73
4652,Haryana,Hisar,Onion,Rabi,2019,70.86,1262.67,33.67,74.11,112.24,28.62,75.02,7.99,Drip,124.24,61.74,5.91,418.78,2074.81,868888.93
4653,Tamil Nadu,Thanjavur,Wheat,Rabi,2025,87.18,985.81,19.79,77.74,125.66,87.6,115.79,7.85,Borewell,241.59,55.6,4.82,420.21,2102.51,883495.73
4654,Punjab,Amritsar,Millet,Rabi,2024,77.05,1466.87,23.74,85.24,76.97,19.39,51.76,6.66,Rainfed,94.72,74.05,2.13,164.12,2689.01,441320.32
4655,Uttar Pradesh,Agra,Tomato,Zaid,2023,30.86,1566.24,29.83,94.55,101.73,27.95,86.96,5.75,Drip,245.17,78.79,8.04,248.11,2721.2,675156.93
4656,Telangana,Khammam,Wheat,Zaid,2021,68.48,872.99,32.08,47.44,110.72,69.83,31.79,5.22,Borewell,40.46,74.54,3.54,242.42,2109.03,511271.05
4657,Punjab,Amritsar,Sugarcane,Rabi,2024,31.92,454.18,37.69,86.66,64.09,27.49,77.01,5.73,Sprinkler,53.14,69.15,7.24,231.1,3011.86,696040.85
4658,Kerala,Kochi,Cotton,Kharif,2025,74.48,1440.46,20.64,63.86,81.63,83.87,147.75,7.65,Sprinkler,174.61,58.55,3.48,259.19,7748.41,2008310.39
4659,Andhra Pradesh,Kurnool,Tomato,Zaid,2022,95.36,1785.63,31.92,40.44,67.03,44.18,148.37,5.85,Borewell,189.34,18.96,7.15,681.82,2791.51,1903307.35
4660,Andhra Pradesh,Kurnool,Millet,Rabi,2024,99.18,1182.45,37.36,55.4,138.63,24.18,102.27,6.16,Rainfed,52.58,70.99,1.93,191.42,3048.96,583631.92
4661,Maharashtra,Satara,Wheat,Rabi,2025,42.82,518.31,36.71,82.48,126.86,86.84,85.29,5.58,Sprinkler,76.03,59.07,4.33,185.41,2081.53,385936.48
4662,Kerala,Thrissur,Sugarcane,Zaid,2020,75.87,1752.25,37.17,55.62,83.78,64.99,42.05,6.61,Borewell,228.05,2.3,9.23,700.28,3467.46,2428192.89
4663,Tamil Nadu,Coimbatore,Potato,Kharif,2025,48.36,602.3,31.47,71.92,101.71,32.46,119.75,8.03,Borewell,175.89,17.47,6.04,292.09,1923.69,561890.61
4664,Kerala,Palakkad,Tomato,Rabi,2023,85.35,894.79,26.69,50.6,32.51,69.19,149.75,7.57,Rainfed,20.49,58.91,4.59,391.76,2845.25,1114655.14
4665,Punjab,Jalandhar,Tomato,Zaid,2020,8.85,323.61,37.16,90.27,25.91,96.3,18.13,7.04,Borewell,242.76,66.15,6.05,53.54,2656.2,142212.95
4666,Tamil Nadu,Thanjavur,Potato,Zaid,2018,76.42,1731.36,18.16,79.28,43.13,23.49,58.01,7.46,Sprinkler,118.46,4.26,7.05,538.76,2125.22,1144983.53
4667,Maharashtra,Pune,Tomato,Zaid,2020,20.53,432.89,22.63,58.34,73.26,53.73,26.07,6.49,Sprinkler,79.58,23.01,5.24,107.58,2484.67,267300.8
4668,Tamil Nadu,Trichy,Onion,Kharif,2023,48.79,370.34,23.65,55.84,135.84,89.77,50.95,6.82,Rainfed,101.48,8.7,4.41,215.16,2144.68,461449.35
4669,Uttar Pradesh,Meerut,Maize,Zaid,2022,34.9,1360.83,18.98,74.56,88.5,52.25,18.51,5.04,Rainfed,168.87,11.77,4.6,160.54,1725.87,277071.17
4670,Maharashtra,Nashik,Tomato,Kharif,2024,51.72,387.69,30.72,60.8,123.36,83.87,54.51,6.86,Drip,23.16,6.7,5.95,307.73,2555.15,786296.31
4671,Haryana,Panipat,Millet,Rabi,2021,20.14,908.66,33.51,59.44,124.36,35.22,29.86,7.88,Drip,164.82,56.47,2.82,56.79,3152.73,179043.54
4672,West Bengal,Nadia,Potato,Kharif,2021,92.81,1594.62,28.16,78.53,84.77,88.66,111.53,7.64,Sprinkler,78.89,34.89,7.32,679.37,2062.88,1401458.79
4673,Karnataka,Mysore,Potato,Kharif,2024,82.16,485.89,33.91,54.78,50.64,77.97,18.88,7.16,Rainfed,189.8,72.74,5.81,477.35,1890.27,902320.38
4674,Tamil Nadu,Coimbatore,Sugarcane,Kharif,2018,64.66,475.79,20.58,79.28,133.75,65.67,117.02,7.88,Sprinkler,186.23,44.64,8.93,577.41,3629.42,2095663.4
4675,Haryana,Panipat,Cotton,Rabi,2019,46.58,1583.04,23.51,91.25,74.7,96.06,23.05,8.28,Rainfed,246.68,16.52,2.76,128.56,6033.07,775611.48
4676,Telangana,Hyderabad,Potato,Zaid,2025,60.24,1119.6,36.5,61.15,131.65,53.15,50.35,5.34,Drip,108.9,43.62,6.71,404.21,1942.88,785331.52
4677,Andhra Pradesh,Kurnool,Tomato,Zaid,2018,66.63,866.73,22.09,47.22,69.22,50.75,78.76,5.2,Drip,51.56,19.7,5.73,381.79,2476.37,945453.3
4678,Maharashtra,Kolhapur,Tomato,Rabi,2025,78.61,574.19,24.2,94.49,22.3,21.7,134.81,7.43,Drip,160.58,66.26,5.9,463.8,2724.3,1263530.34
4679,West Bengal,Kolkata,Cotton,Kharif,2021,15.26,1229.3,19.06,53.08,91.88,55.69,45.21,6.56,Rainfed,40.15,58.15,2.53,38.61,5615.14,216800.56
4680,Tamil Nadu,Trichy,Wheat,Rabi,2019,89.55,325.13,36.7,67.03,135.18,11.1,85.02,7.22,Borewell,99.29,62.09,3.78,338.5,2092.36,708263.86
4681,Haryana,Ambala,Potato,Zaid,2024,32.82,1271.54,30.0,49.73,94.8,46.7,103.35,5.39,Canal,27.23,54.1,6.23,204.47,1731.72,354084.79
4682,Andhra Pradesh,Chittoor,Tomato,Kharif,2023,39.78,1436.03,27.85,83.85,87.43,55.66,50.99,6.44,Rainfed,127.58,31.48,5.11,203.28,2836.39,576581.36
4683,Tamil Nadu,Madurai,Millet,Zaid,2018,58.33,492.85,22.69,69.25,103.57,87.38,14.13,5.68,Rainfed,234.06,27.52,2.35,137.08,2603.07,356828.84
4684,Karnataka,Mandya,Wheat,Kharif,2021,93.82,1257.78,24.21,52.17,137.94,25.0,42.51,6.02,Canal,68.91,64.71,4.19,393.11,2580.61,1014463.6
4685,Punjab,Jalandhar,Wheat,Zaid,2024,70.99,1614.07,22.03,49.39,30.31,47.2,12.06,6.03,Canal,249.71,5.77,4.96,352.11,2621.52,923063.41
4686,Uttar Pradesh,Agra,Sugarcane,Rabi,2020,79.28,1025.67,19.16,86.51,74.81,10.23,96.84,7.35,Borewell,49.47,36.31,7.23,573.19,3418.8,1959621.97
4687,Tamil Nadu,Thanjavur,Cotton,Rabi,2025,76.87,414.33,35.95,50.42,110.05,91.49,63.63,5.02,Sprinkler,66.81,31.22,3.14,241.37,5904.07,1425065.38
4688,Punjab,Patiala,Maize,Kharif,2020,95.96,1374.28,36.11,45.74,61.99,94.15,28.61,7.72,Canal,27.99,72.49,4.8,460.61,1955.18,900575.46
4689,Karnataka,Mandya,Wheat,Rabi,2018,47.62,493.8,28.81,52.82,78.88,40.63,29.63,5.74,Borewell,220.2,31.52,4.07,193.81,2274.73,440865.42
4690,Andhra Pradesh,Nellore,Cotton,Kharif,2024,25.09,325.81,33.35,89.72,61.94,90.34,12.89,7.56,Borewell,40.91,71.81,2.14,53.69,5795.1,311138.92
4691,Telangana,Karimnagar,Millet,Kharif,2022,6.45,1371.69,24.93,80.21,24.49,16.36,26.82,6.99,Rainfed,98.9,31.63,1.63,10.51,2756.31,28968.82
4692,Kerala,Palakkad,Potato,Kharif,2023,87.21,1145.54,29.31,75.14,124.99,44.87,27.26,6.52,Canal,155.58,6.85,6.96,606.98,1985.08,1204903.86
4693,Tamil Nadu,Coimbatore,Tomato,Kharif,2019,8.28,1708.04,19.21,61.88,69.38,48.65,88.04,6.04,Borewell,133.87,55.29,5.98,49.51,2461.33,121860.45
4694,Haryana,Rohtak,Wheat,Kharif,2022,14.42,464.43,32.94,53.43,104.55,35.88,52.83,8.08,Canal,201.05,56.25,4.19,60.42,2165.45,130836.49
4695,Andhra Pradesh,Chittoor,Millet,Zaid,2019,72.52,607.86,18.21,78.77,125.86,43.83,57.45,7.49,Sprinkler,95.86,49.61,1.82,131.99,3453.82,455869.7
4696,Tamil Nadu,Coimbatore,Maize,Zaid,2022,59.37,1009.94,23.22,47.77,50.76,29.13,86.82,5.74,Drip,205.19,51.36,5.54,328.91,2112.4,694789.48
4697,Maharashtra,Nagpur,Wheat,Kharif,2019,63.61,1022.83,18.33,84.54,34.73,78.19,19.21,8.04,Canal,78.92,57.48,3.83,243.63,1905.54,464246.71
4698,Telangana,Warangal,Onion,Zaid,2022,24.18,1283.27,31.03,42.15,93.54,66.94,85.36,6.16,Sprinkler,238.72,13.83,6.23,150.64,2392.33,360380.59
4699,West Bengal,Kolkata,Sugarcane,Zaid,2018,64.23,382.04,36.98,81.75,84.9,68.38,146.23,7.51,Canal,47.11,35.53,7.19,461.81,4029.48,1860854.16
4700,Tamil Nadu,Trichy,Potato,Rabi,2025,18.65,482.27,21.07,55.31,53.2,13.92,18.73,8.0,Drip,69.1,46.23,5.63,105.0,1837.37,192923.85
4701,Haryana,Rohtak,Wheat,Kharif,2025,16.15,846.66,31.95,61.29,64.05,67.53,85.32,7.64,Borewell,159.07,69.71,4.39,70.9,2084.27,147774.74
4702,Telangana,Nalgonda,Maize,Kharif,2019,2.25,1467.62,29.88,43.34,115.39,19.39,113.55,6.76,Sprinkler,209.23,73.24,5.75,12.94,2069.53,26779.72
4703,West Bengal,Hooghly,Millet,Zaid,2023,3.0,535.28,32.46,73.39,36.93,16.4,105.69,6.1,Sprinkler,192.27,37.9,2.37,7.11,2803.53,19933.1
4704,West Bengal,Murshidabad,Potato,Kharif,2024,39.9,1353.03,33.74,58.91,111.11,67.84,91.44,6.73,Sprinkler,144.39,78.69,7.07,282.09,1740.24,490904.3
4705,Tamil Nadu,Coimbatore,Maize,Kharif,2025,31.74,306.24,30.89,52.26,43.9,83.72,141.63,7.32,Canal,64.75,70.7,4.2,133.31,1859.01,247824.62
4706,Haryana,Ambala,Maize,Kharif,2019,29.1,331.52,19.32,53.23,27.66,12.92,30.44,8.07,Drip,164.05,18.68,4.89,142.3,2084.84,296672.73
4707,Punjab,Bathinda,Onion,Kharif,2018,72.74,1040.11,18.65,53.5,63.08,74.16,67.05,5.33,Sprinkler,77.68,20.98,5.22,379.7,2081.5,790345.55
4708,Uttar Pradesh,Meerut,Cotton,Rabi,2018,67.83,1526.89,30.57,52.77,67.1,74.28,133.91,6.57,Drip,105.16,68.69,2.94,199.42,7112.21,1418316.92
4709,Kerala,Kannur,Wheat,Kharif,2019,75.99,1602.92,24.94,75.52,83.01,71.45,34.12,7.86,Borewell,239.71,3.57,4.99,379.19,2496.98,946829.85
4710,Telangana,Nalgonda,Cotton,Rabi,2022,75.29,1747.98,19.89,40.93,101.96,20.27,57.6,7.62,Borewell,128.13,64.97,3.21,241.68,7724.46,1866847.49
4711,Uttar Pradesh,Agra,Tomato,Rabi,2024,1.52,824.38,28.78,45.44,80.88,34.75,60.38,8.4,Drip,222.28,24.37,7.25,11.02,2424.04,26712.92
4712,West Bengal,Kolkata,Potato,Zaid,2023,55.03,1270.1,22.26,74.91,116.45,55.52,62.63,6.81,Drip,67.17,68.05,6.64,365.4,1760.4,643250.16
4713,West Bengal,Murshidabad,Onion,Rabi,2021,64.12,1334.76,30.95,62.4,115.01,43.06,76.51,7.25,Rainfed,134.3,22.21,4.68,300.08,2460.28,738280.82
4714,Punjab,Amritsar,Millet,Kharif,2022,21.15,1690.37,25.86,83.73,129.95,20.7,52.21,7.31,Canal,122.1,6.16,2.86,60.49,3198.45,193474.24
4715,Kerala,Palakkad,Sugarcane,Kharif,2022,74.22,388.37,27.14,83.81,77.48,62.8,25.85,6.06,Drip,103.05,30.42,8.0,593.76,3243.79,1926032.75
4716,Andhra Pradesh,Chittoor,Wheat,Rabi,2021,27.63,846.45,28.58,55.35,107.58,74.64,13.93,8.3,Canal,26.96,6.58,3.64,100.57,1913.45,192435.67
4717,Haryana,Panipat,Sugarcane,Zaid,2021,12.08,301.78,24.97,45.72,134.21,51.19,113.23,8.04,Rainfed,69.22,79.47,6.01,72.6,2996.53,217548.08
4718,Andhra Pradesh,Nellore,Cotton,Rabi,2024,64.51,1159.45,32.1,63.04,54.36,75.34,16.55,8.46,Drip,216.14,27.48,3.57,230.3,7503.18,1727982.35
4719,West Bengal,Kolkata,Wheat,Rabi,2020,35.35,1267.47,25.7,43.15,27.5,65.43,42.77,5.63,Drip,152.99,55.08,4.29,151.65,2321.49,352053.96
4720,Karnataka,Bangalore,Tomato,Kharif,2023,92.32,747.27,28.97,57.66,80.68,74.34,94.67,5.41,Canal,28.63,77.42,5.3,489.3,2907.54,1422659.32
4721,Karnataka,Bangalore,Tomato,Rabi,2025,39.52,1051.13,32.15,66.19,20.66,90.71,95.45,7.12,Canal,177.51,60.43,6.38,252.14,2540.07,640453.25
4722,Andhra Pradesh,Chittoor,Tomato,Rabi,2022,54.3,371.58,36.13,84.76,55.9,63.29,55.81,5.53,Sprinkler,169.09,26.72,6.03,327.43,2961.83,969792.0
4723,Andhra Pradesh,Kurnool,Maize,Kharif,2022,26.46,1761.99,33.56,49.94,71.35,52.41,12.12,6.2,Canal,197.56,9.11,5.89,155.85,1955.2,304717.92
4724,Haryana,Rohtak,Sugarcane,Kharif,2025,83.82,1734.22,36.45,47.74,72.35,40.98,121.41,7.99,Rainfed,140.82,18.69,7.36,616.92,3976.66,2453281.09
4725,Haryana,Ambala,Sugarcane,Kharif,2020,17.45,1267.94,27.69,49.3,74.99,97.12,41.18,6.27,Sprinkler,177.58,16.41,9.54,166.47,3813.9,634899.93
4726,West Bengal,Murshidabad,Potato,Kharif,2018,54.22,1643.71,32.67,84.66,115.43,41.15,75.38,7.73,Sprinkler,21.0,37.01,6.62,358.94,1632.4,585933.66
4727,Kerala,Kochi,Rice,Zaid,2025,46.42,1625.3,27.56,42.26,55.49,93.86,99.11,7.85,Sprinkler,221.19,63.04,5.43,252.06,2478.18,624650.05
4728,Punjab,Patiala,Millet,Kharif,2023,23.82,1054.81,25.38,49.47,83.13,64.73,94.4,7.36,Drip,73.76,4.83,2.69,64.08,3069.81,196713.42
4729,Karnataka,Belgaum,Maize,Rabi,2020,3.3,1197.44,23.59,79.85,55.62,29.0,50.75,8.43,Rainfed,215.31,77.1,4.68,15.44,1896.48,29281.65
4730,Telangana,Nalgonda,Tomato,Rabi,2024,64.78,1506.41,29.82,61.48,61.18,64.36,149.45,7.96,Rainfed,64.72,55.38,5.47,354.35,2812.92,996758.2
4731,West Bengal,Nadia,Sugarcane,Rabi,2022,51.97,603.95,31.14,79.08,106.43,55.16,124.86,5.76,Sprinkler,85.76,66.91,8.19,425.63,3058.96,1301985.14
4732,Tamil Nadu,Thanjavur,Wheat,Kharif,2020,99.06,,26.25,86.85,117.69,93.55,33.55,8.5,Borewell,81.76,35.51,4.04,400.2,2001.2,800880.24
4733,Uttar Pradesh,Varanasi,Maize,Zaid,2023,84.52,652.36,29.27,53.63,138.77,66.59,124.72,6.32,Sprinkler,139.64,10.02,5.11,431.9,2128.28,919204.13
4734,West Bengal,Murshidabad,Groundnut,Zaid,2019,19.52,909.48,30.41,43.84,98.09,46.87,149.59,7.64,Drip,50.76,32.39,2.26,44.12,6478.42,285827.89
4735,Karnataka,Hassan,Maize,Kharif,2022,27.74,1144.87,20.73,48.84,68.62,53.26,86.7,5.45,Canal,64.52,67.49,4.82,133.71,1944.13,259949.62
4736,Tamil Nadu,Salem,Rice,Zaid,2023,15.16,1792.03,22.47,44.01,70.66,22.08,60.14,8.43,Borewell,66.98,5.74,4.96,75.19,2171.07,163242.75
4737,Karnataka,Bangalore,Tomato,Zaid,2021,82.58,521.74,28.3,63.29,70.23,63.54,93.37,6.95,Canal,159.51,65.84,6.09,502.91,2574.25,1294616.07
4738,Maharashtra,Nashik,Potato,Zaid,2025,56.71,649.27,28.61,82.48,101.42,64.64,57.46,5.76,Drip,137.1,45.85,7.04,399.24,2127.59,849419.03
4739,Tamil Nadu,Coimbatore,Wheat,Zaid,2023,11.13,811.43,18.9,47.07,134.79,13.85,138.77,6.96,Sprinkler,121.24,58.21,3.74,41.63,2272.19,94591.27
4740,Kerala,Kollam,Groundnut,Rabi,2025,27.08,1165.0,30.63,52.63,113.91,46.77,117.64,7.72,Borewell,43.75,66.23,2.13,57.68,5752.77,331819.77
4741,Punjab,Bathinda,Maize,Kharif,2023,33.21,709.42,26.88,78.98,120.35,94.73,87.33,8.25,Drip,97.57,36.36,5.44,180.66,2129.05,384634.17
4742,Karnataka,Mysore,Cotton,Kharif,2023,35.07,1539.61,37.21,51.98,94.7,25.08,66.49,6.79,Drip,28.23,52.38,3.44,120.64,6061.55,731265.39
4743,Kerala,Kollam,Sugarcane,Kharif,2024,97.52,322.32,35.84,66.16,91.05,83.64,85.11,6.99,Canal,225.6,71.72,8.87,865.0,3911.66,3383585.9
4744,Maharashtra,Satara,Millet,Kharif,2021,1.94,1345.16,23.15,90.8,125.4,35.33,138.29,6.28,Canal,130.18,33.12,2.32,4.5,2813.32,12659.94
4745,Andhra Pradesh,Nellore,Wheat,Kharif,2023,53.92,1553.14,28.27,51.06,52.33,82.25,12.34,8.23,Drip,138.19,65.69,4.67,251.81,2035.18,512478.68
4746,West Bengal,Kolkata,Groundnut,Zaid,2020,38.77,428.52,25.02,62.19,92.71,41.31,116.5,8.47,Canal,220.49,73.05,3.19,123.68,5009.25,619544.04
4747,Karnataka,Mysore,Sugarcane,Kharif,2025,4.19,1430.78,18.63,40.08,74.44,56.03,145.05,5.46,Borewell,86.52,76.71,8.3,34.78,3546.24,123338.23
4748,Karnataka,Mysore,Maize,Rabi,2018,32.24,1636.79,37.88,93.57,27.57,66.45,71.59,5.98,Borewell,210.15,2.27,5.54,178.61,1956.09,349377.23
4749,Haryana,Karnal,Wheat,Rabi,2024,35.19,347.89,23.51,54.31,119.4,62.1,77.88,7.37,Canal,77.33,6.91,3.4,119.65,2447.53,292846.96
4750,Uttar Pradesh,Lucknow,Onion,Zaid,2022,7.06,978.27,20.33,81.88,117.52,22.43,63.56,5.63,Borewell,110.91,66.79,5.13,36.22,2308.35,83608.44
4751,Tamil Nadu,Trichy,Maize,Kharif,2022,61.49,1497.92,22.2,51.68,43.21,92.01,72.91,6.87,Canal,225.98,49.45,5.76,354.18,1640.91,581177.5
4752,Maharashtra,Satara,Maize,Rabi,2023,20.85,1701.99,28.01,42.63,33.43,73.38,43.31,8.15,Rainfed,221.86,36.98,5.09,106.13,2187.08,232114.8
4753,Haryana,Karnal,Onion,Rabi,2025,31.12,1593.07,29.53,70.34,76.7,90.42,38.71,8.04,Canal,121.01,61.84,5.82,181.12,1958.49,354721.71
4754,Punjab,Amritsar,Sugarcane,Rabi,2019,57.01,1680.65,21.35,56.44,110.63,75.98,73.72,7.46,Sprinkler,194.46,46.99,9.82,559.84,3458.48,1936195.44
4755,Haryana,Karnal,Millet,Rabi,2021,32.11,1375.62,34.07,90.26,95.91,22.53,25.01,5.86,Rainfed,221.78,71.48,2.44,78.35,2806.61,219897.89
4756,Punjab,Amritsar,Rice,Zaid,2024,7.12,1650.88,34.52,59.19,40.21,14.37,70.86,5.27,Borewell,170.57,73.69,5.35,38.09,2601.77,99101.42
4757,Karnataka,Hassan,Maize,Zaid,2022,56.2,1436.65,24.34,40.19,38.98,66.33,126.56,8.21,Drip,201.29,11.44,5.97,335.51,2214.59,743017.09
4758,West Bengal,Murshidabad,Maize,Rabi,2023,32.27,1408.06,36.58,81.27,123.25,69.02,35.14,5.29,Canal,220.95,14.48,5.54,178.78,2271.04,406016.53
4759,Telangana,Khammam,Millet,Zaid,2025,42.25,913.4,32.58,47.81,33.98,10.22,95.84,6.68,Canal,218.98,70.41,2.52,106.47,2686.73,286056.14
4760,Telangana,Warangal,Maize,Zaid,2024,73.99,1519.0,31.34,41.03,46.12,92.12,85.94,6.31,Rainfed,184.47,26.38,4.89,361.81,2178.45,788184.99
4761,Andhra Pradesh,Nellore,Potato,Zaid,2021,10.4,1723.72,26.43,61.24,66.41,17.06,53.1,8.06,Canal,54.7,7.58,6.59,68.54,2142.65,146857.23
4762,Punjab,Bathinda,Potato,Rabi,2024,99.76,1711.44,21.08,56.83,71.5,15.05,57.64,8.07,Canal,128.34,21.19,7.25,723.26,2148.39,1553844.55
4763,Kerala,Kollam,Onion,Zaid,2019,18.9,602.61,36.98,45.77,51.84,58.17,43.77,8.27,Rainfed,199.03,56.49,4.19,79.19,2521.93,199711.64
4764,Andhra Pradesh,Guntur,Maize,Kharif,2023,71.53,1015.08,35.38,68.62,113.39,68.74,11.35,7.4,Drip,107.13,33.73,5.07,362.66,1860.46,674714.42
4765,Tamil Nadu,Thanjavur,Maize,Rabi,2020,3.75,910.59,22.1,82.81,128.46,94.78,65.45,8.43,Rainfed,175.43,43.02,3.98,14.93,2116.14,31593.97
4766,West Bengal,Burdwan,Tomato,Zaid,2025,60.2,519.94,32.13,87.46,49.27,29.33,145.99,5.59,Canal,162.35,55.95,5.67,341.33,2548.43,869855.61
4767,Karnataka,Mysore,Millet,Kharif,2024,59.47,1739.48,31.19,66.0,39.3,42.54,98.07,6.79,Sprinkler,207.7,27.21,2.35,139.75,2973.06,415485.14
4768,Tamil Nadu,Salem,Tomato,Kharif,2021,29.26,867.0,23.62,82.4,130.76,20.23,34.15,5.65,Canal,31.77,21.92,5.72,167.37,2826.55,473079.67
4769,Maharashtra,Nashik,Cotton,Zaid,2021,52.04,946.19,27.64,53.38,67.6,31.75,27.14,7.94,Rainfed,144.42,20.37,2.53,131.66,5643.3,742996.88
4770,Punjab,Patiala,Cotton,Kharif,2025,75.16,1044.59,22.49,92.68,63.07,38.36,68.38,5.74,Rainfed,70.8,24.77,2.2,165.35,5980.14,988816.15
4771,Uttar Pradesh,Lucknow,Wheat,Kharif,2022,20.86,1034.76,28.33,58.56,23.68,76.73,139.96,8.49,Drip,246.43,12.36,5.02,104.72,2487.27,260466.91
4772,West Bengal,Kolkata,Groundnut,Kharif,2018,37.41,1029.51,21.23,86.74,28.55,51.66,77.23,6.05,Sprinkler,175.48,62.88,2.71,101.38,6337.57,642502.85
4773,Kerala,Kollam,Onion,Zaid,2023,99.29,470.98,18.42,66.71,54.43,31.48,115.78,5.87,Canal,193.36,66.88,4.97,493.47,2121.79,1047039.71
4774,Andhra Pradesh,Nellore,Potato,Kharif,2023,59.48,319.07,33.22,87.66,45.94,74.79,48.96,6.24,Drip,222.1,50.97,7.35,437.18,1961.79,857655.35
4775,Kerala,Thrissur,Groundnut,Zaid,2024,25.11,1010.04,37.3,42.18,63.86,24.33,109.85,8.14,Sprinkler,109.81,73.88,2.7,67.8,5529.27,374884.51
4776,Maharashtra,Nagpur,Wheat,Zaid,2021,24.83,1567.78,18.09,82.72,99.46,97.74,56.68,5.31,Sprinkler,67.06,66.01,4.34,107.76,2074.38,223535.19
4777,Tamil Nadu,Salem,Millet,Rabi,2022,99.54,1338.28,37.3,91.52,80.22,36.12,141.79,6.91,Borewell,107.11,70.28,2.82,280.7,3054.98,857532.89
4778,Maharashtra,Nagpur,Wheat,Rabi,2020,94.37,489.27,35.16,81.59,80.58,71.08,67.37,8.18,Sprinkler,114.24,32.64,4.02,379.37,2236.42,848430.66
4779,Karnataka,Hassan,Wheat,Kharif,2022,35.8,302.31,30.53,93.28,58.35,37.9,58.95,7.8,Borewell,219.88,21.53,4.13,147.85,1995.14,294981.45
4780,Telangana,Nalgonda,Wheat,Kharif,2024,66.96,1548.02,18.32,64.29,103.68,27.89,35.58,7.46,Canal,146.35,45.68,4.63,310.02,1906.44,591034.53
4781,Tamil Nadu,Salem,Rice,Zaid,2019,24.25,1440.47,25.8,75.51,110.66,41.23,89.91,7.15,Sprinkler,92.19,47.57,4.71,114.22,2838.41,324203.19
4782,Maharashtra,Kolhapur,Onion,Rabi,2021,4.62,1442.94,27.38,94.63,52.44,74.94,41.97,7.39,Drip,245.42,7.25,6.59,30.45,2181.99,66441.6
4783,Tamil Nadu,Madurai,Groundnut,Zaid,2024,8.49,995.29,26.21,70.9,123.58,43.36,142.03,7.82,Borewell,146.4,65.36,2.71,23.01,5235.64,120472.08
4784,Andhra Pradesh,Guntur,Sugarcane,Kharif,2024,1.54,1235.59,27.97,94.54,90.35,47.3,72.49,8.46,Drip,98.9,72.54,8.73,13.44,4123.96,55426.02
4785,Maharashtra,Satara,Onion,Kharif,2021,97.7,1022.68,33.21,54.47,70.42,77.94,93.98,5.42,Canal,171.38,24.9,5.91,577.41,2523.27,1456961.33
4786,Telangana,Warangal,Wheat,Zaid,2025,60.28,1517.55,30.7,67.94,44.46,62.3,144.65,7.23,Sprinkler,58.17,19.55,4.31,259.81,2490.11,646955.48
4787,Karnataka,Bangalore,Sugarcane,Kharif,2024,72.84,1015.55,31.8,65.52,,75.95,145.54,7.71,Canal,126.01,18.41,8.53,621.33,3495.74,2172008.13
4788,West Bengal,Nadia,Cotton,Rabi,2019,91.58,725.75,34.17,92.67,20.43,27.47,98.82,8.15,Borewell,106.81,37.14,3.09,282.98,6659.24,1884431.74
4789,Punjab,Amritsar,Rice,Rabi,2022,90.04,1548.49,21.41,79.07,107.09,97.72,20.81,6.63,Rainfed,204.53,45.82,4.44,399.78,2390.42,955642.11
4790,Karnataka,Mandya,Cotton,Kharif,2019,99.53,1428.38,26.15,74.13,72.59,95.84,141.34,7.38,Sprinkler,22.13,7.27,3.15,313.52,7671.51,2405171.82
4791,Punjab,Amritsar,Rice,Zaid,2025,8.06,1185.9,36.54,45.93,80.11,58.69,37.24,5.09,Sprinkler,216.51,64.94,5.33,42.96,2704.16,116170.71
4792,Kerala,Palakkad,Rice,Kharif,2018,41.46,842.41,20.03,45.86,77.26,67.34,130.08,8.46,Rainfed,158.17,45.57,3.9,161.69,2115.86,342113.4
4793,Karnataka,Belgaum,Cotton,Zaid,2019,21.65,1468.88,28.49,48.26,118.49,80.66,45.21,6.18,Rainfed,34.86,78.93,2.66,57.59,5648.94,325322.45
4794,Maharashtra,Kolhapur,Millet,Rabi,2024,80.22,541.79,25.71,71.44,29.42,59.33,19.87,7.31,Rainfed,244.05,3.73,2.11,169.26,3136.79,530933.08
4795,West Bengal,Nadia,Millet,Rabi,2019,13.47,519.68,19.67,48.06,47.13,88.36,51.33,5.96,Canal,224.75,76.28,2.24,30.17,3355.64,101239.66
4796,Andhra Pradesh,Chittoor,Rice,Kharif,2018,5.19,303.51,23.38,68.31,101.56,49.75,46.33,5.95,Canal,21.79,26.05,3.9,20.24,2081.16,42122.68
4797,Haryana,Karnal,Tomato,Rabi,2020,3.6,1494.77,19.95,59.28,90.11,43.78,70.34,5.41,Drip,88.24,24.09,6.36,22.9,2789.28,63874.51
4798,Haryana,Hisar,Rice,Zaid,2019,3.01,814.89,28.86,60.21,20.16,89.3,42.38,6.25,Sprinkler,90.98,13.16,4.56,13.73,2292.16,31471.36
4799,Telangana,Hyderabad,Millet,Kharif,2021,86.51,1007.91,31.79,73.76,119.99,13.63,137.74,7.51,Rainfed,170.87,75.56,2.33,201.57,2734.67,551227.43
4800,Tamil Nadu,Trichy,Cotton,Rabi,2025,36.98,926.61,36.2,75.69,125.8,87.74,10.08,8.24,Canal,37.46,71.81,3.19,117.97,7737.2,912757.48
4801,Tamil Nadu,Coimbatore,Maize,Rabi,2024,71.22,1517.02,22.03,76.93,79.26,91.84,83.99,5.65,Borewell,222.36,43.18,5.68,404.53,1706.61,690374.94
4802,Kerala,Palakkad,Tomato,Rabi,2025,31.79,990.1,23.78,57.93,74.03,85.84,71.17,8.42,Rainfed,153.89,71.87,5.27,167.53,2342.42,392425.62
4803,West Bengal,Nadia,Groundnut,Zaid,2021,77.32,507.38,27.13,69.49,74.99,40.76,41.03,6.78,Canal,66.2,58.96,2.61,201.81,6863.62,1385147.15
4804,West Bengal,Hooghly,Tomato,Zaid,2019,99.15,465.09,33.67,69.98,90.86,20.6,58.64,6.95,Canal,104.87,37.61,5.5,545.33,2750.08,1499701.13
4805,Telangana,Nalgonda,Wheat,Zaid,2023,31.78,1702.58,23.04,72.15,62.89,61.21,97.37,8.11,Rainfed,239.73,77.82,4.42,140.47,1907.24,267910.0
4806,Karnataka,Belgaum,Tomato,Kharif,2019,31.06,444.95,26.48,59.11,37.75,99.31,112.88,7.09,Sprinkler,110.54,28.22,6.48,201.27,2541.4,511507.58
4807,Andhra Pradesh,Guntur,Millet,Kharif,2024,35.91,1245.52,27.44,43.32,113.69,38.44,41.1,7.24,Borewell,126.07,78.09,2.28,81.87,3231.38,264553.08
4808,West Bengal,Burdwan,Cotton,Rabi,2021,52.5,846.94,35.14,49.32,78.55,28.19,50.61,8.32,Borewell,181.7,16.7,2.56,134.4,6404.67,860787.65
4809,Punjab,Patiala,Rice,Zaid,2024,83.7,1140.71,25.47,75.93,87.28,48.1,22.63,5.43,Borewell,225.55,39.02,4.69,392.55,2651.99,1041038.67
4810,Uttar Pradesh,Agra,Cotton,Kharif,2022,41.72,615.55,25.05,41.92,67.95,21.08,125.12,5.71,Drip,49.82,75.89,2.78,115.98,7386.32,856665.39
4811,Andhra Pradesh,Chittoor,Maize,Zaid,2021,79.92,1526.0,19.08,57.14,38.47,17.57,74.12,6.16,Sprinkler,135.2,74.45,5.39,430.77,2017.62,869130.17
4812,West Bengal,Burdwan,Tomato,Rabi,2025,41.66,912.98,19.3,86.39,26.48,69.67,105.66,5.8,Rainfed,137.56,30.41,5.16,214.97,2185.22,469756.74
4813,West Bengal,Nadia,Cotton,Rabi,2021,63.82,1178.26,36.77,75.22,68.79,39.66,35.17,5.21,Drip,77.77,41.79,2.98,190.18,7217.1,1372548.08
4814,Haryana,Panipat,Tomato,Kharif,2025,78.06,886.57,24.17,41.87,109.77,90.17,76.86,6.03,Sprinkler,183.22,23.17,6.63,517.54,2670.31,1381992.24
4815,Telangana,Hyderabad,Cotton,Kharif,2021,12.02,1521.06,24.04,51.05,95.55,47.3,15.08,6.08,Borewell,210.3,26.38,3.73,44.83,6562.58,294200.46
4816,Uttar Pradesh,Kanpur,Cotton,Rabi,2022,95.5,562.9,30.7,46.16,58.11,26.24,146.56,5.9,Sprinkler,96.5,44.81,2.76,263.58,6293.87,1658938.25
4817,West Bengal,Kolkata,Maize,Rabi,2018,54.12,892.31,36.69,85.4,75.03,88.13,121.56,7.42,Canal,150.44,38.58,4.94,267.35,2130.62,569621.26
4818,Haryana,Hisar,Cotton,Kharif,2020,35.2,893.32,37.68,72.61,135.97,16.63,82.05,7.21,Rainfed,213.3,8.51,2.56,90.11,6069.09,546885.7
4819,Kerala,Palakkad,Cotton,Zaid,2025,26.36,555.24,23.07,83.5,87.84,96.08,83.57,7.82,Borewell,156.38,15.56,3.12,82.24,7507.23,617394.6
4820,Telangana,Warangal,Groundnut,Kharif,2021,35.46,1799.32,37.08,49.71,104.36,97.48,94.84,5.54,Sprinkler,179.26,72.1,3.43,121.63,6020.3,732249.09
4821,Andhra Pradesh,Kurnool,Rice,Kharif,2022,48.25,930.11,33.64,52.46,44.59,72.34,108.56,5.99,Borewell,198.94,54.66,4.44,214.23,2225.71,476813.85
4822,Punjab,Patiala,Maize,Zaid,2021,9.51,1504.38,36.06,56.9,50.43,80.38,33.53,6.22,Rainfed,93.18,54.16,4.52,42.99,2090.64,89876.61
4823,Punjab,Patiala,Tomato,Rabi,2023,12.93,554.48,28.92,71.9,132.4,39.6,47.56,5.65,Sprinkler,118.4,19.41,6.14,79.39,2562.85,203464.66
4824,Punjab,Patiala,Sugarcane,Zaid,2024,95.36,660.39,27.91,81.06,78.35,38.46,23.22,6.35,Drip,145.49,59.89,8.7,829.63,4181.38,3468998.29
4825,West Bengal,Nadia,Groundnut,Rabi,2022,64.4,1704.49,26.88,52.52,105.45,87.72,26.25,7.47,Drip,76.75,63.04,2.75,177.1,5446.93,964651.3
4826,Punjab,Patiala,Millet,Zaid,2024,61.51,1345.64,33.71,83.09,127.97,51.87,23.45,6.16,Canal,105.68,68.42,2.37,145.78,3028.03,441426.21
4827,Uttar Pradesh,Varanasi,Groundnut,Rabi,2021,39.18,536.41,33.91,88.78,43.89,44.41,80.57,6.87,Borewell,231.97,75.33,2.54,99.52,5178.53,515367.31
4828,Telangana,Karimnagar,Maize,Zaid,2019,23.46,661.44,31.3,74.12,125.04,82.59,113.46,6.61,Drip,69.35,39.98,5.16,121.05,1866.83,225979.77
4829,Tamil Nadu,Thanjavur,Potato,Kharif,2018,82.8,859.11,27.53,67.47,47.39,35.43,132.62,8.32,Rainfed,138.24,7.92,5.34,442.15,2115.04,935164.94
4830,Uttar Pradesh,Meerut,Potato,Rabi,2021,47.73,421.43,20.37,48.01,124.61,59.11,55.91,5.0,Sprinkler,131.64,56.43,6.37,304.04,1818.08,552769.04
4831,Telangana,Hyderabad,Potato,Kharif,2020,30.32,1165.81,27.86,87.12,121.33,10.91,36.11,6.24,Drip,180.97,6.17,7.51,227.7,1916.72,436437.14
4832,Andhra Pradesh,Chittoor,Sugarcane,Kharif,2024,49.84,1322.37,30.75,65.19,114.94,94.88,115.49,6.37,Sprinkler,195.59,8.46,9.5,473.48,3966.54,1878077.36
4833,Tamil Nadu,Salem,Potato,Kharif,2019,53.32,565.76,29.16,89.85,122.61,49.19,55.13,5.2,Canal,94.34,78.92,6.31,336.45,2022.62,680510.5
4834,Punjab,Amritsar,Tomato,Zaid,2024,52.36,1255.95,18.78,91.91,95.66,33.85,29.48,7.47,Drip,223.98,35.45,6.87,359.71,2974.37,1069910.63
4835,Karnataka,Bangalore,Groundnut,Zaid,2023,45.29,1133.53,20.53,81.7,34.11,65.42,36.94,5.68,Canal,69.8,15.15,2.53,114.58,5542.22,635027.57
4836,Karnataka,Mysore,Wheat,Kharif,2021,30.94,1110.69,37.92,70.41,55.03,25.33,105.24,6.27,Drip,143.08,47.89,4.59,142.01,2211.16,314006.83
4837,Karnataka,Bangalore,Sugarcane,Rabi,2020,98.21,1221.44,31.42,68.53,92.79,21.18,40.21,5.03,Drip,207.38,62.94,9.54,936.92,3690.24,3457459.66
4838,Karnataka,Mandya,Wheat,Rabi,2019,23.73,1445.79,34.51,71.02,126.84,60.45,61.42,7.99,Drip,227.22,32.49,5.64,133.84,2331.67,312070.71
4839,West Bengal,Murshidabad,Cotton,Kharif,2018,45.86,1692.2,35.56,74.65,132.58,25.22,81.84,5.68,Drip,168.36,27.8,3.88,177.94,6277.15,1116956.07
4840,Kerala,Kollam,Cotton,Rabi,2025,81.31,457.18,22.81,54.46,139.62,47.33,51.84,8.24,Drip,157.41,60.28,3.28,266.7,5832.68,1555575.76
4841,Andhra Pradesh,Nellore,Wheat,Rabi,2018,40.8,496.86,30.05,59.74,115.67,41.48,72.32,7.14,Canal,54.93,67.67,3.69,150.55,2180.22,328232.12
4842,Andhra Pradesh,Guntur,Maize,Zaid,2018,49.91,916.07,28.55,42.49,47.67,21.72,141.73,6.02,Canal,51.64,70.35,4.93,246.06,2202.05,541836.42
4843,Tamil Nadu,Thanjavur,Millet,Rabi,2023,6.73,1093.2,35.9,72.53,135.91,28.28,12.35,6.72,Borewell,198.25,57.7,2.71,18.24,2588.1,47206.94
4844,Andhra Pradesh,Chittoor,Millet,Kharif,2024,34.64,1023.95,30.37,51.53,102.25,63.59,50.62,6.45,Sprinkler,141.72,67.14,2.6,90.06,3311.86,298266.11
4845,Haryana,Rohtak,Maize,Kharif,2021,47.77,1120.6,19.45,92.3,38.75,60.02,73.22,6.21,Rainfed,65.89,43.95,3.75,179.14,1957.83,350725.67
4846,Haryana,Hisar,Cotton,Kharif,2018,70.06,667.8,36.94,89.14,117.84,63.48,66.46,5.03,Rainfed,29.06,28.04,2.4,168.14,5793.88,974182.98
4847,Karnataka,Hassan,Rice,Rabi,2019,3.42,1105.18,29.29,82.27,83.12,53.31,69.87,7.18,Sprinkler,33.8,71.82,4.34,14.84,2285.35,33914.59
4848,Haryana,Karnal,Millet,Zaid,2025,95.69,1461.27,32.34,78.48,82.03,87.83,42.7,6.34,Rainfed,183.58,10.62,1.99,190.42,3548.17,675642.53
4849,Haryana,Karnal,Onion,Kharif,2023,69.96,322.22,29.23,71.82,73.05,80.78,102.9,7.0,Canal,215.39,37.57,5.21,364.49,2271.46,827924.46
4850,Punjab,Amritsar,Maize,Zaid,2019,16.76,1326.22,27.87,84.47,118.22,88.87,35.29,7.04,Rainfed,142.58,3.23,4.12,69.05,2223.56,153536.82
4851,Kerala,Thrissur,Tomato,Zaid,2023,36.56,1412.82,29.57,55.47,138.93,57.91,84.61,8.41,Drip,133.44,61.97,7.45,272.37,2798.85,762322.77
4852,Karnataka,Mysore,Rice,Rabi,2023,71.9,541.48,27.95,92.51,89.22,34.7,12.61,8.46,Rainfed,53.06,18.12,3.16,227.2,2363.96,537091.71
4853,Haryana,Rohtak,Sugarcane,Rabi,2018,35.56,1303.04,27.09,44.55,51.6,59.47,41.05,8.07,Rainfed,92.39,17.77,7.05,250.7,4090.03,1025370.52
4854,Karnataka,Hassan,Sugarcane,Rabi,2021,39.07,818.61,26.92,42.13,92.88,95.01,69.44,5.84,Canal,226.73,4.61,9.12,356.32,2976.19,1060476.02
4855,Telangana,Warangal,Wheat,Rabi,2020,8.27,1230.2,26.88,65.62,68.27,69.11,117.31,5.43,Canal,54.36,48.69,3.94,32.58,2515.38,81951.08
4856,Haryana,Hisar,Groundnut,Rabi,2021,47.07,947.29,26.76,55.37,25.97,19.51,40.41,8.16,Rainfed,209.77,38.36,2.07,97.43,5489.44,534836.14
4857,Maharashtra,Kolhapur,Wheat,Kharif,2020,27.23,628.45,19.54,89.36,28.08,10.26,95.86,7.16,Canal,246.95,75.81,4.66,126.89,2386.01,302760.81
4858,West Bengal,Hooghly,Tomato,Rabi,2023,99.85,709.59,28.8,80.09,28.95,55.19,52.3,5.9,Canal,30.78,5.15,5.16,515.23,2876.32,1481966.35
4859,Karnataka,Hassan,Potato,Kharif,2024,45.34,1084.04,18.05,74.81,107.33,30.47,128.65,5.92,Sprinkler,44.17,40.03,6.04,273.85,1736.11,475433.72
4860,Haryana,Karnal,Millet,Rabi,2019,71.64,1512.45,24.36,65.49,115.42,72.38,26.21,5.85,Rainfed,156.56,55.23,2.44,174.8,3211.81,561424.39
4861,Punjab,Ludhiana,Cotton,Kharif,2023,99.47,816.68,23.76,81.01,96.83,36.3,34.03,5.03,Canal,134.47,18.61,3.07,305.37,6145.92,1876779.59
4862,Punjab,Bathinda,Potato,Zaid,2020,80.38,1351.98,22.24,48.07,23.48,86.13,52.59,6.29,Rainfed,85.44,70.73,5.55,446.11,2034.85,907766.93
4863,Kerala,Kollam,Tomato,Kharif,2021,17.89,1722.79,29.87,56.6,105.45,80.45,88.59,8.38,Sprinkler,233.03,11.76,7.7,137.75,2455.45,338238.24
4864,West Bengal,Burdwan,Millet,Kharif,2021,58.93,1085.72,32.56,45.7,50.51,86.55,81.56,8.22,Drip,115.04,79.38,2.5,147.32,2570.39,378669.85
4865,Haryana,Ambala,Cotton,Rabi,2021,6.28,1490.78,18.9,40.97,43.77,25.74,50.54,5.36,Drip,69.38,7.74,3.03,19.03,5643.72,107399.99
4866,Maharashtra,Nashik,Sugarcane,Rabi,2021,21.68,325.55,32.81,57.34,116.84,24.83,54.92,8.19,Canal,210.32,46.93,8.4,182.11,3180.05,579118.91
4867,Kerala,Kochi,Cotton,Rabi,2020,26.95,581.51,19.29,59.7,88.99,93.74,29.58,8.01,Sprinkler,70.17,30.81,3.04,81.93,5944.27,487014.04
4868,Haryana,Karnal,Potato,Zaid,2019,37.33,1051.11,25.68,47.82,90.05,33.25,109.68,6.89,Canal,85.54,63.61,6.53,243.76,1843.86,449459.31
4869,Uttar Pradesh,Meerut,Maize,Kharif,2023,21.35,615.37,29.4,60.86,82.23,54.56,48.53,5.18,Drip,227.0,41.35,5.05,107.82,2060.52,222165.27
4870,Tamil Nadu,Coimbatore,Maize,Rabi,2020,46.61,1723.73,24.95,77.22,78.33,25.24,140.9,6.64,Rainfed,68.35,54.9,4.62,215.34,2208.79,475640.84
4871,Maharashtra,Pune,Cotton,Rabi,2022,59.39,345.55,28.33,89.21,111.3,66.08,95.06,8.06,Sprinkler,193.7,52.73,3.73,221.52,5577.65,1235561.03
4872,Haryana,Rohtak,Millet,Kharif,2020,44.45,801.29,22.02,49.68,130.58,31.41,16.79,8.09,Drip,223.73,60.94,2.89,128.46,3386.33,435007.95
4873,Punjab,Ludhiana,Rice,Kharif,2019,83.08,537.04,35.26,88.62,116.38,69.76,100.28,5.95,Canal,203.03,12.0,4.69,389.65,2350.96,916051.56
4874,Maharashtra,Nashik,Onion,Kharif,2024,84.03,526.0,35.84,89.99,95.44,14.61,48.33,5.61,Canal,22.76,9.41,4.24,356.29,1935.39,689560.1
4875,Telangana,Karimnagar,Maize,Zaid,2018,83.53,1794.21,20.52,62.8,28.33,35.68,27.42,7.87,Sprinkler,97.26,65.45,5.3,442.71,1679.3,743442.9
4876,Karnataka,Mysore,Tomato,Zaid,2021,2.59,1398.62,29.72,84.73,85.7,69.5,85.24,6.89,Canal,34.49,52.36,5.82,15.07,2688.6,40517.2
4877,Kerala,Thrissur,Maize,Rabi,2022,50.04,967.86,30.78,76.71,130.32,14.7,115.9,5.73,Drip,223.47,57.0,5.35,267.71,1892.71,506697.39
4878,Telangana,Hyderabad,Millet,Zaid,2024,90.37,346.49,29.8,91.1,83.75,32.18,36.94,5.82,Drip,241.76,35.99,2.89,261.17,3469.54,906139.76
4879,Maharashtra,Nagpur,Cotton,Kharif,2024,47.72,371.99,28.69,91.54,120.19,71.9,56.29,6.65,Rainfed,133.82,22.97,2.67,127.41,7269.79,926243.94
4880,Uttar Pradesh,Varanasi,Sugarcane,Kharif,2020,34.31,1321.63,20.59,60.5,64.86,31.67,124.09,5.66,Canal,240.94,67.23,9.36,321.14,3539.69,1136736.05
4881,Kerala,Kollam,Groundnut,Kharif,2024,32.84,1624.53,35.56,62.09,58.1,95.02,15.45,6.84,Canal,38.26,55.14,2.72,89.32,6376.22,569523.97
4882,Andhra Pradesh,Kurnool,Cotton,Zaid,2023,58.63,1556.97,37.33,79.64,88.74,53.05,20.98,5.22,Canal,88.61,59.59,3.08,180.58,5686.52,1026871.78
4883,West Bengal,Kolkata,Potato,Kharif,2019,49.7,1316.09,34.87,44.62,56.31,91.26,33.91,5.78,Rainfed,229.9,4.12,6.13,304.66,2056.75,626609.46
4884,West Bengal,Kolkata,Potato,Zaid,2023,4.24,1191.61,21.78,66.33,85.29,32.66,48.15,8.0,Rainfed,193.12,11.79,6.28,26.63,2107.68,56127.52
4885,Punjab,Bathinda,Tomato,Rabi,2018,17.21,462.05,34.24,48.79,56.15,84.48,85.84,5.5,Sprinkler,149.1,6.65,6.15,105.84,2451.97,259516.5
4886,Punjab,Amritsar,Sugarcane,Kharif,2021,84.13,1325.91,24.5,82.37,120.66,64.68,74.42,5.17,Drip,123.42,19.34,9.07,763.06,3767.77,2875034.58
4887,Karnataka,Hassan,Cotton,Zaid,2019,55.91,1709.62,30.56,40.02,52.13,91.54,40.33,8.14,Borewell,119.09,34.11,3.07,171.64,6296.32,1080700.36
4888,Karnataka,Bangalore,Cotton,Rabi,2022,95.0,554.68,37.57,60.04,131.58,80.44,91.65,8.0,Drip,228.04,23.16,3.73,354.35,6687.18,2369602.23
4889,Haryana,Ambala,Sugarcane,Rabi,2024,93.02,1109.11,36.46,56.24,87.62,42.36,61.56,7.69,Sprinkler,132.23,60.53,8.66,805.55,3722.55,2998700.15
4890,Haryana,Hisar,Wheat,Zaid,2019,45.51,857.95,29.68,92.28,101.39,50.77,35.38,8.22,Rainfed,92.56,42.99,3.84,174.76,2156.91,376941.59
4891,Uttar Pradesh,Meerut,Sugarcane,Rabi,2022,93.74,1797.61,35.6,84.11,69.52,13.49,101.19,7.74,Sprinkler,49.95,8.55,8.4,787.42,3714.39,2924784.97
4892,West Bengal,Nadia,Maize,Zaid,2024,58.94,914.31,23.96,83.3,23.61,79.07,135.9,5.42,Rainfed,239.41,41.88,4.58,269.95,1674.47,452023.18
4893,Karnataka,Mysore,Wheat,Rabi,2019,81.32,461.98,32.1,89.58,75.68,52.87,74.52,7.95,Rainfed,56.88,72.31,3.55,288.69,2580.9,745080.02
4894,Uttar Pradesh,Lucknow,Sugarcane,Zaid,2018,3.88,1784.33,18.92,65.05,59.35,96.91,124.34,6.19,Drip,178.07,54.41,10.27,39.85,3684.31,146819.75
4895,Maharashtra,Pune,Rice,Zaid,2022,14.46,1459.07,30.43,65.05,81.93,89.79,119.62,5.51,Rainfed,136.66,68.58,4.27,61.74,2277.58,140617.79
4896,Uttar Pradesh,Lucknow,Potato,Zaid,2019,33.32,308.35,29.29,83.34,53.9,98.83,119.57,5.32,Drip,160.68,29.65,7.05,234.91,2155.66,506386.09
4897,West Bengal,Kolkata,Maize,Rabi,2025,17.27,340.3,23.57,45.95,114.02,38.72,147.81,7.16,Rainfed,69.36,8.98,3.64,62.86,2221.81,139662.98
4898,Karnataka,Hassan,Maize,Kharif,2024,69.23,1097.4,35.97,83.34,40.9,63.43,59.64,5.13,Sprinkler,42.66,64.02,4.53,313.61,2104.75,660070.65
4899,Telangana,Hyderabad,Onion,Zaid,2023,16.1,1078.61,33.96,82.01,109.7,31.4,12.98,6.2,Borewell,174.06,58.5,5.68,91.45,2437.58,222916.69
4900,Uttar Pradesh,Lucknow,Potato,Rabi,2020,12.16,1420.14,18.86,86.3,126.16,16.28,138.92,7.65,Rainfed,155.16,76.34,6.31,76.73,1549.13,118864.74
4901,West Bengal,Hooghly,Wheat,Rabi,2024,30.87,1047.57,34.04,64.68,66.91,27.67,128.85,5.77,Sprinkler,200.87,26.14,4.73,146.02,2583.17,377194.48
4902,Kerala,Kannur,Millet,Kharif,2023,17.91,392.97,29.56,76.67,70.11,57.22,111.26,6.34,Canal,75.98,44.01,1.94,34.75,3339.59,116050.75
4903,West Bengal,Kolkata,Cotton,Rabi,2019,57.6,951.86,31.33,68.71,114.17,25.96,56.75,8.43,Rainfed,215.68,61.44,3.06,176.26,5946.77,1048177.68
4904,Uttar Pradesh,Varanasi,Cotton,Kharif,2018,86.31,1284.67,32.37,61.81,112.62,67.46,50.54,6.08,Drip,38.8,44.37,2.78,239.94,6417.77,1539879.73
4905,Tamil Nadu,Madurai,Maize,Kharif,2021,18.13,632.29,28.03,55.28,73.9,,49.99,6.94,Sprinkler,160.79,12.45,5.15,93.37,1842.62,172045.43
4906,Andhra Pradesh,Krishna,Rice,Rabi,2025,94.22,808.99,23.68,87.69,114.4,73.2,144.2,8.05,Borewell,88.38,70.07,4.74,446.6,2353.08,1050885.53
4907,Punjab,Patiala,Groundnut,Kharif,2020,14.18,1583.66,19.04,55.61,114.76,99.75,71.6,6.06,Rainfed,183.19,14.2,2.33,33.04,6257.1,206734.58
4908,Karnataka,Belgaum,Tomato,Rabi,2019,57.43,664.88,29.57,64.91,116.31,74.0,89.54,5.7,Rainfed,59.65,59.68,4.81,276.24,2598.17,717718.48
4909,Telangana,Nalgonda,Groundnut,Rabi,2018,81.57,1515.63,31.69,74.26,127.35,50.42,64.9,5.85,Sprinkler,64.92,37.71,2.9,236.55,6584.51,1557565.84
4910,Karnataka,Mandya,Cotton,Zaid,2024,17.77,306.96,31.28,42.23,124.14,33.55,43.19,6.92,Drip,172.02,8.18,3.5,62.2,6514.14,405179.51
4911,Telangana,Nalgonda,Wheat,Zaid,2019,82.85,1702.63,20.35,40.37,83.61,60.27,139.98,7.45,Borewell,160.73,55.7,4.12,341.34,2089.72,713305.02
4912,Punjab,Bathinda,Tomato,Zaid,2025,31.47,827.98,21.35,81.96,137.6,50.66,75.08,6.74,Sprinkler,215.18,20.28,6.92,217.77,2746.15,598029.09
4913,Tamil Nadu,Salem,Maize,Rabi,2022,4.31,993.75,37.65,88.09,103.77,69.01,42.88,6.17,Rainfed,134.91,76.87,4.33,18.66,2001.2,37342.39
4914,Karnataka,Hassan,Tomato,Kharif,2024,33.27,773.69,21.31,92.44,97.67,50.54,41.38,6.6,Borewell,39.02,7.63,5.49,182.65,2969.58,542393.79
4915,Karnataka,Hassan,Groundnut,Rabi,2024,79.74,1580.25,28.06,52.69,52.46,38.84,18.82,8.42,Sprinkler,36.27,28.86,2.71,216.1,6315.03,1364677.98
4916,Tamil Nadu,Salem,Tomato,Rabi,2021,73.09,809.25,22.77,45.68,109.44,89.2,101.07,6.25,Drip,169.66,52.02,7.09,518.21,2782.81,1442079.97
4917,Karnataka,Mysore,Onion,Kharif,2020,74.43,728.34,19.92,69.4,68.88,17.33,14.9,8.38,Canal,70.74,10.53,4.58,340.89,2295.7,782581.17
4918,Punjab,Ludhiana,Millet,Rabi,2019,44.46,654.84,20.62,75.8,59.87,18.61,70.97,8.34,Sprinkler,226.54,10.32,2.32,103.15,3047.83,314383.66
4919,Punjab,Patiala,Onion,Kharif,2024,73.07,648.58,18.73,64.48,132.24,83.14,143.86,8.09,Rainfed,35.05,22.73,3.81,278.4,2120.53,590355.55
4920,Karnataka,Belgaum,Tomato,Rabi,2024,59.53,404.8,29.33,72.13,25.48,23.09,121.27,6.96,Canal,219.76,77.15,6.55,389.92,2311.96,901479.44
4921,Tamil Nadu,Trichy,Onion,Rabi,2022,86.37,1138.87,21.58,89.15,88.89,61.79,48.67,7.84,Borewell,50.18,66.79,4.83,417.17,2078.45,867066.99
4922,Haryana,Rohtak,Millet,Zaid,2025,77.22,324.08,36.94,83.52,34.92,32.3,52.55,7.92,Drip,178.1,51.33,2.39,184.56,3216.85,593701.84
4923,Uttar Pradesh,Agra,Cotton,Kharif,2020,26.01,1426.11,25.31,90.37,109.93,82.31,23.44,7.85,Drip,213.45,66.09,3.83,99.62,7273.65,724601.01
4924,Karnataka,Bangalore,Millet,Kharif,2024,37.21,769.33,19.75,91.08,45.19,63.7,13.31,8.36,Sprinkler,54.88,41.65,2.0,74.42,2959.01,220209.52
4925,Uttar Pradesh,Lucknow,Onion,Zaid,2019,50.53,1159.13,34.4,83.7,110.32,65.12,26.16,8.24,Rainfed,84.73,42.28,4.85,245.07,2060.57,504983.89
4926,Andhra Pradesh,Guntur,Wheat,Kharif,2023,9.54,656.66,33.84,43.71,102.76,36.62,65.11,8.34,Rainfed,142.53,11.93,3.36,32.05,1898.05,60832.5
4927,Punjab,Amritsar,Onion,Kharif,2021,65.69,1353.1,28.09,80.36,120.21,87.75,75.28,8.02,Drip,155.67,57.13,6.57,431.58,2365.0,1020686.7
4928,Telangana,Khammam,Wheat,Rabi,2024,51.56,455.19,22.94,76.28,47.17,10.81,81.6,7.75,Borewell,206.4,39.48,3.8,195.93,2263.38,443464.04
4929,Maharashtra,Nashik,Groundnut,Zaid,2019,15.43,786.12,35.97,79.92,81.64,72.05,65.24,6.84,Rainfed,138.2,49.59,2.13,32.87,6661.74,218971.39
4930,Kerala,Kochi,Potato,Rabi,2023,45.26,794.18,27.13,61.37,59.66,69.71,85.69,6.64,Rainfed,37.28,31.82,5.24,237.16,1939.58,459990.79
4931,Haryana,Ambala,Tomato,Rabi,2024,18.82,1361.72,33.48,80.77,97.04,29.05,51.22,8.1,Sprinkler,223.51,44.82,6.95,130.8,2202.65,288106.62
4932,Punjab,Bathinda,Sugarcane,Rabi,2023,53.61,1260.25,23.02,88.04,78.83,10.04,130.21,6.61,Sprinkler,235.61,14.34,9.18,492.14,3062.2,1507031.11
4933,Maharashtra,Satara,Potato,Rabi,2018,67.47,1369.14,28.02,78.86,68.76,72.88,143.0,5.1,Drip,119.43,39.11,7.63,514.8,1848.29,951499.69
4934,Uttar Pradesh,Lucknow,Millet,Zaid,2023,29.52,690.7,32.25,51.25,38.26,45.74,136.66,6.36,Canal,220.01,21.05,2.64,77.93,3398.32,264831.08
4935,Punjab,Amritsar,Maize,Kharif,2024,14.96,1708.05,23.09,44.23,57.79,80.32,114.8,5.49,Borewell,40.43,35.26,5.43,81.23,1907.16,154918.61
4936,West Bengal,Murshidabad,Potato,Kharif,2019,44.16,853.36,26.99,44.98,112.2,13.42,106.69,8.43,Canal,89.03,60.9,6.0,264.96,1917.81,508142.94
4937,Karnataka,Bangalore,Millet,Kharif,2023,81.11,1378.25,27.74,63.5,45.85,79.65,50.93,5.92,Rainfed,139.72,59.03,2.31,187.36,3561.13,667213.32
4938,Tamil Nadu,Coimbatore,Onion,Kharif,2020,74.94,1042.17,34.0,76.67,50.88,75.32,53.86,6.16,Drip,62.74,55.59,5.3,397.18,2068.7,821646.27
4939,Haryana,Rohtak,Maize,Kharif,2025,26.23,1600.69,20.94,75.78,126.94,71.97,145.66,7.09,Rainfed,229.11,29.99,4.62,121.18,1805.73,218818.36
4940,Karnataka,Mandya,Maize,Zaid,2023,8.58,338.78,20.53,68.4,56.97,70.76,119.26,7.99,Borewell,65.69,17.85,4.28,36.72,2144.48,78745.31
4941,Maharashtra,Pune,Tomato,Kharif,2023,6.15,1779.89,22.14,94.97,115.91,45.18,41.38,5.36,Borewell,197.69,61.21,7.33,45.08,2712.31,122270.93
4942,Telangana,Karimnagar,Potato,Zaid,2025,93.35,1067.48,23.11,74.21,119.41,85.47,85.2,8.17,Rainfed,222.5,64.71,5.98,558.23,1663.81,928788.66
4943,Tamil Nadu,Trichy,Tomato,Kharif,2022,93.83,740.2,21.17,94.47,118.38,16.67,112.54,7.45,Drip,225.72,68.75,7.07,663.38,2650.47,1758268.79
4944,Kerala,Kannur,Millet,Kharif,2020,85.12,1539.03,24.46,68.34,118.75,62.75,63.19,6.95,Drip,153.87,46.78,2.61,222.16,2857.81,634891.07
4945,Punjab,Patiala,Millet,Kharif,2021,7.62,1283.76,21.88,59.14,106.97,20.34,141.07,5.09,Canal,118.19,48.4,2.88,21.95,2615.98,57420.76
4946,Karnataka,Belgaum,Rice,Rabi,2021,90.2,820.13,21.83,45.98,35.68,30.67,101.62,6.46,Canal,224.0,26.45,4.92,443.78,2335.88,1036616.83
4947,Telangana,Nalgonda,Sugarcane,Kharif,2021,18.33,874.11,23.48,67.55,87.7,90.86,148.72,6.75,Drip,56.69,60.22,8.78,160.94,4143.62,666874.2
4948,Andhra Pradesh,Guntur,Cotton,Rabi,2023,46.93,1103.25,34.47,75.15,46.54,64.25,50.76,7.07,Drip,170.39,50.47,3.56,167.07,6125.41,1023372.25
4949,Haryana,Hisar,Rice,Zaid,2025,43.42,1559.35,33.37,57.4,23.66,33.23,34.87,8.12,Borewell,75.68,12.01,4.03,174.98,2820.24,493485.6
4950,Karnataka,Belgaum,Sugarcane,Zaid,2025,43.15,610.45,22.65,57.6,63.87,89.11,16.71,7.8,Rainfed,114.62,8.91,6.66,287.38,3545.66,1018951.77
4951,West Bengal,Murshidabad,Onion,Rabi,2020,17.33,1229.46,18.06,52.1,137.17,57.29,72.31,8.47,Canal,107.56,60.31,5.33,92.37,2593.3,239543.12
4952,Kerala,Kollam,Onion,Rabi,2021,25.6,628.55,36.74,85.45,59.81,70.94,57.74,8.0,Rainfed,141.64,57.24,3.75,96.0,2327.7,223459.2
4953,Tamil Nadu,Thanjavur,Sugarcane,Kharif,2023,5.83,983.04,27.87,41.77,128.32,54.82,16.06,5.93,Drip,107.01,57.17,8.77,51.13,2994.42,153104.69
4954,Uttar Pradesh,Kanpur,Maize,Kharif,2024,30.61,712.14,22.69,50.56,51.0,60.72,108.8,6.92,Canal,138.33,60.08,4.6,140.81,2040.73,287355.19
4955,West Bengal,Hooghly,Cotton,Rabi,2022,4.41,1681.03,21.02,52.12,105.5,91.73,80.9,5.0,Canal,203.91,38.7,3.63,16.01,7360.83,117846.89
4956,Uttar Pradesh,Agra,Potato,Zaid,2018,56.09,1390.1,27.08,87.47,117.07,97.98,38.44,5.71,Rainfed,36.37,55.39,5.67,318.03,1645.21,523226.14
4957,Karnataka,Hassan,Tomato,Kharif,2022,14.63,636.96,31.62,63.95,99.12,41.62,92.48,7.34,Canal,186.24,6.96,6.33,92.61,2210.14,204681.07
4958,Punjab,Jalandhar,Maize,Kharif,2024,40.95,1202.26,36.52,47.25,111.2,94.88,55.97,7.05,Sprinkler,196.14,13.69,5.45,223.18,2109.37,470769.2
4959,Uttar Pradesh,Kanpur,Onion,Zaid,2021,49.07,1539.1,24.41,62.58,88.53,45.91,75.21,7.97,Drip,106.3,71.02,6.17,302.76,2606.05,789007.7
4960,Punjab,Jalandhar,Maize,Zaid,2020,82.93,1784.51,22.01,80.11,121.97,81.23,12.62,7.57,Rainfed,249.93,4.8,4.83,400.55,1875.07,751059.29
4961,Punjab,Patiala,Tomato,Rabi,2018,17.05,629.22,37.45,43.38,70.71,21.19,149.57,7.01,Borewell,187.07,25.72,6.17,105.2,2165.09,227767.47
4962,Kerala,Kollam,Wheat,Kharif,2025,47.33,335.87,30.34,57.89,75.18,94.2,45.69,5.88,Drip,44.6,75.13,3.45,163.29,2511.6,410119.16
4963,Punjab,Ludhiana,Rice,Kharif,2022,90.34,1359.79,26.73,65.58,108.16,48.23,146.81,5.39,Sprinkler,135.59,27.08,5.17,467.06,2056.67,960588.29
4964,Haryana,Rohtak,Wheat,Rabi,2019,22.62,1157.54,22.3,89.34,64.38,74.41,71.76,7.55,Sprinkler,26.04,72.26,3.9,88.22,2602.49,229591.67
4965,Maharashtra,Satara,Millet,Zaid,2020,8.73,1391.05,33.21,58.8,83.59,91.55,108.96,5.53,Sprinkler,103.96,15.11,2.45,21.39,2640.32,56476.44
4966,West Bengal,Burdwan,Potato,Kharif,2023,34.18,374.74,23.25,58.77,134.39,39.44,140.12,7.85,Drip,122.19,28.56,7.04,240.63,1964.73,472772.98
4967,Tamil Nadu,Trichy,Wheat,Rabi,2018,92.64,1369.04,22.4,56.85,30.05,37.23,96.74,8.48,Drip,135.19,64.77,4.24,392.79,2042.11,802120.39
4968,Andhra Pradesh,Kurnool,Cotton,Kharif,2023,31.74,1135.87,34.86,92.87,25.93,54.21,100.37,7.86,Drip,141.14,16.99,3.9,123.79,7658.2,948008.58
4969,Maharashtra,Kolhapur,Sugarcane,Zaid,2021,83.43,646.6,23.0,89.34,94.95,40.18,125.66,7.17,Canal,22.57,19.29,7.09,591.52,3366.59,1991405.32
4970,Punjab,Jalandhar,Wheat,Rabi,2024,35.22,976.54,24.43,73.22,54.48,33.88,80.27,5.74,Canal,244.4,45.75,4.89,172.23,2286.48,393800.45
4971,West Bengal,Kolkata,Groundnut,Kharif,2023,74.0,1146.43,25.66,70.91,74.66,72.05,31.97,8.04,Drip,48.13,78.0,2.54,187.96,6073.68,1141608.89
4972,Punjab,Amritsar,Potato,Zaid,2021,82.6,400.36,36.88,70.32,100.67,99.88,33.48,7.39,Borewell,182.73,72.97,6.59,544.33,1550.22,843831.25
4973,Tamil Nadu,Thanjavur,Potato,Kharif,2024,53.12,1481.54,23.22,92.66,34.34,38.46,108.47,7.88,Rainfed,103.16,7.94,5.63,299.07,1544.54,461925.58
4974,Haryana,Ambala,Sugarcane,Zaid,2019,30.87,1115.06,34.88,53.34,93.47,95.05,65.51,6.75,Sprinkler,70.67,41.42,8.33,257.15,3836.92,986663.98
4975,Haryana,Ambala,Sugarcane,Rabi,2024,55.38,1692.9,33.04,67.79,133.4,78.21,55.04,5.14,Borewell,247.5,36.44,9.98,552.69,3223.04,1781341.98
4976,Punjab,Patiala,Wheat,Kharif,2021,54.84,1506.84,20.45,82.17,108.06,39.62,111.24,7.02,Rainfed,245.93,41.55,4.52,247.88,1949.14,483152.82
4977,Kerala,Palakkad,Millet,Zaid,2025,22.14,642.25,18.59,48.79,138.84,78.68,29.82,6.74,Borewell,40.51,76.84,2.08,46.05,2878.23,132542.49
4978,Maharashtra,Nagpur,Wheat,Rabi,2023,74.77,738.21,28.33,58.74,45.93,96.61,94.41,6.06,Canal,140.68,46.35,4.64,346.93,1912.35,663451.59
4979,Telangana,Hyderabad,Tomato,Rabi,2018,77.69,1401.62,37.33,81.94,114.18,86.47,15.98,8.08,Drip,106.47,61.03,6.83,530.62,2180.37,1156947.93
4980,West Bengal,Kolkata,Cotton,Zaid,2020,16.95,308.99,23.98,89.65,116.21,93.15,45.01,7.88,Sprinkler,165.7,14.35,3.28,55.6,6570.59,365324.8
4981,Andhra Pradesh,Krishna,Potato,Kharif,2025,32.09,1303.53,20.86,76.67,51.73,61.94,144.64,6.88,Canal,211.19,40.1,7.65,245.49,2074.8,509342.65
4982,West Bengal,Kolkata,Onion,Zaid,2023,16.99,890.73,36.28,65.73,40.52,82.24,143.4,8.04,Canal,127.74,44.18,4.91,83.42,1900.64,158551.39
4983,Maharashtra,Nagpur,Groundnut,Rabi,2022,22.18,1206.47,23.2,59.36,60.64,75.32,82.32,7.65,Borewell,105.01,42.03,2.66,59.0,6930.78,408916.02
4984,Karnataka,Hassan,Rice,Kharif,2018,50.2,347.58,33.8,85.36,134.4,88.47,136.7,6.32,Rainfed,47.93,10.49,3.71,186.24,2357.09,438984.44
4985,Kerala,Palakkad,Wheat,Rabi,2024,73.6,1547.75,28.69,59.88,116.5,82.91,83.54,7.83,Drip,83.11,75.75,5.01,368.74,2426.75,894839.8
4986,Andhra Pradesh,Krishna,Wheat,Kharif,2023,49.27,789.18,23.76,55.4,26.08,93.81,27.36,8.07,Canal,72.81,30.26,3.79,186.73,2188.92,408737.03
4987,Maharashtra,Satara,Potato,Zaid,2024,53.01,709.73,35.19,44.92,61.24,11.2,68.46,6.26,Rainfed,105.61,18.52,5.0,265.05,2151.54,570265.68
4988,Maharashtra,Kolhapur,Maize,Kharif,2022,15.91,331.63,35.45,84.32,125.92,65.25,122.27,6.76,Drip,68.46,27.56,4.24,67.46,2156.63,145486.26
4989,Kerala,Palakkad,Sugarcane,Rabi,2018,2.58,704.69,22.53,91.0,105.44,45.46,135.1,6.1,Rainfed,35.61,26.18,6.25,16.12,3280.04,52874.24
4990,Andhra Pradesh,Krishna,Cotton,Rabi,2025,22.33,1300.35,26.26,49.53,88.24,66.58,145.44,6.4,Drip,73.44,23.91,3.87,86.42,6717.85,580556.6
4991,Telangana,Karimnagar,Sugarcane,Rabi,2018,12.25,558.5,34.78,80.21,99.83,29.54,33.7,5.29,Sprinkler,145.01,27.47,7.66,93.84,3811.16,357639.25
4992,Maharashtra,Nashik,Sugarcane,Kharif,2021,93.63,1630.96,18.12,77.96,67.24,73.73,58.84,6.85,Drip,81.45,10.27,8.85,828.63,3582.51,2968575.26
4993,Tamil Nadu,Salem,Groundnut,Rabi,2024,65.43,1261.02,25.5,93.53,130.33,17.86,88.06,8.18,Sprinkler,244.09,24.24,3.34,218.54,4963.73,1084773.55
4994,Haryana,Panipat,Sugarcane,Zaid,2022,27.35,1219.5,32.16,63.5,132.41,63.79,41.87,7.34,Sprinkler,118.79,70.12,8.37,228.92,3226.35,738576.04
4995,Maharashtra,Pune,Millet,Kharif,2024,94.46,1498.13,20.43,71.88,115.14,48.24,46.19,7.76,Sprinkler,161.59,68.67,3.09,291.88,3143.92,917647.37
4996,Tamil Nadu,Madurai,Tomato,Rabi,2025,65.86,1745.31,21.1,65.51,125.62,38.0,43.98,6.69,Rainfed,70.65,69.01,5.13,337.86,2913.85,984473.36
4997,Uttar Pradesh,Agra,Sugarcane,Rabi,2024,75.29,1768.82,25.33,86.21,57.27,44.49,77.99,6.74,Drip,247.94,64.73,10.43,785.27,3732.12,2930721.87
4998,Telangana,Nalgonda,Sugarcane,Kharif,2024,90.78,1337.45,19.68,58.5,117.4,60.52,71.07,6.2,Rainfed,177.35,12.98,7.24,657.25,4077.07,2679654.26
4999,Andhra Pradesh,Kurnool,Potato,Rabi,2022,95.63,345.19,35.75,66.03,128.54,96.64,19.8,7.13,Borewell,82.22,48.36,5.33,509.71,1890.1,963402.87
5000,Andhra Pradesh,Chittoor,Onion,Zaid,2023,48.25,544.37,35.41,71.92,92.2,43.29,47.78,7.84,Drip,237.05,14.87,6.1,294.32,1979.35,582562.29
